MFR URL,Ref URL 1,Ref URL 2,Ref URL 3,Ref URL 4,Ref URL 5,PART_NUMBER,Dept,Class,Fine,SKU - MY_PART_NUMBER,Mfg_Part_Num,Part_Desc,E1_Brand,Unilog_Brand,DIB_Brand,Part_Manuf,MANUFACTURER_NAME,BRAND_NAME,TRADE_NAME,MANUFACTURER_PART_NUMBER,ALTERNATE_PART_NUMBER,Classpath,MOBILE_DESC,INVOICE_DESC,SHORT_DESC,LONG_DESC1,RETAIL_DESC,MARKETING_DESCRIPTION,ITEM_FEATURES_1,ITEM_FEATURES_2,ITEM_FEATURES_3,ITEM_FEATURES_4,ITEM_FEATURES_5,ITEM_FEATURES_6,ITEM_FEATURES_7,ITEM_FEATURES_8,ITEM_FEATURES_9,ITEM_FEATURES_10,ITEM_FEATURES_11,ITEM_FEATURES_12,ITEM_FEATURES_13,ITEM_FEATURES_14,ITEM_FEATURES_15,ITEM_FEATURES_16,ITEM_FEATURES_17,ITEM_FEATURES_18,ITEM_FEATURES_19,ITEM_FEATURES_20,With,Standard/Approvals,Prop 65,Application,Includes,Product Name,ATTRIBUTE_LABEL 1,ATTRIBUTE_VALUE 1,ATTRIBUTE_UOM 1,ATTRIBUTE_LABEL 2,ATTRIBUTE_VALUE 2,ATTRIBUTE_UOM 2,ATTRIBUTE_LABEL 3,ATTRIBUTE_VALUE 3,ATTRIBUTE_UOM 3,ATTRIBUTE_LABEL 4,ATTRIBUTE_VALUE 4,ATTRIBUTE_UOM 4,ATTRIBUTE_LABEL 5,ATTRIBUTE_VALUE 5,ATTRIBUTE_UOM 5,ATTRIBUTE_LABEL 6,ATTRIBUTE_VALUE 6,ATTRIBUTE_UOM 6,ATTRIBUTE_LABEL 7,ATTRIBUTE_VALUE 7,ATTRIBUTE_UOM 7,ATTRIBUTE_LABEL 8,ATTRIBUTE_VALUE 8,ATTRIBUTE_UOM 8,ATTRIBUTE_LABEL 9,ATTRIBUTE_VALUE 9,ATTRIBUTE_UOM 9,ATTRIBUTE_LABEL 10,ATTRIBUTE_VALUE 10,ATTRIBUTE_UOM 10,ATTRIBUTE_LABEL 11,ATTRIBUTE_VALUE 11,ATTRIBUTE_UOM 11,ATTRIBUTE_LABEL 12,ATTRIBUTE_VALUE 12,ATTRIBUTE_UOM 12,ATTRIBUTE_LABEL 13,ATTRIBUTE_VALUE 13,ATTRIBUTE_UOM 13,ATTRIBUTE_LABEL 14,ATTRIBUTE_VALUE 14,ATTRIBUTE_UOM 14,ATTRIBUTE_LABEL 15,ATTRIBUTE_VALUE 15,ATTRIBUTE_UOM 15,ATTRIBUTE_LABEL 16,ATTRIBUTE_VALUE 16,ATTRIBUTE_UOM 16,ATTRIBUTE_LABEL 17,ATTRIBUTE_VALUE 17,ATTRIBUTE_UOM 17,ATTRIBUTE_LABEL 18,ATTRIBUTE_VALUE 18,ATTRIBUTE_UOM 18,ATTRIBUTE_LABEL 19,ATTRIBUTE_VALUE 19,ATTRIBUTE_UOM 19,ATTRIBUTE_LABEL 20,ATTRIBUTE_VALUE 20,ATTRIBUTE_UOM 20,ATTRIBUTE_LABEL 21,ATTRIBUTE_VALUE 21,ATTRIBUTE_UOM 21,ATTRIBUTE_LABEL 22,ATTRIBUTE_VALUE 22,ATTRIBUTE_UOM 22,ATTRIBUTE_LABEL 23,ATTRIBUTE_VALUE 23,ATTRIBUTE_UOM 23,ATTRIBUTE_LABEL 24,ATTRIBUTE_VALUE 24,ATTRIBUTE_UOM 24,ATTRIBUTE_LABEL 25,ATTRIBUTE_VALUE 25,ATTRIBUTE_UOM 25,ATTRIBUTE_LABEL 26,ATTRIBUTE_VALUE 26,ATTRIBUTE_UOM 26,ATTRIBUTE_LABEL 27,ATTRIBUTE_VALUE 27,ATTRIBUTE_UOM 27,ATTRIBUTE_LABEL 28,ATTRIBUTE_VALUE 28,ATTRIBUTE_UOM 28,ATTRIBUTE_LABEL 29,ATTRIBUTE_VALUE 29,ATTRIBUTE_UOM 29,ATTRIBUTE_LABEL 30,ATTRIBUTE_VALUE 30,ATTRIBUTE_UOM 30,ATTRIBUTE_LABEL 31,ATTRIBUTE_VALUE 31,ATTRIBUTE_UOM 31,ATTRIBUTE_LABEL 32,ATTRIBUTE_VALUE 32,ATTRIBUTE_UOM 32,ATTRIBUTE_LABEL 33,ATTRIBUTE_VALUE 33,ATTRIBUTE_UOM 33,ATTRIBUTE_LABEL 34,ATTRIBUTE_VALUE 34,ATTRIBUTE_UOM 34,ATTRIBUTE_LABEL 35,ATTRIBUTE_VALUE 35,ATTRIBUTE_UOM 35,ATTRIBUTE_LABEL 36,ATTRIBUTE_VALUE 36,ATTRIBUTE_UOM 36,ATTRIBUTE_LABEL 37,ATTRIBUTE_VALUE 37,ATTRIBUTE_UOM 37,ATTRIBUTE_LABEL 38,ATTRIBUTE_VALUE 38,ATTRIBUTE_UOM 38,ATTRIBUTE_LABEL 39,ATTRIBUTE_VALUE 39,ATTRIBUTE_UOM 39,ATTRIBUTE_LABEL 40,ATTRIBUTE_VALUE 40,ATTRIBUTE_UOM 40,ATTRIBUTE_LABEL 41,ATTRIBUTE_VALUE 41,ATTRIBUTE_UOM 41,ATTRIBUTE_LABEL 42,ATTRIBUTE_VALUE 42,ATTRIBUTE_UOM 42,ATTRIBUTE_LABEL 43,ATTRIBUTE_VALUE 43,ATTRIBUTE_UOM 43,ATTRIBUTE_LABEL 44,ATTRIBUTE_VALUE 44,ATTRIBUTE_UOM 44,ATTRIBUTE_LABEL 45,ATTRIBUTE_VALUE 45,ATTRIBUTE_UOM 45,ATTRIBUTE_LABEL 46,ATTRIBUTE_VALUE 46,ATTRIBUTE_UOM 46,ATTRIBUTE_LABEL 47,ATTRIBUTE_VALUE 47,ATTRIBUTE_UOM 47,ATTRIBUTE_LABEL 48,ATTRIBUTE_VALUE 48,ATTRIBUTE_UOM 48,ATTRIBUTE_LABEL 49,ATTRIBUTE_VALUE 49,ATTRIBUTE_UOM 49,ATTRIBUTE_LABEL 50,ATTRIBUTE_VALUE 50,ATTRIBUTE_UOM 50,UPC,EAN,GTIN,UNSPSC,Warranty,List Price,Selling Qty,Selling UOM,Standard Packaging Information,LENGTH,LENGTH_UOM,HEIGHT,HEIGHT_UOM,WIDTH,WIDTH_UOM,WEIGHT,WEIGHT_UOM,VOLUME,VOLUME_UOM,Product Image,Alternate Image 1,Alternate Image 2,Alternate Image 3,Alternate Image 4,SDS,SDS_1,Warranty Information,Catalog,Specification Sheet,Instruction/Installation Manual,Service Manual,Owners/User Manual,Line Drawing,MTR,RoHS,Full Engineering Drawing,Energy Star Guide,Technical Bulletin,Submittal,Compatibility Chart,Size Chart,Product Label/Insert,Video Link,Video Link 1,Country Of Origin,Discontinued,Actual Image (Yes/No)
https://diablotools.com/products/DCB518ASTS06G,,,,,,,Tools,Industrial,General,,DCB518ASTS06G,"DCB518ASTS06G Diablo 1/2""x18"" - Sanding Belt 6pc",-- Unbranded --,-- No Unilog Brand --,-- No DIB Brand --,Freud Inc (2435),Freud Inc,Diablo,,DCB518ASTS06G,DCB518ASTS06G,Tools > Industrial > General,Freud Inc DCB518ASTS06G (Product Title: DCB518ASTS06G),FREUD INC DCB518ASTS06G DCB518ASTS06G,"Freud Inc DCB518ASTS06G, DCB518ASTS06G","Freud Inc DCB518ASTS06G (MPN: DCB518ASTS06G) in the Tools > Industrial > General category. Specifications: Product Title: DCB518ASTS06G; Product Description: Learn all about #DCB518ASTS06G. Diablo's 1/2"" x 18"" detail file sanding belts include break-through innovations that improve performance. Product Title: DCB518ASTS06G","Freud Inc DCB518ASTS06G (DCB518ASTS06G) in Industrial. Key technical details include product title of DCB518ASTS06G, product description of Learn all about #DCB518ASTS06G. Diablo's 1/2"" x 18"" detail file sanding belts include break-through innovations that improve performance. Product Title: DCB518ASTS06G","Freud Inc DCB518ASTS06G (DCB518ASTS06G) in Industrial. Key technical details include product title of DCB518ASTS06G, product description of Learn all about #DCB518ASTS06G. Diablo's 1/2"" x 18"" detail file sanding belts include break-through innovations that improve performance. Product Title: DCB518ASTS06G",Product Title: DCB518ASTS06G,"Title: DCB518ASTS06G | Sanding | Sanding Belts | 1/2"" x 18"" - Diablo Tools","Product Description: Learn all about #DCB518ASTS06G. Diablo's 1/2"" x 18"" detail file sanding belts include break-through innovations that improve performance",,,,,,,,,,,,,,,,,,,,,,,DCB518ASTS06G,Product Title,DCB518ASTS06G,,Product Description,"Learn all about #DCB518ASTS06G. Diablo's 1/2"" x 18"" detail file sanding belts include break-through innovations that improve performance",,,,,,,,,,,,,,,,,,,,,,,,,,,,,,,,,,,,,,,,,,,,,,,,,,,,,,,,,,,,,,,,,,,,,,,,,,,,,,,,,,,,,,,,,,,,,,,,,,,,,,,,,,,,,,,,,,,,,,,,,,,,,,,,,,,,,,,,,,,,,,,,,,,,,,,,,,,,,,,,,,,,,https://ik.imagekit.io/freud/tr:w-1200/img/1000/3ba600133508f5d01ae2ba794ee1f2f35c705084.png,,,,,,,,,,,,,,,,,,,,,,,,,,,Yes
,,,,,,,Tools,Industrial,General,,3MABR-7100075678,3M 775L Stikit Film P150 - Cubitron II 50 Disc/Box,-- Unbranded --,-- No Unilog Brand --,-- No DIB Brand --,Jam Industrial Supply LLC (JAMIN),3m,3M,,3MABR-7100075678,3MABR-7100075678,Tools > Industrial > General,Jam Industrial Supply LLC 3MABR-7100075678 3M 775L Stikit Film P150 - Cubitron II 50 Disc/Box,JAM INDUSTRIAL SUPPLY LLC 3MABR-7100075678 3M 775L STIKIT FI,Jam Industrial Supply LLC 3MABR-7100075678 3M 775L Stikit Film P150 - Cubitron II 50 Disc/Box,Jam Industrial Supply LLC 3M 775L Stikit Film P150 - Cubitron II 50 Disc/Box (MPN: 3MABR-7100075678) in the Tools > Industrial > General category.,Jam Industrial Supply LLC 3M 775L Stikit Film P150 - Cubitron II 50 Disc/Box (3MABR-7100075678) in Industrial.,Jam Industrial Supply LLC 3M 775L Stikit Film P150 - Cubitron II 50 Disc/Box (3MABR-7100075678) in Industrial.,,,,,,,,,,,,,,,,,,,,,,,,,,,,,,,,,,,,,,,,,,,,,,,,,,,,,,,,,,,,,,,,,,,,,,,,,,,,,,,,,,,,,,,,,,,,,,,,,,,,,,,,,,,,,,,,,,,,,,,,,,,,,,,,,,,,,,,,,,,,,,,,,,,,,,,,,,,,,,,,,,,,,,,,,,,,,,,,,,,,,,,,,,,,,,,,,,,,,,,,,,,,,,,,,,,,,,,,,,,,,,,No
,,,,,,,Tools,Industrial,General,,3MABR-7100045865,3M 775L Stikit Film P120 - Cubitron II 50 Disc/Box,-- Unbranded --,-- No Unilog Brand --,-- No DIB Brand --,Jam Industrial Supply LLC (JAMIN),3m,3M,,3MABR-7100045865,3MABR-7100045865,Tools > Industrial > General,Jam Industrial Supply LLC 3MABR-7100045865 3M 775L Stikit Film P120 - Cubitron II 50 Disc/Box,JAM INDUSTRIAL SUPPLY LLC 3MABR-7100045865 3M 775L STIKIT FI,Jam Industrial Supply LLC 3MABR-7100045865 3M 775L Stikit Film P120 - Cubitron II 50 Disc/Box,Jam Industrial Supply LLC 3M 775L Stikit Film P120 - Cubitron II 50 Disc/Box (MPN: 3MABR-7100045865) in the Tools > Industrial > General category.,Jam Industrial Supply LLC 3M 775L Stikit Film P120 - Cubitron II 50 Disc/Box (3MABR-7100045865) in Industrial.,Jam Industrial Supply LLC 3M 775L Stikit Film P120 - Cubitron II 50 Disc/Box (3MABR-7100045865) in Industrial.,,,,,,,,,,,,,,,,,,,,,,,,,,,,,,,,,,,,,,,,,,,,,,,,,,,,,,,,,,,,,,,,,,,,,,,,,,,,,,,,,,,,,,,,,,,,,,,,,,,,,,,,,,,,,,,,,,,,,,,,,,,,,,,,,,,,,,,,,,,,,,,,,,,,,,,,,,,,,,,,,,,,,,,,,,,,,,,,,,,,,,,,,,,,,,,,,,,,,,,,,,,,,,,,,,,,,,,,,,,,,,,No
,,,,,,,Tools,Industrial,General,,3MABR-7100048736,3M 775L Stikit Film P80 - Cubitron II 50 Disc/Box,-- Unbranded --,-- No Unilog Brand --,-- No DIB Brand --,Jam Industrial Supply LLC (JAMIN),3m,3M,,3MABR-7100048736,3MABR-7100048736,Tools > Industrial > General,Jam Industrial Supply LLC 3MABR-7100048736 3M 775L Stikit Film P80 - Cubitron II 50 Disc/Box,JAM INDUSTRIAL SUPPLY LLC 3MABR-7100048736 3M 775L STIKIT FI,Jam Industrial Supply LLC 3MABR-7100048736 3M 775L Stikit Film P80 - Cubitron II 50 Disc/Box,Jam Industrial Supply LLC 3M 775L Stikit Film P80 - Cubitron II 50 Disc/Box (MPN: 3MABR-7100048736) in the Tools > Industrial > General category.,Jam Industrial Supply LLC 3M 775L Stikit Film P80 - Cubitron II 50 Disc/Box (3MABR-7100048736) in Industrial.,Jam Industrial Supply LLC 3M 775L Stikit Film P80 - Cubitron II 50 Disc/Box (3MABR-7100048736) in Industrial.,,,,,,,,,,,,,,,,,,,,,,,,,,,,,,,,,,,,,,,,,,,,,,,,,,,,,,,,,,,,,,,,,,,,,,,,,,,,,,,,,,,,,,,,,,,,,,,,,,,,,,,,,,,,,,,,,,,,,,,,,,,,,,,,,,,,,,,,,,,,,,,,,,,,,,,,,,,,,,,,,,,,,,,,,,,,,,,,,,,,,,,,,,,,,,,,,,,,,,,,,,,,,,,,,,,,,,,,,,,,,,,No
,,,,,,,Tools,Industrial,General,,3MABR-7100075690,3M 775L Stikit Film P180 - Cubitron II 50 Disc/Box,-- Unbranded --,-- No Unilog Brand --,-- No DIB Brand --,Jam Industrial Supply LLC (JAMIN),3m,3M,,3MABR-7100075690,3MABR-7100075690,Tools > Industrial > General,Jam Industrial Supply LLC 3MABR-7100075690 3M 775L Stikit Film P180 - Cubitron II 50 Disc/Box,JAM INDUSTRIAL SUPPLY LLC 3MABR-7100075690 3M 775L STIKIT FI,Jam Industrial Supply LLC 3MABR-7100075690 3M 775L Stikit Film P180 - Cubitron II 50 Disc/Box,Jam Industrial Supply LLC 3M 775L Stikit Film P180 - Cubitron II 50 Disc/Box (MPN: 3MABR-7100075690) in the Tools > Industrial > General category.,Jam Industrial Supply LLC 3M 775L Stikit Film P180 - Cubitron II 50 Disc/Box (3MABR-7100075690) in Industrial.,Jam Industrial Supply LLC 3M 775L Stikit Film P180 - Cubitron II 50 Disc/Box (3MABR-7100075690) in Industrial.,,,,,,,,,,,,,,,,,,,,,,,,,,,,,,,,,,,,,,,,,,,,,,,,,,,,,,,,,,,,,,,,,,,,,,,,,,,,,,,,,,,,,,,,,,,,,,,,,,,,,,,,,,,,,,,,,,,,,,,,,,,,,,,,,,,,,,,,,,,,,,,,,,,,,,,,,,,,,,,,,,,,,,,,,,,,,,,,,,,,,,,,,,,,,,,,,,,,,,,,,,,,,,,,,,,,,,,,,,,,,,,No
,,,,,,,Tools,Industrial,General,,3MABR-7100075692,3M 775L Stikit Film P220 - Cubitron II 50 Disc/Box,-- Unbranded --,-- No Unilog Brand --,-- No DIB Brand --,Jam Industrial Supply LLC (JAMIN),3m,3M,,3MABR-7100075692,3MABR-7100075692,Tools > Industrial > General,Jam Industrial Supply LLC 3MABR-7100075692 3M 775L Stikit Film P220 - Cubitron II 50 Disc/Box,JAM INDUSTRIAL SUPPLY LLC 3MABR-7100075692 3M 775L STIKIT FI,Jam Industrial Supply LLC 3MABR-7100075692 3M 775L Stikit Film P220 - Cubitron II 50 Disc/Box,Jam Industrial Supply LLC 3M 775L Stikit Film P220 - Cubitron II 50 Disc/Box (MPN: 3MABR-7100075692) in the Tools > Industrial > General category.,Jam Industrial Supply LLC 3M 775L Stikit Film P220 - Cubitron II 50 Disc/Box (3MABR-7100075692) in Industrial.,Jam Industrial Supply LLC 3M 775L Stikit Film P220 - Cubitron II 50 Disc/Box (3MABR-7100075692) in Industrial.,,,,,,,,,,,,,,,,,,,,,,,,,,,,,,,,,,,,,,,,,,,,,,,,,,,,,,,,,,,,,,,,,,,,,,,,,,,,,,,,,,,,,,,,,,,,,,,,,,,,,,,,,,,,,,,,,,,,,,,,,,,,,,,,,,,,,,,,,,,,,,,,,,,,,,,,,,,,,,,,,,,,,,,,,,,,,,,,,,,,,,,,,,,,,,,,,,,,,,,,,,,,,,,,,,,,,,,,,,,,,,,No
,,,,,,,Tools,Industrial,General,,3MABR-7100145365,3M 775L Stikit Film P320 - Cubitron II 50 Disc/Box,-- Unbranded --,-- No Unilog Brand --,-- No DIB Brand --,Jam Industrial Supply LLC (JAMIN),3m,3M,,3MABR-7100145365,3MABR-7100145365,Tools > Industrial > General,Jam Industrial Supply LLC 3MABR-7100145365 3M 775L Stikit Film P320 - Cubitron II 50 Disc/Box,JAM INDUSTRIAL SUPPLY LLC 3MABR-7100145365 3M 775L STIKIT FI,Jam Industrial Supply LLC 3MABR-7100145365 3M 775L Stikit Film P320 - Cubitron II 50 Disc/Box,Jam Industrial Supply LLC 3M 775L Stikit Film P320 - Cubitron II 50 Disc/Box (MPN: 3MABR-7100145365) in the Tools > Industrial > General category.,Jam Industrial Supply LLC 3M 775L Stikit Film P320 - Cubitron II 50 Disc/Box (3MABR-7100145365) in Industrial.,Jam Industrial Supply LLC 3M 775L Stikit Film P320 - Cubitron II 50 Disc/Box (3MABR-7100145365) in Industrial.,,,,,,,,,,,,,,,,,,,,,,,,,,,,,,,,,,,,,,,,,,,,,,,,,,,,,,,,,,,,,,,,,,,,,,,,,,,,,,,,,,,,,,,,,,,,,,,,,,,,,,,,,,,,,,,,,,,,,,,,,,,,,,,,,,,,,,,,,,,,,,,,,,,,,,,,,,,,,,,,,,,,,,,,,,,,,,,,,,,,,,,,,,,,,,,,,,,,,,,,,,,,,,,,,,,,,,,,,,,,,,,No
,,,,,,,Tools,Industrial,General,,5B-332-080,"5B-332-080 HIOLIT 5"" P80",-- Unbranded --,-- No Unilog Brand --,-- No DIB Brand --,Mirka Abrasives Inc (MIRUS),mirka abrasives,Mirka,,5B-332-080,5B-332-080,Tools > Industrial > General,"Mirka Abrasives Inc 5B-332-080 HIOLIT 5"" P80","MIRKA ABRASIVES INC 5B-332-080 HIOLIT 5"" P80","Mirka Abrasives Inc 5B-332-080 HIOLIT 5"" P80","Mirka Abrasives Inc HIOLIT 5"" P80 (MPN: 5B-332-080) in the Tools > Industrial > General category.","Mirka Abrasives Inc HIOLIT 5"" P80 (5B-332-080) in Industrial.","Mirka Abrasives Inc HIOLIT 5"" P80 (5B-332-080) in Industrial.",,,,,,,,,,,,,,,,,,,,,,,,,,,,,,,,,,,,,,,,,,,,,,,,,,,,,,,,,,,,,,,,,,,,,,,,,,,,,,,,,,,,,,,,,,,,,,,,,,,,,,,,,,,,,,,,,,,,,,,,,,,,,,,,,,,,,,,,,,,,,,,,,,,,,,,,,,,,,,,,,,,,,,,,,,,,,,,,,,,,,,,,,,,,,,,,,,,,,,,,,,,,,,,,,,,,,,,,,,,,,,,No
,,,,,,,Tools,Industrial,General,,5B-332-120,"5B-332-120 HIOLIT 5"" P120",-- Unbranded --,-- No Unilog Brand --,-- No DIB Brand --,Mirka Abrasives Inc (MIRUS),mirka abrasives,Mirka,,5B-332-120,5B-332-120,Tools > Industrial > General,"Mirka Abrasives Inc 5B-332-120 HIOLIT 5"" P120","MIRKA ABRASIVES INC 5B-332-120 HIOLIT 5"" P120","Mirka Abrasives Inc 5B-332-120 HIOLIT 5"" P120","Mirka Abrasives Inc HIOLIT 5"" P120 (MPN: 5B-332-120) in the Tools > Industrial > General category.","Mirka Abrasives Inc HIOLIT 5"" P120 (5B-332-120) in Industrial.","Mirka Abrasives Inc HIOLIT 5"" P120 (5B-332-120) in Industrial.",,,,,,,,,,,,,,,,,,,,,,,,,,,,,,,,,,,,,,,,,,,,,,,,,,,,,,,,,,,,,,,,,,,,,,,,,,,,,,,,,,,,,,,,,,,,,,,,,,,,,,,,,,,,,,,,,,,,,,,,,,,,,,,,,,,,,,,,,,,,,,,,,,,,,,,,,,,,,,,,,,,,,,,,,,,,,,,,,,,,,,,,,,,,,,,,,,,,,,,,,,,,,,,,,,,,,,,,,,,,,,,No
,,,,,,,Tools,Industrial,General,,9A-570-240,9A-570-240 Abranet 2.75x30,-- Unbranded --,-- No Unilog Brand --,-- No DIB Brand --,Mirka Abrasives Inc (MIRUS),mirka abrasives,Mirka,,9A-570-240,9A-570-240,Tools > Industrial > General,Mirka Abrasives Inc 9A-570-240 Abranet 2.75x30,MIRKA ABRASIVES INC 9A-570-240 ABRANET 2.75X30,Mirka Abrasives Inc 9A-570-240 Abranet 2.75x30,Mirka Abrasives Inc Abranet 2.75x30 (MPN: 9A-570-240) in the Tools > Industrial > General category.,Mirka Abrasives Inc Abranet 2.75x30 (9A-570-240) in Industrial.,Mirka Abrasives Inc Abranet 2.75x30 (9A-570-240) in Industrial.,,,,,,,,,,,,,,,,,,,,,,,,,,,,,,,,,,,,,,,,,,,,,,,,,,,,,,,,,,,,,,,,,,,,,,,,,,,,,,,,,,,,,,,,,,,,,,,,,,,,,,,,,,,,,,,,,,,,,,,,,,,,,,,,,,,,,,,,,,,,,,,,,,,,,,,,,,,,,,,,,,,,,,,,,,,,,,,,,,,,,,,,,,,,,,,,,,,,,,,,,,,,,,,,,,,,,,,,,,,,,,,No
,,,,,,,Tools,Industrial,General,,9A-570-320,9A-570-320 Abranet 2.75x30,-- Unbranded --,-- No Unilog Brand --,-- No DIB Brand --,Mirka Abrasives Inc (MIRUS),mirka abrasives,Mirka,,9A-570-320,9A-570-320,Tools > Industrial > General,Mirka Abrasives Inc 9A-570-320 Abranet 2.75x30,MIRKA ABRASIVES INC 9A-570-320 ABRANET 2.75X30,Mirka Abrasives Inc 9A-570-320 Abranet 2.75x30,Mirka Abrasives Inc Abranet 2.75x30 (MPN: 9A-570-320) in the Tools > Industrial > General category.,Mirka Abrasives Inc Abranet 2.75x30 (9A-570-320) in Industrial.,Mirka Abrasives Inc Abranet 2.75x30 (9A-570-320) in Industrial.,,,,,,,,,,,,,,,,,,,,,,,,,,,,,,,,,,,,,,,,,,,,,,,,,,,,,,,,,,,,,,,,,,,,,,,,,,,,,,,,,,,,,,,,,,,,,,,,,,,,,,,,,,,,,,,,,,,,,,,,,,,,,,,,,,,,,,,,,,,,,,,,,,,,,,,,,,,,,,,,,,,,,,,,,,,,,,,,,,,,,,,,,,,,,,,,,,,,,,,,,,,,,,,,,,,,,,,,,,,,,,,No
https://diablotools.com/products/DBD090094101F,,,,,,,Tools,Industrial,General,,DBD090094101F,"DBD090094101F Diablo 9"" - Metal Cut-Off Disc",-- Unbranded --,-- No Unilog Brand --,-- No DIB Brand --,Freud Inc (2435),Freud Inc,Diablo,,DBD090094101F,DBD090094101F,Tools > Industrial > General,Freud Inc DBD090094101F (Product Title: DBD090094101F),FREUD INC DBD090094101F DBD090094101F,"Freud Inc DBD090094101F, DBD090094101F",Freud Inc DBD090094101F (MPN: DBD090094101F) in the Tools > Industrial > General category. Specifications: Product Title: DBD090094101F; Product Description: Learn all about #DBD090094101F. Diablo's premium cut-off discs provide premium performance and increased productivity in metal cutting applications. Featuring an aluminum oxide blend. Product Title: DBD090094101F,"Freud Inc DBD090094101F (DBD090094101F) in Industrial. Key technical details include product title of DBD090094101F, product description of Learn all about #DBD090094101F. Diablo's premium cut-off discs provide premium performance and increased productivity in metal cutting applications. Featuring an aluminum oxide blend. Product Title: DBD090094101F","Freud Inc DBD090094101F (DBD090094101F) in Industrial. Key technical details include product title of DBD090094101F, product description of Learn all about #DBD090094101F. Diablo's premium cut-off discs provide premium performance and increased productivity in metal cutting applications. Featuring an aluminum oxide blend. Product Title: DBD090094101F",Product Title: DBD090094101F,Title: DBD090094101F | Cut-Off & Grinding Discs | Metal Cutting | Bonded Abrasive - Diablo Tools,Product Description: Learn all about #DBD090094101F. Diablo's premium cut-off discs provide premium performance and increased productivity in metal cutting applications. Featuring an aluminum oxide blend,,,,,,,,,,,,,,,,,,,,,,,DBD090094101F,Product Title,DBD090094101F,,Product Description,Learn all about #DBD090094101F. Diablo's premium cut-off discs provide premium performance and increased productivity in metal cutting applications. Featuring an aluminum oxide blend,,,,,,,,,,,,,,,,,,,,,,,,,,,,,,,,,,,,,,,,,,,,,,,,,,,,,,,,,,,,,,,,,,,,,,,,,,,,,,,,,,,,,,,,,,,,,,,,,,,,,,,,,,,,,,,,,,,,,,,,,,,,,,,,,,,,,,,,,,,,,,,,,,,,,,,,,,,,,,,,,,,,,https://ik.imagekit.io/freud/tr:w-1200/img/1000/cc76404d8cf7dfefbfab6a62106c527546124b78.png,,,,,,,,,,,,,,,,,,,,,,,,,,,Yes
https://diablotools.com/products/DBDS12125A01F,,,,,,,Tools,Industrial,General,,DBDS12125A01F,"DBDS12125A01F Diablo 12"" - Steel Demon Metal Cut-Off Disc",-- Unbranded --,-- No Unilog Brand --,-- No DIB Brand --,Freud Inc (2435),Freud Inc,Diablo,,DBDS12125A01F,DBDS12125A01F,Tools > Industrial > General,Freud Inc DBDS12125A01F (Product Title: DBDS12125A01F),FREUD INC DBDS12125A01F DBDS12125A01F,"Freud Inc DBDS12125A01F, DBDS12125A01F, Learn all about #DBDS12125A01F. Diablo's Steel Demon™ metal cut-off discs deliver industrial performance",Freud Inc DBDS12125A01F (MPN: DBDS12125A01F) in the Tools > Industrial > General category. Specifications: Product Title: DBDS12125A01F; Product Description: Learn all about #DBDS12125A01F. Diablo's Steel Demon™ metal cut-off discs deliver industrial performance. Product Title: DBDS12125A01F,"Freud Inc DBDS12125A01F (DBDS12125A01F) in Industrial. Key technical details include product title of DBDS12125A01F, product description of Learn all about #DBDS12125A01F. Diablo's Steel Demon™ metal cut-off discs deliver industrial performance. Product Title: DBDS12125A01F","Freud Inc DBDS12125A01F (DBDS12125A01F) in Industrial. Key technical details include product title of DBDS12125A01F, product description of Learn all about #DBDS12125A01F. Diablo's Steel Demon™ metal cut-off discs deliver industrial performance. Product Title: DBDS12125A01F",Product Title: DBDS12125A01F,Title: DBDS12125A01F | Cut-Off & Grinding Discs | Metal Cutting | Bonded Abrasive - Diablo Tools,Product Description: Learn all about #DBDS12125A01F. Diablo's Steel Demon™ metal cut-off discs deliver industrial performance,,,,,,,,,,,,,,,,,,,,,,,DBDS12125A01F,Product Title,DBDS12125A01F,,Product Description,Learn all about #DBDS12125A01F. Diablo's Steel Demon™ metal cut-off discs deliver industrial performance,,,,,,,,,,,,,,,,,,,,,,,,,,,,,,,,,,,,,,,,,,,,,,,,,,,,,,,,,,,,,,,,,,,,,,,,,,,,,,,,,,,,,,,,,,,,,,,,,,,,,,,,,,,,,,,,,,,,,,,,,,,,,,,,,,,,,,,,,,,,,,,,,,,,,,,,,,,,,,,,,,,,,https://ik.imagekit.io/freud/tr:w-1200/img/1000/b8b981247334b97d5e18b65c4702e9bc46afddda.png,,,,,,,,,,,,,,,,,,,,,,,,,,,Yes
https://diablotools.com/products/DBDS12125G01F,,,,,,,Tools,Industrial,General,,DBDS12125G01F,"DBDS12125G01F Diablo 12""x20mm - Speed Demon Metal Cut-Off Disc",-- Unbranded --,-- No Unilog Brand --,-- No DIB Brand --,Freud Inc (2435),Freud Inc,Diablo,,DBDS12125G01F,DBDS12125G01F,Tools > Industrial > General,Freud Inc DBDS12125G01F (Product Title: DBDS12125G01F),FREUD INC DBDS12125G01F DBDS12125G01F,"Freud Inc DBDS12125G01F, DBDS12125G01F, Learn all about #DBDS12125G01F. Diablo's Speed Demon™ metal cut-off discs deliver industrial performance",Freud Inc DBDS12125G01F (MPN: DBDS12125G01F) in the Tools > Industrial > General category. Specifications: Product Title: DBDS12125G01F; Product Description: Learn all about #DBDS12125G01F. Diablo's Speed Demon™ metal cut-off discs deliver industrial performance. Product Title: DBDS12125G01F,"Freud Inc DBDS12125G01F (DBDS12125G01F) in Industrial. Key technical details include product title of DBDS12125G01F, product description of Learn all about #DBDS12125G01F. Diablo's Speed Demon™ metal cut-off discs deliver industrial performance. Product Title: DBDS12125G01F","Freud Inc DBDS12125G01F (DBDS12125G01F) in Industrial. Key technical details include product title of DBDS12125G01F, product description of Learn all about #DBDS12125G01F. Diablo's Speed Demon™ metal cut-off discs deliver industrial performance. Product Title: DBDS12125G01F",Product Title: DBDS12125G01F,Title: DBDS12125G01F | Cut-Off & Grinding Discs | Metal Cutting | Bonded Abrasive - Diablo Tools,Product Description: Learn all about #DBDS12125G01F. Diablo's Speed Demon™ metal cut-off discs deliver industrial performance,,,,,,,,,,,,,,,,,,,,,,,DBDS12125G01F,Product Title,DBDS12125G01F,,Product Description,Learn all about #DBDS12125G01F. Diablo's Speed Demon™ metal cut-off discs deliver industrial performance,,,,,,,,,,,,,,,,,,,,,,,,,,,,,,,,,,,,,,,,,,,,,,,,,,,,,,,,,,,,,,,,,,,,,,,,,,,,,,,,,,,,,,,,,,,,,,,,,,,,,,,,,,,,,,,,,,,,,,,,,,,,,,,,,,,,,,,,,,,,,,,,,,,,,,,,,,,,,,,,,,,,,https://ik.imagekit.io/freud/tr:w-1200/img/1000/acb8e79200db77b952429fb931cbabe81846920d.png,,,,,,,,,,,,,,,,,,,,,,,,,,,Yes
https://diablotools.com/products/DBDS14125A01F,,,,,,,Tools,Industrial,General,,DBDS14125A01F,"DBDS14125A01F Diablo 14""x1"" - Steel Demon Metal Cut-Off Disc",-- Unbranded --,-- No Unilog Brand --,-- No DIB Brand --,Freud Inc (2435),Freud Inc,Diablo,,DBDS14125A01F,DBDS14125A01F,Tools > Industrial > General,Freud Inc DBDS14125A01F (Product Title: DBDS14125A01F),FREUD INC DBDS14125A01F DBDS14125A01F,"Freud Inc DBDS14125A01F, DBDS14125A01F, Learn all about #DBDS14125A01F. Diablo's Steel Demon™ metal cut-off discs deliver industrial performance",Freud Inc DBDS14125A01F (MPN: DBDS14125A01F) in the Tools > Industrial > General category. Specifications: Product Title: DBDS14125A01F; Product Description: Learn all about #DBDS14125A01F. Diablo's Steel Demon™ metal cut-off discs deliver industrial performance. Product Title: DBDS14125A01F,"Freud Inc DBDS14125A01F (DBDS14125A01F) in Industrial. Key technical details include product title of DBDS14125A01F, product description of Learn all about #DBDS14125A01F. Diablo's Steel Demon™ metal cut-off discs deliver industrial performance. Product Title: DBDS14125A01F","Freud Inc DBDS14125A01F (DBDS14125A01F) in Industrial. Key technical details include product title of DBDS14125A01F, product description of Learn all about #DBDS14125A01F. Diablo's Steel Demon™ metal cut-off discs deliver industrial performance. Product Title: DBDS14125A01F",Product Title: DBDS14125A01F,Title: DBDS14125A01F | Cut-Off & Grinding Discs | Metal Cutting | Bonded Abrasive - Diablo Tools,Product Description: Learn all about #DBDS14125A01F. Diablo's Steel Demon™ metal cut-off discs deliver industrial performance,,,,,,,,,,,,,,,,,,,,,,,DBDS14125A01F,Product Title,DBDS14125A01F,,Product Description,Learn all about #DBDS14125A01F. Diablo's Steel Demon™ metal cut-off discs deliver industrial performance,,,,,,,,,,,,,,,,,,,,,,,,,,,,,,,,,,,,,,,,,,,,,,,,,,,,,,,,,,,,,,,,,,,,,,,,,,,,,,,,,,,,,,,,,,,,,,,,,,,,,,,,,,,,,,,,,,,,,,,,,,,,,,,,,,,,,,,,,,,,,,,,,,,,,,,,,,,,,,,,,,,,,https://ik.imagekit.io/freud/tr:w-1200/img/1000/d65b258d4acb1f0f7e1f2ad570e90d08093b3e7a.png,,,,,,,,,,,,,,,,,,,,,,,,,,,Yes
https://diablotools.com/products/DBDS14125G01F,,,,,,,Tools,Industrial,General,,DBDS14125G01F,"DBDS14125G01F Diablo 14""x20mm - Steel Demon Metal Cut-Off Disc",-- Unbranded --,-- No Unilog Brand --,-- No DIB Brand --,Freud Inc (2435),Freud Inc,Diablo,,DBDS14125G01F,DBDS14125G01F,Tools > Industrial > General,Freud Inc DBDS14125G01F (Product Title: DBDS14125G01F),FREUD INC DBDS14125G01F DBDS14125G01F,"Freud Inc DBDS14125G01F, DBDS14125G01F, Learn all about #DBDS14125G01F. Diablo's Steel Demon™ metal cut-off discs deliver industrial performance",Freud Inc DBDS14125G01F (MPN: DBDS14125G01F) in the Tools > Industrial > General category. Specifications: Product Title: DBDS14125G01F; Product Description: Learn all about #DBDS14125G01F. Diablo's Steel Demon™ metal cut-off discs deliver industrial performance. Product Title: DBDS14125G01F,"Freud Inc DBDS14125G01F (DBDS14125G01F) in Industrial. Key technical details include product title of DBDS14125G01F, product description of Learn all about #DBDS14125G01F. Diablo's Steel Demon™ metal cut-off discs deliver industrial performance. Product Title: DBDS14125G01F","Freud Inc DBDS14125G01F (DBDS14125G01F) in Industrial. Key technical details include product title of DBDS14125G01F, product description of Learn all about #DBDS14125G01F. Diablo's Steel Demon™ metal cut-off discs deliver industrial performance. Product Title: DBDS14125G01F",Product Title: DBDS14125G01F,Title: DBDS14125G01F | Cut-Off & Grinding Discs | Metal Cutting | Bonded Abrasive - Diablo Tools,Product Description: Learn all about #DBDS14125G01F. Diablo's Steel Demon™ metal cut-off discs deliver industrial performance,,,,,,,,,,,,,,,,,,,,,,,DBDS14125G01F,Product Title,DBDS14125G01F,,Product Description,Learn all about #DBDS14125G01F. Diablo's Steel Demon™ metal cut-off discs deliver industrial performance,,,,,,,,,,,,,,,,,,,,,,,,,,,,,,,,,,,,,,,,,,,,,,,,,,,,,,,,,,,,,,,,,,,,,,,,,,,,,,,,,,,,,,,,,,,,,,,,,,,,,,,,,,,,,,,,,,,,,,,,,,,,,,,,,,,,,,,,,,,,,,,,,,,,,,,,,,,,,,,,,,,,,https://ik.imagekit.io/freud/tr:w-1200/img/1000/95738ae1d844238b685f7b32964d8d1911ef8ee6.png,,,,,,,,,,,,,,,,,,,,,,,,,,,Yes
,,,,,,,Tools,Industrial,General,,49-94-0013,"49-94-0013 Milw 5""x.045""x7/8"" Metal Cut Off Disc",-- Unbranded --,-- No Unilog Brand --,-- No DIB Brand --,Milwaukee Accessory (4031),Milwaukee Accessory,Milwaukee,,49-94-0013,49-94-0013,Tools > Industrial > General,"Milwaukee Accessory 49-94-0013 Milw 5""x.045""x7/8"" Metal Cut Off Disc","MILWAUKEE ACCESSORY 49-94-0013 MILW 5""X.045""X7/8"" METAL CUT","Milwaukee Accessory 49-94-0013 Milw 5""x.045""x7/8"" Metal Cut Off Disc","Milwaukee Accessory Milw 5""x.045""x7/8"" Metal Cut Off Disc (MPN: 49-94-0013) in the Tools > Industrial > General category.","Milwaukee Accessory Milw 5""x.045""x7/8"" Metal Cut Off Disc (49-94-0013) in Industrial.","Milwaukee Accessory Milw 5""x.045""x7/8"" Metal Cut Off Disc (49-94-0013) in Industrial.",,,,,,,,,,,,,,,,,,,,,,,,,,,,,,,,,,,,,,,,,,,,,,,,,,,,,,,,,,,,,,,,,,,,,,,,,,,,,,,,,,,,,,,,,,,,,,,,,,,,,,,,,,,,,,,,,,,,,,,,,,,,,,,,,,,,,,,,,,,,,,,,,,,,,,,,,,,,,,,,,,,,,,,,,,,,,,,,,,,,,,,,,,,,,,,,,,,,,,,,,,,,,,,,,,,,,,,,,,,,,,,No
,,,,,,,Tools,Industrial,General,,49-94-0029,"49-94-0029 Milw 6-1/2""x1/8""x5/8"" DKO Metal Cut Off Disc",-- Unbranded --,-- No Unilog Brand --,-- No DIB Brand --,Milwaukee Accessory (4031),Milwaukee Accessory,Milwaukee,,49-94-0029,49-94-0029,Tools > Industrial > General,"Milwaukee Accessory 49-94-0029 Milw 6-1/2""x1/8""x5/8"" DKO Metal Cut Off Disc","MILWAUKEE ACCESSORY 49-94-0029 MILW 6-1/2""X1/8""X5/8"" DKO MET","Milwaukee Accessory 49-94-0029 Milw 6-1/2""x1/8""x5/8"" DKO Metal Cut Off Disc","Milwaukee Accessory Milw 6-1/2""x1/8""x5/8"" DKO Metal Cut Off Disc (MPN: 49-94-0029) in the Tools > Industrial > General category.","Milwaukee Accessory Milw 6-1/2""x1/8""x5/8"" DKO Metal Cut Off Disc (49-94-0029) in Industrial.","Milwaukee Accessory Milw 6-1/2""x1/8""x5/8"" DKO Metal Cut Off Disc (49-94-0029) in Industrial.",,,,,,,,,,,,,,,,,,,,,,,,,,,,,,,,,,,,,,,,,,,,,,,,,,,,,,,,,,,,,,,,,,,,,,,,,,,,,,,,,,,,,,,,,,,,,,,,,,,,,,,,,,,,,,,,,,,,,,,,,,,,,,,,,,,,,,,,,,,,,,,,,,,,,,,,,,,,,,,,,,,,,,,,,,,,,,,,,,,,,,,,,,,,,,,,,,,,,,,,,,,,,,,,,,,,,,,,,,,,,,,No
,,,,,,,Tools,Industrial,General,,49-94-0033,"49-94-0033 Milw 7""x1/16""x7/8"" Metal Cut Off Disc",-- Unbranded --,-- No Unilog Brand --,-- No DIB Brand --,Milwaukee Accessory (4031),Milwaukee Accessory,Milwaukee,,49-94-0033,49-94-0033,Tools > Industrial > General,"Milwaukee Accessory 49-94-0033 Milw 7""x1/16""x7/8"" Metal Cut Off Disc","MILWAUKEE ACCESSORY 49-94-0033 MILW 7""X1/16""X7/8"" METAL CUT","Milwaukee Accessory 49-94-0033 Milw 7""x1/16""x7/8"" Metal Cut Off Disc","Milwaukee Accessory Milw 7""x1/16""x7/8"" Metal Cut Off Disc (MPN: 49-94-0033) in the Tools > Industrial > General category.","Milwaukee Accessory Milw 7""x1/16""x7/8"" Metal Cut Off Disc (49-94-0033) in Industrial.","Milwaukee Accessory Milw 7""x1/16""x7/8"" Metal Cut Off Disc (49-94-0033) in Industrial.",,,,,,,,,,,,,,,,,,,,,,,,,,,,,,,,,,,,,,,,,,,,,,,,,,,,,,,,,,,,,,,,,,,,,,,,,,,,,,,,,,,,,,,,,,,,,,,,,,,,,,,,,,,,,,,,,,,,,,,,,,,,,,,,,,,,,,,,,,,,,,,,,,,,,,,,,,,,,,,,,,,,,,,,,,,,,,,,,,,,,,,,,,,,,,,,,,,,,,,,,,,,,,,,,,,,,,,,,,,,,,,No
,,,,,,,Tools,Industrial,General,,49-94-0001,"49-94-0001 Milw 4""x.040""x5/8"" Metal Cut Off Disc",-- Unbranded --,-- No Unilog Brand --,-- No DIB Brand --,Milwaukee Accessory (4031),Milwaukee Accessory,Milwaukee,,49-94-0001,49-94-0001,Tools > Industrial > General,"Milwaukee Accessory 49-94-0001 Milw 4""x.040""x5/8"" Metal Cut Off Disc","MILWAUKEE ACCESSORY 49-94-0001 MILW 4""X.040""X5/8"" METAL CUT","Milwaukee Accessory 49-94-0001 Milw 4""x.040""x5/8"" Metal Cut Off Disc","Milwaukee Accessory Milw 4""x.040""x5/8"" Metal Cut Off Disc (MPN: 49-94-0001) in the Tools > Industrial > General category.","Milwaukee Accessory Milw 4""x.040""x5/8"" Metal Cut Off Disc (49-94-0001) in Industrial.","Milwaukee Accessory Milw 4""x.040""x5/8"" Metal Cut Off Disc (49-94-0001) in Industrial.",,,,,,,,,,,,,,,,,,,,,,,,,,,,,,,,,,,,,,,,,,,,,,,,,,,,,,,,,,,,,,,,,,,,,,,,,,,,,,,,,,,,,,,,,,,,,,,,,,,,,,,,,,,,,,,,,,,,,,,,,,,,,,,,,,,,,,,,,,,,,,,,,,,,,,,,,,,,,,,,,,,,,,,,,,,,,,,,,,,,,,,,,,,,,,,,,,,,,,,,,,,,,,,,,,,,,,,,,,,,,,,No
,,,,,,,Tools,Industrial,General,,49-94-0039,"49-94-0039 Milw 7""x1/8""x5/8"" DKO Metal Cut Off Disc",-- Unbranded --,-- No Unilog Brand --,-- No DIB Brand --,Milwaukee Accessory (4031),Milwaukee Accessory,Milwaukee,,49-94-0039,49-94-0039,Tools > Industrial > General,"Milwaukee Accessory 49-94-0039 Milw 7""x1/8""x5/8"" DKO Metal Cut Off Disc","MILWAUKEE ACCESSORY 49-94-0039 MILW 7""X1/8""X5/8"" DKO METAL C","Milwaukee Accessory 49-94-0039 Milw 7""x1/8""x5/8"" DKO Metal Cut Off Disc","Milwaukee Accessory Milw 7""x1/8""x5/8"" DKO Metal Cut Off Disc (MPN: 49-94-0039) in the Tools > Industrial > General category.","Milwaukee Accessory Milw 7""x1/8""x5/8"" DKO Metal Cut Off Disc (49-94-0039) in Industrial.","Milwaukee Accessory Milw 7""x1/8""x5/8"" DKO Metal Cut Off Disc (49-94-0039) in Industrial.",,,,,,,,,,,,,,,,,,,,,,,,,,,,,,,,,,,,,,,,,,,,,,,,,,,,,,,,,,,,,,,,,,,,,,,,,,,,,,,,,,,,,,,,,,,,,,,,,,,,,,,,,,,,,,,,,,,,,,,,,,,,,,,,,,,,,,,,,,,,,,,,,,,,,,,,,,,,,,,,,,,,,,,,,,,,,,,,,,,,,,,,,,,,,,,,,,,,,,,,,,,,,,,,,,,,,,,,,,,,,,,No
,,,,,,,Tools,Industrial,General,,49-94-0043,"49-94-0043 Milw 9""x3/32""x7/8"" Metal Cut Off Disc",-- Unbranded --,-- No Unilog Brand --,-- No DIB Brand --,Milwaukee Accessory (4031),Milwaukee Accessory,Milwaukee,,49-94-0043,49-94-0043,Tools > Industrial > General,"Milwaukee Accessory 49-94-0043 Milw 9""x3/32""x7/8"" Metal Cut Off Disc","MILWAUKEE ACCESSORY 49-94-0043 MILW 9""X3/32""X7/8"" METAL CUT","Milwaukee Accessory 49-94-0043 Milw 9""x3/32""x7/8"" Metal Cut Off Disc","Milwaukee Accessory Milw 9""x3/32""x7/8"" Metal Cut Off Disc (MPN: 49-94-0043) in the Tools > Industrial > General category.","Milwaukee Accessory Milw 9""x3/32""x7/8"" Metal Cut Off Disc (49-94-0043) in Industrial.","Milwaukee Accessory Milw 9""x3/32""x7/8"" Metal Cut Off Disc (49-94-0043) in Industrial.",,,,,,,,,,,,,,,,,,,,,,,,,,,,,,,,,,,,,,,,,,,,,,,,,,,,,,,,,,,,,,,,,,,,,,,,,,,,,,,,,,,,,,,,,,,,,,,,,,,,,,,,,,,,,,,,,,,,,,,,,,,,,,,,,,,,,,,,,,,,,,,,,,,,,,,,,,,,,,,,,,,,,,,,,,,,,,,,,,,,,,,,,,,,,,,,,,,,,,,,,,,,,,,,,,,,,,,,,,,,,,,No
,,,,,,,Tools,Industrial,General,,49-94-0048,"49-94-0048 Milw 12""x7/64""x1"" Metal Cut Off Disc General Purpose",-- Unbranded --,-- No Unilog Brand --,-- No DIB Brand --,Milwaukee Accessory (4031),Milwaukee Accessory,Milwaukee,,49-94-0048,49-94-0048,Tools > Industrial > General,"Milwaukee Accessory 49-94-0048 Milw 12""x7/64""x1"" Metal Cut Off Disc General Purpose","MILWAUKEE ACCESSORY 49-94-0048 MILW 12""X7/64""X1"" METAL CUT O","Milwaukee Accessory 49-94-0048 Milw 12""x7/64""x1"" Metal Cut Off Disc General Purpose","Milwaukee Accessory Milw 12""x7/64""x1"" Metal Cut Off Disc General Purpose (MPN: 49-94-0048) in the Tools > Industrial > General category.","Milwaukee Accessory Milw 12""x7/64""x1"" Metal Cut Off Disc General Purpose (49-94-0048) in Industrial.","Milwaukee Accessory Milw 12""x7/64""x1"" Metal Cut Off Disc General Purpose (49-94-0048) in Industrial.",,,,,,,,,,,,,,,,,,,,,,,,,,,,,,,,,,,,,,,,,,,,,,,,,,,,,,,,,,,,,,,,,,,,,,,,,,,,,,,,,,,,,,,,,,,,,,,,,,,,,,,,,,,,,,,,,,,,,,,,,,,,,,,,,,,,,,,,,,,,,,,,,,,,,,,,,,,,,,,,,,,,,,,,,,,,,,,,,,,,,,,,,,,,,,,,,,,,,,,,,,,,,,,,,,,,,,,,,,,,,,,No
,,,,,,,Tools,Industrial,General,,49-94-0053,"49-94-0053 Milw 12""x1/8""x1"" Metal Cut Off Disc",-- Unbranded --,-- No Unilog Brand --,-- No DIB Brand --,Milwaukee Accessory (4031),Milwaukee Accessory,Milwaukee,,49-94-0053,49-94-0053,Tools > Industrial > General,"Milwaukee Accessory 49-94-0053 Milw 12""x1/8""x1"" Metal Cut Off Disc","MILWAUKEE ACCESSORY 49-94-0053 MILW 12""X1/8""X1"" METAL CUT OF","Milwaukee Accessory 49-94-0053 Milw 12""x1/8""x1"" Metal Cut Off Disc","Milwaukee Accessory Milw 12""x1/8""x1"" Metal Cut Off Disc (MPN: 49-94-0053) in the Tools > Industrial > General category.","Milwaukee Accessory Milw 12""x1/8""x1"" Metal Cut Off Disc (49-94-0053) in Industrial.","Milwaukee Accessory Milw 12""x1/8""x1"" Metal Cut Off Disc (49-94-0053) in Industrial.",,,,,,,,,,,,,,,,,,,,,,,,,,,,,,,,,,,,,,,,,,,,,,,,,,,,,,,,,,,,,,,,,,,,,,,,,,,,,,,,,,,,,,,,,,,,,,,,,,,,,,,,,,,,,,,,,,,,,,,,,,,,,,,,,,,,,,,,,,,,,,,,,,,,,,,,,,,,,,,,,,,,,,,,,,,,,,,,,,,,,,,,,,,,,,,,,,,,,,,,,,,,,,,,,,,,,,,,,,,,,,,No
,,,,,,,Tools,Industrial,General,,49-94-0058,"49-94-0058 Milw 12""x1/8""x20mm Metal Cut Off Disc",-- Unbranded --,-- No Unilog Brand --,-- No DIB Brand --,Milwaukee Accessory (4031),Milwaukee Accessory,Milwaukee,,49-94-0058,49-94-0058,Tools > Industrial > General,"Milwaukee Accessory 49-94-0058 Milw 12""x1/8""x20mm Metal Cut Off Disc","MILWAUKEE ACCESSORY 49-94-0058 MILW 12""X1/8""X20MM METAL CUT","Milwaukee Accessory 49-94-0058 Milw 12""x1/8""x20mm Metal Cut Off Disc","Milwaukee Accessory Milw 12""x1/8""x20mm Metal Cut Off Disc (MPN: 49-94-0058) in the Tools > Industrial > General category.","Milwaukee Accessory Milw 12""x1/8""x20mm Metal Cut Off Disc (49-94-0058) in Industrial.","Milwaukee Accessory Milw 12""x1/8""x20mm Metal Cut Off Disc (49-94-0058) in Industrial.",,,,,,,,,,,,,,,,,,,,,,,,,,,,,,,,,,,,,,,,,,,,,,,,,,,,,,,,,,,,,,,,,,,,,,,,,,,,,,,,,,,,,,,,,,,,,,,,,,,,,,,,,,,,,,,,,,,,,,,,,,,,,,,,,,,,,,,,,,,,,,,,,,,,,,,,,,,,,,,,,,,,,,,,,,,,,,,,,,,,,,,,,,,,,,,,,,,,,,,,,,,,,,,,,,,,,,,,,,,,,,,No
,,,,,,,Tools,Industrial,General,,49-94-0063,"49-94-0063 Milw 14""x7/64""x1"" Metal Cut Off Disc General Purpose",-- Unbranded --,-- No Unilog Brand --,-- No DIB Brand --,Milwaukee Accessory (4031),Milwaukee Accessory,Milwaukee,,49-94-0063,49-94-0063,Tools > Industrial > General,"Milwaukee Accessory 49-94-0063 Milw 14""x7/64""x1"" Metal Cut Off Disc General Purpose","MILWAUKEE ACCESSORY 49-94-0063 MILW 14""X7/64""X1"" METAL CUT O","Milwaukee Accessory 49-94-0063 Milw 14""x7/64""x1"" Metal Cut Off Disc General Purpose","Milwaukee Accessory Milw 14""x7/64""x1"" Metal Cut Off Disc General Purpose (MPN: 49-94-0063) in the Tools > Industrial > General category.","Milwaukee Accessory Milw 14""x7/64""x1"" Metal Cut Off Disc General Purpose (49-94-0063) in Industrial.","Milwaukee Accessory Milw 14""x7/64""x1"" Metal Cut Off Disc General Purpose (49-94-0063) in Industrial.",,,,,,,,,,,,,,,,,,,,,,,,,,,,,,,,,,,,,,,,,,,,,,,,,,,,,,,,,,,,,,,,,,,,,,,,,,,,,,,,,,,,,,,,,,,,,,,,,,,,,,,,,,,,,,,,,,,,,,,,,,,,,,,,,,,,,,,,,,,,,,,,,,,,,,,,,,,,,,,,,,,,,,,,,,,,,,,,,,,,,,,,,,,,,,,,,,,,,,,,,,,,,,,,,,,,,,,,,,,,,,,No
,,,,,,,Tools,Industrial,General,,49-94-0068,"49-94-0068 Milw 14""x1/8""x20mm Metal Cut Off Disc",-- Unbranded --,-- No Unilog Brand --,-- No DIB Brand --,Milwaukee Accessory (4031),Milwaukee Accessory,Milwaukee,,49-94-0068,49-94-0068,Tools > Industrial > General,"Milwaukee Accessory 49-94-0068 Milw 14""x1/8""x20mm Metal Cut Off Disc","MILWAUKEE ACCESSORY 49-94-0068 MILW 14""X1/8""X20MM METAL CUT","Milwaukee Accessory 49-94-0068 Milw 14""x1/8""x20mm Metal Cut Off Disc","Milwaukee Accessory Milw 14""x1/8""x20mm Metal Cut Off Disc (MPN: 49-94-0068) in the Tools > Industrial > General category.","Milwaukee Accessory Milw 14""x1/8""x20mm Metal Cut Off Disc (49-94-0068) in Industrial.","Milwaukee Accessory Milw 14""x1/8""x20mm Metal Cut Off Disc (49-94-0068) in Industrial.",,,,,,,,,,,,,,,,,,,,,,,,,,,,,,,,,,,,,,,,,,,,,,,,,,,,,,,,,,,,,,,,,,,,,,,,,,,,,,,,,,,,,,,,,,,,,,,,,,,,,,,,,,,,,,,,,,,,,,,,,,,,,,,,,,,,,,,,,,,,,,,,,,,,,,,,,,,,,,,,,,,,,,,,,,,,,,,,,,,,,,,,,,,,,,,,,,,,,,,,,,,,,,,,,,,,,,,,,,,,,,,No
,,,,,,,Tools,Industrial,General,,49-94-0073,"49-94-0073 Milw 14""x1/8""x1"" Metal Cut Off Disc",-- Unbranded --,-- No Unilog Brand --,-- No DIB Brand --,Milwaukee Accessory (4031),Milwaukee Accessory,Milwaukee,,49-94-0073,49-94-0073,Tools > Industrial > General,"Milwaukee Accessory 49-94-0073 Milw 14""x1/8""x1"" Metal Cut Off Disc","MILWAUKEE ACCESSORY 49-94-0073 MILW 14""X1/8""X1"" METAL CUT OF","Milwaukee Accessory 49-94-0073 Milw 14""x1/8""x1"" Metal Cut Off Disc","Milwaukee Accessory Milw 14""x1/8""x1"" Metal Cut Off Disc (MPN: 49-94-0073) in the Tools > Industrial > General category.","Milwaukee Accessory Milw 14""x1/8""x1"" Metal Cut Off Disc (49-94-0073) in Industrial.","Milwaukee Accessory Milw 14""x1/8""x1"" Metal Cut Off Disc (49-94-0073) in Industrial.",,,,,,,,,,,,,,,,,,,,,,,,,,,,,,,,,,,,,,,,,,,,,,,,,,,,,,,,,,,,,,,,,,,,,,,,,,,,,,,,,,,,,,,,,,,,,,,,,,,,,,,,,,,,,,,,,,,,,,,,,,,,,,,,,,,,,,,,,,,,,,,,,,,,,,,,,,,,,,,,,,,,,,,,,,,,,,,,,,,,,,,,,,,,,,,,,,,,,,,,,,,,,,,,,,,,,,,,,,,,,,,No
,,,,,,,Tools,Industrial,General,,49-94-0101,"49-94-0101 Milw 4-1/2""x.045""x7/8"" Perform+ Metal Cut Off Disc 10pc",-- Unbranded --,-- No Unilog Brand --,-- No DIB Brand --,Milwaukee Accessory (4031),Milwaukee Accessory,Milwaukee,,49-94-0101,49-94-0101,Tools > Industrial > General,"Milwaukee Accessory 49-94-0101 Milw 4-1/2""x.045""x7/8"" Perform+ Metal Cut Off Disc 10pc","MILWAUKEE ACCESSORY 49-94-0101 MILW 4-1/2""X.045""X7/8"" PERFOR","Milwaukee Accessory 49-94-0101 Milw 4-1/2""x.045""x7/8"" Perform+ Metal Cut Off Disc 10pc","Milwaukee Accessory Milw 4-1/2""x.045""x7/8"" Perform+ Metal Cut Off Disc 10pc (MPN: 49-94-0101) in the Tools > Industrial > General category.","Milwaukee Accessory Milw 4-1/2""x.045""x7/8"" Perform+ Metal Cut Off Disc 10pc (49-94-0101) in Industrial.","Milwaukee Accessory Milw 4-1/2""x.045""x7/8"" Perform+ Metal Cut Off Disc 10pc (49-94-0101) in Industrial.",,,,,,,,,,,,,,,,,,,,,,,,,,,,,,,,,,,,,,,,,,,,,,,,,,,,,,,,,,,,,,,,,,,,,,,,,,,,,,,,,,,,,,,,,,,,,,,,,,,,,,,,,,,,,,,,,,,,,,,,,,,,,,,,,,,,,,,,,,,,,,,,,,,,,,,,,,,,,,,,,,,,,,,,,,,,,,,,,,,,,,,,,,,,,,,,,,,,,,,,,,,,,,,,,,,,,,,,,,,,,,,No
,,,,,,,Tools,Industrial,General,,49-94-0107,"49-94-0107 Milw 4-1/2""x.045""x7/8"" Performance+ Metal Cut Off Disc",-- Unbranded --,-- No Unilog Brand --,-- No DIB Brand --,Milwaukee Accessory (4031),Milwaukee Accessory,Milwaukee,,49-94-0107,49-94-0107,Tools > Industrial > General,"Milwaukee Accessory 49-94-0107 Milw 4-1/2""x.045""x7/8"" Performance+ Metal Cut Off Disc","MILWAUKEE ACCESSORY 49-94-0107 MILW 4-1/2""X.045""X7/8"" PERFOR","Milwaukee Accessory 49-94-0107 Milw 4-1/2""x.045""x7/8"" Performance+ Metal Cut Off Disc","Milwaukee Accessory Milw 4-1/2""x.045""x7/8"" Performance+ Metal Cut Off Disc (MPN: 49-94-0107) in the Tools > Industrial > General category.","Milwaukee Accessory Milw 4-1/2""x.045""x7/8"" Performance+ Metal Cut Off Disc (49-94-0107) in Industrial.","Milwaukee Accessory Milw 4-1/2""x.045""x7/8"" Performance+ Metal Cut Off Disc (49-94-0107) in Industrial.",,,,,,,,,,,,,,,,,,,,,,,,,,,,,,,,,,,,,,,,,,,,,,,,,,,,,,,,,,,,,,,,,,,,,,,,,,,,,,,,,,,,,,,,,,,,,,,,,,,,,,,,,,,,,,,,,,,,,,,,,,,,,,,,,,,,,,,,,,,,,,,,,,,,,,,,,,,,,,,,,,,,,,,,,,,,,,,,,,,,,,,,,,,,,,,,,,,,,,,,,,,,,,,,,,,,,,,,,,,,,,,No
,,,,,,,Tools,Industrial,General,,49-94-0117,"49-94-0117 Milw 5""x.045""x7/8"" Performance+ Metal Cut Off Disc",-- Unbranded --,-- No Unilog Brand --,-- No DIB Brand --,Milwaukee Accessory (4031),Milwaukee Accessory,Milwaukee,,49-94-0117,49-94-0117,Tools > Industrial > General,"Milwaukee Accessory 49-94-0117 Milw 5""x.045""x7/8"" Performance+ Metal Cut Off Disc","MILWAUKEE ACCESSORY 49-94-0117 MILW 5""X.045""X7/8"" PERFORMANC","Milwaukee Accessory 49-94-0117 Milw 5""x.045""x7/8"" Performance+ Metal Cut Off Disc","Milwaukee Accessory Milw 5""x.045""x7/8"" Performance+ Metal Cut Off Disc (MPN: 49-94-0117) in the Tools > Industrial > General category.","Milwaukee Accessory Milw 5""x.045""x7/8"" Performance+ Metal Cut Off Disc (49-94-0117) in Industrial.","Milwaukee Accessory Milw 5""x.045""x7/8"" Performance+ Metal Cut Off Disc (49-94-0117) in Industrial.",,,,,,,,,,,,,,,,,,,,,,,,,,,,,,,,,,,,,,,,,,,,,,,,,,,,,,,,,,,,,,,,,,,,,,,,,,,,,,,,,,,,,,,,,,,,,,,,,,,,,,,,,,,,,,,,,,,,,,,,,,,,,,,,,,,,,,,,,,,,,,,,,,,,,,,,,,,,,,,,,,,,,,,,,,,,,,,,,,,,,,,,,,,,,,,,,,,,,,,,,,,,,,,,,,,,,,,,,,,,,,,No
,,,,,,,Tools,Industrial,General,,49-94-0123,"49-94-0123 Milw 6""x.045""x7/8"" Performance+ Metal Cut Off Disc",-- Unbranded --,-- No Unilog Brand --,-- No DIB Brand --,Milwaukee Accessory (4031),Milwaukee Accessory,Milwaukee,,49-94-0123,49-94-0123,Tools > Industrial > General,"Milwaukee Accessory 49-94-0123 Milw 6""x.045""x7/8"" Performance+ Metal Cut Off Disc","MILWAUKEE ACCESSORY 49-94-0123 MILW 6""X.045""X7/8"" PERFORMANC","Milwaukee Accessory 49-94-0123 Milw 6""x.045""x7/8"" Performance+ Metal Cut Off Disc","Milwaukee Accessory Milw 6""x.045""x7/8"" Performance+ Metal Cut Off Disc (MPN: 49-94-0123) in the Tools > Industrial > General category.","Milwaukee Accessory Milw 6""x.045""x7/8"" Performance+ Metal Cut Off Disc (49-94-0123) in Industrial.","Milwaukee Accessory Milw 6""x.045""x7/8"" Performance+ Metal Cut Off Disc (49-94-0123) in Industrial.",,,,,,,,,,,,,,,,,,,,,,,,,,,,,,,,,,,,,,,,,,,,,,,,,,,,,,,,,,,,,,,,,,,,,,,,,,,,,,,,,,,,,,,,,,,,,,,,,,,,,,,,,,,,,,,,,,,,,,,,,,,,,,,,,,,,,,,,,,,,,,,,,,,,,,,,,,,,,,,,,,,,,,,,,,,,,,,,,,,,,,,,,,,,,,,,,,,,,,,,,,,,,,,,,,,,,,,,,,,,,,,No
,,,,,,,Tools,Industrial,General,,49-94-0023,"49-94-0023 Milw 6""x.045""x7/8"" Metal Cut Off Disc",-- Unbranded --,-- No Unilog Brand --,-- No DIB Brand --,Milwaukee Accessory (4031),Milwaukee Accessory,Milwaukee,,49-94-0023,49-94-0023,Tools > Industrial > General,"Milwaukee Accessory 49-94-0023 Milw 6""x.045""x7/8"" Metal Cut Off Disc","MILWAUKEE ACCESSORY 49-94-0023 MILW 6""X.045""X7/8"" METAL CUT","Milwaukee Accessory 49-94-0023 Milw 6""x.045""x7/8"" Metal Cut Off Disc","Milwaukee Accessory Milw 6""x.045""x7/8"" Metal Cut Off Disc (MPN: 49-94-0023) in the Tools > Industrial > General category.","Milwaukee Accessory Milw 6""x.045""x7/8"" Metal Cut Off Disc (49-94-0023) in Industrial.","Milwaukee Accessory Milw 6""x.045""x7/8"" Metal Cut Off Disc (49-94-0023) in Industrial.",,,,,,,,,,,,,,,,,,,,,,,,,,,,,,,,,,,,,,,,,,,,,,,,,,,,,,,,,,,,,,,,,,,,,,,,,,,,,,,,,,,,,,,,,,,,,,,,,,,,,,,,,,,,,,,,,,,,,,,,,,,,,,,,,,,,,,,,,,,,,,,,,,,,,,,,,,,,,,,,,,,,,,,,,,,,,,,,,,,,,,,,,,,,,,,,,,,,,,,,,,,,,,,,,,,,,,,,,,,,,,,No
,,,,,,,Tools,Industrial,General,,49-94-0121,"49-94-0121 Milw 6""x.045""x7/8"" Performance+ Metal Cut Off Disc 10pc",-- Unbranded --,-- No Unilog Brand --,-- No DIB Brand --,Milwaukee Accessory (4031),Milwaukee Accessory,Milwaukee,,49-94-0121,49-94-0121,Tools > Industrial > General,"Milwaukee Accessory 49-94-0121 Milw 6""x.045""x7/8"" Performance+ Metal Cut Off Disc 10pc","MILWAUKEE ACCESSORY 49-94-0121 MILW 6""X.045""X7/8"" PERFORMANC","Milwaukee Accessory 49-94-0121 Milw 6""x.045""x7/8"" Performance+ Metal Cut Off Disc 10pc","Milwaukee Accessory Milw 6""x.045""x7/8"" Performance+ Metal Cut Off Disc 10pc (MPN: 49-94-0121) in the Tools > Industrial > General category.","Milwaukee Accessory Milw 6""x.045""x7/8"" Performance+ Metal Cut Off Disc 10pc (49-94-0121) in Industrial.","Milwaukee Accessory Milw 6""x.045""x7/8"" Performance+ Metal Cut Off Disc 10pc (49-94-0121) in Industrial.",,,,,,,,,,,,,,,,,,,,,,,,,,,,,,,,,,,,,,,,,,,,,,,,,,,,,,,,,,,,,,,,,,,,,,,,,,,,,,,,,,,,,,,,,,,,,,,,,,,,,,,,,,,,,,,,,,,,,,,,,,,,,,,,,,,,,,,,,,,,,,,,,,,,,,,,,,,,,,,,,,,,,,,,,,,,,,,,,,,,,,,,,,,,,,,,,,,,,,,,,,,,,,,,,,,,,,,,,,,,,,,No
,,,,,,,Tools,Industrial,General,,49-94-0127,"49-94-0127 Milw 6""x.045""x7/8"" Performance+Metal Cut Off Disc",-- Unbranded --,-- No Unilog Brand --,-- No DIB Brand --,Milwaukee Accessory (4031),Milwaukee Accessory,Milwaukee,,49-94-0127,49-94-0127,Tools > Industrial > General,"Milwaukee Accessory 49-94-0127 Milw 6""x.045""x7/8"" Performance+Metal Cut Off Disc","MILWAUKEE ACCESSORY 49-94-0127 MILW 6""X.045""X7/8"" PERFORMANC","Milwaukee Accessory 49-94-0127 Milw 6""x.045""x7/8"" Performance+Metal Cut Off Disc","Milwaukee Accessory Milw 6""x.045""x7/8"" Performance+Metal Cut Off Disc (MPN: 49-94-0127) in the Tools > Industrial > General category.","Milwaukee Accessory Milw 6""x.045""x7/8"" Performance+Metal Cut Off Disc (49-94-0127) in Industrial.","Milwaukee Accessory Milw 6""x.045""x7/8"" Performance+Metal Cut Off Disc (49-94-0127) in Industrial.",,,,,,,,,,,,,,,,,,,,,,,,,,,,,,,,,,,,,,,,,,,,,,,,,,,,,,,,,,,,,,,,,,,,,,,,,,,,,,,,,,,,,,,,,,,,,,,,,,,,,,,,,,,,,,,,,,,,,,,,,,,,,,,,,,,,,,,,,,,,,,,,,,,,,,,,,,,,,,,,,,,,,,,,,,,,,,,,,,,,,,,,,,,,,,,,,,,,,,,,,,,,,,,,,,,,,,,,,,,,,,,No
,,,,,,,Tools,Industrial,General,,49-94-0137,"49-94-0137 Milw 7""x3/32""x7/8"" Performance+ Metal Cut Off Disc",-- Unbranded --,-- No Unilog Brand --,-- No DIB Brand --,Milwaukee Accessory (4031),Milwaukee Accessory,Milwaukee,,49-94-0137,49-94-0137,Tools > Industrial > General,"Milwaukee Accessory 49-94-0137 Milw 7""x3/32""x7/8"" Performance+ Metal Cut Off Disc","MILWAUKEE ACCESSORY 49-94-0137 MILW 7""X3/32""X7/8"" PERFORMANC","Milwaukee Accessory 49-94-0137 Milw 7""x3/32""x7/8"" Performance+ Metal Cut Off Disc","Milwaukee Accessory Milw 7""x3/32""x7/8"" Performance+ Metal Cut Off Disc (MPN: 49-94-0137) in the Tools > Industrial > General category.","Milwaukee Accessory Milw 7""x3/32""x7/8"" Performance+ Metal Cut Off Disc (49-94-0137) in Industrial.","Milwaukee Accessory Milw 7""x3/32""x7/8"" Performance+ Metal Cut Off Disc (49-94-0137) in Industrial.",,,,,,,,,,,,,,,,,,,,,,,,,,,,,,,,,,,,,,,,,,,,,,,,,,,,,,,,,,,,,,,,,,,,,,,,,,,,,,,,,,,,,,,,,,,,,,,,,,,,,,,,,,,,,,,,,,,,,,,,,,,,,,,,,,,,,,,,,,,,,,,,,,,,,,,,,,,,,,,,,,,,,,,,,,,,,,,,,,,,,,,,,,,,,,,,,,,,,,,,,,,,,,,,,,,,,,,,,,,,,,,No
,,,,,,,Tools,Industrial,General,,49-94-0160,"49-94-0160 Milw 14""x7/64""x1"" Performance+ Metal Cut Off Disc",-- Unbranded --,-- No Unilog Brand --,-- No DIB Brand --,Milwaukee Accessory (4031),Milwaukee Accessory,Milwaukee,,49-94-0160,49-94-0160,Tools > Industrial > General,"Milwaukee Accessory 49-94-0160 Milw 14""x7/64""x1"" Performance+ Metal Cut Off Disc","MILWAUKEE ACCESSORY 49-94-0160 MILW 14""X7/64""X1"" PERFORMANCE","Milwaukee Accessory 49-94-0160 Milw 14""x7/64""x1"" Performance+ Metal Cut Off Disc","Milwaukee Accessory Milw 14""x7/64""x1"" Performance+ Metal Cut Off Disc (MPN: 49-94-0160) in the Tools > Industrial > General category.","Milwaukee Accessory Milw 14""x7/64""x1"" Performance+ Metal Cut Off Disc (49-94-0160) in Industrial.","Milwaukee Accessory Milw 14""x7/64""x1"" Performance+ Metal Cut Off Disc (49-94-0160) in Industrial.",,,,,,,,,,,,,,,,,,,,,,,,,,,,,,,,,,,,,,,,,,,,,,,,,,,,,,,,,,,,,,,,,,,,,,,,,,,,,,,,,,,,,,,,,,,,,,,,,,,,,,,,,,,,,,,,,,,,,,,,,,,,,,,,,,,,,,,,,,,,,,,,,,,,,,,,,,,,,,,,,,,,,,,,,,,,,,,,,,,,,,,,,,,,,,,,,,,,,,,,,,,,,,,,,,,,,,,,,,,,,,,No
,,,,,,,Tools,Industrial,General,,49-94-0223,"49-94-0223 Milw 6""x.045""x7/8"" Ceramic+ Metal Cut Off Disc",-- Unbranded --,-- No Unilog Brand --,-- No DIB Brand --,Milwaukee Accessory (4031),Milwaukee Accessory,Milwaukee,,49-94-0223,49-94-0223,Tools > Industrial > General,"Milwaukee Accessory 49-94-0223 Milw 6""x.045""x7/8"" Ceramic+ Metal Cut Off Disc","MILWAUKEE ACCESSORY 49-94-0223 MILW 6""X.045""X7/8"" CERAMIC+ M","Milwaukee Accessory 49-94-0223 Milw 6""x.045""x7/8"" Ceramic+ Metal Cut Off Disc","Milwaukee Accessory Milw 6""x.045""x7/8"" Ceramic+ Metal Cut Off Disc (MPN: 49-94-0223) in the Tools > Industrial > General category.","Milwaukee Accessory Milw 6""x.045""x7/8"" Ceramic+ Metal Cut Off Disc (49-94-0223) in Industrial.","Milwaukee Accessory Milw 6""x.045""x7/8"" Ceramic+ Metal Cut Off Disc (49-94-0223) in Industrial.",,,,,,,,,,,,,,,,,,,,,,,,,,,,,,,,,,,,,,,,,,,,,,,,,,,,,,,,,,,,,,,,,,,,,,,,,,,,,,,,,,,,,,,,,,,,,,,,,,,,,,,,,,,,,,,,,,,,,,,,,,,,,,,,,,,,,,,,,,,,,,,,,,,,,,,,,,,,,,,,,,,,,,,,,,,,,,,,,,,,,,,,,,,,,,,,,,,,,,,,,,,,,,,,,,,,,,,,,,,,,,,No
,,,,,,,Tools,Industrial,General,,49-94-0445,"49-94-0445 Milw 10""x3/32""x5/8"" Performance+ Metal Cut Off Disc",-- Unbranded --,-- No Unilog Brand --,-- No DIB Brand --,Milwaukee Accessory (4031),Milwaukee Accessory,Milwaukee,,49-94-0445,49-94-0445,Tools > Industrial > General,"Milwaukee Accessory 49-94-0445 Milw 10""x3/32""x5/8"" Performance+ Metal Cut Off Disc","MILWAUKEE ACCESSORY 49-94-0445 MILW 10""X3/32""X5/8"" PERFORMAN","Milwaukee Accessory 49-94-0445 Milw 10""x3/32""x5/8"" Performance+ Metal Cut Off Disc","Milwaukee Accessory Milw 10""x3/32""x5/8"" Performance+ Metal Cut Off Disc (MPN: 49-94-0445) in the Tools > Industrial > General category.","Milwaukee Accessory Milw 10""x3/32""x5/8"" Performance+ Metal Cut Off Disc (49-94-0445) in Industrial.","Milwaukee Accessory Milw 10""x3/32""x5/8"" Performance+ Metal Cut Off Disc (49-94-0445) in Industrial.",,,,,,,,,,,,,,,,,,,,,,,,,,,,,,,,,,,,,,,,,,,,,,,,,,,,,,,,,,,,,,,,,,,,,,,,,,,,,,,,,,,,,,,,,,,,,,,,,,,,,,,,,,,,,,,,,,,,,,,,,,,,,,,,,,,,,,,,,,,,,,,,,,,,,,,,,,,,,,,,,,,,,,,,,,,,,,,,,,,,,,,,,,,,,,,,,,,,,,,,,,,,,,,,,,,,,,,,,,,,,,,No
,,,,,,,Tools,Industrial,General,,49-94-0803,"49-94-0803 Milw 4-1/2""x1/8""x7/8"" Dual Metal Cut and Grind Disc",-- Unbranded --,-- No Unilog Brand --,-- No DIB Brand --,Milwaukee Accessory (4031),Milwaukee Accessory,Milwaukee,,49-94-0803,49-94-0803,Tools > Industrial > General,"Milwaukee Accessory 49-94-0803 Milw 4-1/2""x1/8""x7/8"" Dual Metal Cut and Grind Disc","MILWAUKEE ACCESSORY 49-94-0803 MILW 4-1/2""X1/8""X7/8"" DUAL ME","Milwaukee Accessory 49-94-0803 Milw 4-1/2""x1/8""x7/8"" Dual Metal Cut and Grind Disc","Milwaukee Accessory Milw 4-1/2""x1/8""x7/8"" Dual Metal Cut and Grind Disc (MPN: 49-94-0803) in the Tools > Industrial > General category.","Milwaukee Accessory Milw 4-1/2""x1/8""x7/8"" Dual Metal Cut and Grind Disc (49-94-0803) in Industrial.","Milwaukee Accessory Milw 4-1/2""x1/8""x7/8"" Dual Metal Cut and Grind Disc (49-94-0803) in Industrial.",,,,,,,,,,,,,,,,,,,,,,,,,,,,,,,,,,,,,,,,,,,,,,,,,,,,,,,,,,,,,,,,,,,,,,,,,,,,,,,,,,,,,,,,,,,,,,,,,,,,,,,,,,,,,,,,,,,,,,,,,,,,,,,,,,,,,,,,,,,,,,,,,,,,,,,,,,,,,,,,,,,,,,,,,,,,,,,,,,,,,,,,,,,,,,,,,,,,,,,,,,,,,,,,,,,,,,,,,,,,,,,No
,,,,,,,Tools,Industrial,General,,49-94-0903,"49-94-0903 Milw 4-1/2""x1/8""x7/8""Perform+Dual Metal Cut and Grind Disc",-- Unbranded --,-- No Unilog Brand --,-- No DIB Brand --,Milwaukee Accessory (4031),Milwaukee Accessory,Milwaukee,,49-94-0903,49-94-0903,Tools > Industrial > General,"Milwaukee Accessory 49-94-0903 Milw 4-1/2""x1/8""x7/8""Perform+Dual Metal Cut and Grind Disc","MILWAUKEE ACCESSORY 49-94-0903 MILW 4-1/2""X1/8""X7/8""PERFORM+","Milwaukee Accessory 49-94-0903 Milw 4-1/2""x1/8""x7/8""Perform+Dual Metal Cut and Grind Disc","Milwaukee Accessory Milw 4-1/2""x1/8""x7/8""Perform+Dual Metal Cut and Grind Disc (MPN: 49-94-0903) in the Tools > Industrial > General category.","Milwaukee Accessory Milw 4-1/2""x1/8""x7/8""Perform+Dual Metal Cut and Grind Disc (49-94-0903) in Industrial.","Milwaukee Accessory Milw 4-1/2""x1/8""x7/8""Perform+Dual Metal Cut and Grind Disc (49-94-0903) in Industrial.",,,,,,,,,,,,,,,,,,,,,,,,,,,,,,,,,,,,,,,,,,,,,,,,,,,,,,,,,,,,,,,,,,,,,,,,,,,,,,,,,,,,,,,,,,,,,,,,,,,,,,,,,,,,,,,,,,,,,,,,,,,,,,,,,,,,,,,,,,,,,,,,,,,,,,,,,,,,,,,,,,,,,,,,,,,,,,,,,,,,,,,,,,,,,,,,,,,,,,,,,,,,,,,,,,,,,,,,,,,,,,,No
,,,,,,,Tools,Industrial,General,,49-94-0907,"49-94-0907 Milw 4-1/2""x1/8""x5/8-11""Perform+Dual Metal Cut n Grind Disc",-- Unbranded --,-- No Unilog Brand --,-- No DIB Brand --,Milwaukee Accessory (4031),Milwaukee Accessory,Milwaukee,,49-94-0907,49-94-0907,Tools > Industrial > General,"Milwaukee Accessory 49-94-0907 Milw 4-1/2""x1/8""x5/8-11""Perform+Dual Metal Cut n Grind Disc","MILWAUKEE ACCESSORY 49-94-0907 MILW 4-1/2""X1/8""X5/8-11""PERFO","Milwaukee Accessory 49-94-0907 Milw 4-1/2""x1/8""x5/8-11""Perform+Dual Metal Cut n Grind Disc","Milwaukee Accessory Milw 4-1/2""x1/8""x5/8-11""Perform+Dual Metal Cut n Grind Disc (MPN: 49-94-0907) in the Tools > Industrial > General category.","Milwaukee Accessory Milw 4-1/2""x1/8""x5/8-11""Perform+Dual Metal Cut n Grind Disc (49-94-0907) in Industrial.","Milwaukee Accessory Milw 4-1/2""x1/8""x5/8-11""Perform+Dual Metal Cut n Grind Disc (49-94-0907) in Industrial.",,,,,,,,,,,,,,,,,,,,,,,,,,,,,,,,,,,,,,,,,,,,,,,,,,,,,,,,,,,,,,,,,,,,,,,,,,,,,,,,,,,,,,,,,,,,,,,,,,,,,,,,,,,,,,,,,,,,,,,,,,,,,,,,,,,,,,,,,,,,,,,,,,,,,,,,,,,,,,,,,,,,,,,,,,,,,,,,,,,,,,,,,,,,,,,,,,,,,,,,,,,,,,,,,,,,,,,,,,,,,,,No
,,,,,,,Tools,Industrial,General,,49-94-0923,"49-94-0923 Milw 6""x1/8""x7/8"" Perform+Dual Metal Cut and Grind Disc",-- Unbranded --,-- No Unilog Brand --,-- No DIB Brand --,Milwaukee Accessory (4031),Milwaukee Accessory,Milwaukee,,49-94-0923,49-94-0923,Tools > Industrial > General,"Milwaukee Accessory 49-94-0923 Milw 6""x1/8""x7/8"" Perform+Dual Metal Cut and Grind Disc","MILWAUKEE ACCESSORY 49-94-0923 MILW 6""X1/8""X7/8"" PERFORM+DUA","Milwaukee Accessory 49-94-0923 Milw 6""x1/8""x7/8"" Perform+Dual Metal Cut and Grind Disc","Milwaukee Accessory Milw 6""x1/8""x7/8"" Perform+Dual Metal Cut and Grind Disc (MPN: 49-94-0923) in the Tools > Industrial > General category.","Milwaukee Accessory Milw 6""x1/8""x7/8"" Perform+Dual Metal Cut and Grind Disc (49-94-0923) in Industrial.","Milwaukee Accessory Milw 6""x1/8""x7/8"" Perform+Dual Metal Cut and Grind Disc (49-94-0923) in Industrial.",,,,,,,,,,,,,,,,,,,,,,,,,,,,,,,,,,,,,,,,,,,,,,,,,,,,,,,,,,,,,,,,,,,,,,,,,,,,,,,,,,,,,,,,,,,,,,,,,,,,,,,,,,,,,,,,,,,,,,,,,,,,,,,,,,,,,,,,,,,,,,,,,,,,,,,,,,,,,,,,,,,,,,,,,,,,,,,,,,,,,,,,,,,,,,,,,,,,,,,,,,,,,,,,,,,,,,,,,,,,,,,No
,,,,,,,Tools,Industrial,General,,49-94-1900,"49-94-1900 Milw 4""x1/8""x5/8"" Masonry Cut Off Disc",-- Unbranded --,-- No Unilog Brand --,-- No DIB Brand --,Milwaukee Accessory (4031),Milwaukee Accessory,Milwaukee,,49-94-1900,49-94-1900,Tools > Industrial > General,"Milwaukee Accessory 49-94-1900 Milw 4""x1/8""x5/8"" Masonry Cut Off Disc","MILWAUKEE ACCESSORY 49-94-1900 MILW 4""X1/8""X5/8"" MASONRY CUT","Milwaukee Accessory 49-94-1900 Milw 4""x1/8""x5/8"" Masonry Cut Off Disc","Milwaukee Accessory Milw 4""x1/8""x5/8"" Masonry Cut Off Disc (MPN: 49-94-1900) in the Tools > Industrial > General category.","Milwaukee Accessory Milw 4""x1/8""x5/8"" Masonry Cut Off Disc (49-94-1900) in Industrial.","Milwaukee Accessory Milw 4""x1/8""x5/8"" Masonry Cut Off Disc (49-94-1900) in Industrial.",,,,,,,,,,,,,,,,,,,,,,,,,,,,,,,,,,,,,,,,,,,,,,,,,,,,,,,,,,,,,,,,,,,,,,,,,,,,,,,,,,,,,,,,,,,,,,,,,,,,,,,,,,,,,,,,,,,,,,,,,,,,,,,,,,,,,,,,,,,,,,,,,,,,,,,,,,,,,,,,,,,,,,,,,,,,,,,,,,,,,,,,,,,,,,,,,,,,,,,,,,,,,,,,,,,,,,,,,,,,,,,No
,,,,,,,Tools,Industrial,General,,49-94-1905,"49-94-1905 Milw 4-1/2""x1/8""x7/8"" Masonry Cut Off Disc",-- Unbranded --,-- No Unilog Brand --,-- No DIB Brand --,Milwaukee Accessory (4031),Milwaukee Accessory,Milwaukee,,49-94-1905,49-94-1905,Tools > Industrial > General,"Milwaukee Accessory 49-94-1905 Milw 4-1/2""x1/8""x7/8"" Masonry Cut Off Disc","MILWAUKEE ACCESSORY 49-94-1905 MILW 4-1/2""X1/8""X7/8"" MASONRY","Milwaukee Accessory 49-94-1905 Milw 4-1/2""x1/8""x7/8"" Masonry Cut Off Disc","Milwaukee Accessory Milw 4-1/2""x1/8""x7/8"" Masonry Cut Off Disc (MPN: 49-94-1905) in the Tools > Industrial > General category.","Milwaukee Accessory Milw 4-1/2""x1/8""x7/8"" Masonry Cut Off Disc (49-94-1905) in Industrial.","Milwaukee Accessory Milw 4-1/2""x1/8""x7/8"" Masonry Cut Off Disc (49-94-1905) in Industrial.",,,,,,,,,,,,,,,,,,,,,,,,,,,,,,,,,,,,,,,,,,,,,,,,,,,,,,,,,,,,,,,,,,,,,,,,,,,,,,,,,,,,,,,,,,,,,,,,,,,,,,,,,,,,,,,,,,,,,,,,,,,,,,,,,,,,,,,,,,,,,,,,,,,,,,,,,,,,,,,,,,,,,,,,,,,,,,,,,,,,,,,,,,,,,,,,,,,,,,,,,,,,,,,,,,,,,,,,,,,,,,,No
,,,,,,,Tools,Industrial,General,,49-94-1915,"49-94-1915 Milw 6-1/2""x1/8""x5/8"" DKO Masonry Cut Off Disc",-- Unbranded --,-- No Unilog Brand --,-- No DIB Brand --,Milwaukee Accessory (4031),Milwaukee Accessory,Milwaukee,,49-94-1915,49-94-1915,Tools > Industrial > General,"Milwaukee Accessory 49-94-1915 Milw 6-1/2""x1/8""x5/8"" DKO Masonry Cut Off Disc","MILWAUKEE ACCESSORY 49-94-1915 MILW 6-1/2""X1/8""X5/8"" DKO MAS","Milwaukee Accessory 49-94-1915 Milw 6-1/2""x1/8""x5/8"" DKO Masonry Cut Off Disc","Milwaukee Accessory Milw 6-1/2""x1/8""x5/8"" DKO Masonry Cut Off Disc (MPN: 49-94-1915) in the Tools > Industrial > General category.","Milwaukee Accessory Milw 6-1/2""x1/8""x5/8"" DKO Masonry Cut Off Disc (49-94-1915) in Industrial.","Milwaukee Accessory Milw 6-1/2""x1/8""x5/8"" DKO Masonry Cut Off Disc (49-94-1915) in Industrial.",,,,,,,,,,,,,,,,,,,,,,,,,,,,,,,,,,,,,,,,,,,,,,,,,,,,,,,,,,,,,,,,,,,,,,,,,,,,,,,,,,,,,,,,,,,,,,,,,,,,,,,,,,,,,,,,,,,,,,,,,,,,,,,,,,,,,,,,,,,,,,,,,,,,,,,,,,,,,,,,,,,,,,,,,,,,,,,,,,,,,,,,,,,,,,,,,,,,,,,,,,,,,,,,,,,,,,,,,,,,,,,No
,,,,,,,Tools,Industrial,General,,49-94-1920,"49-94-1920 Milw 7""x1/8""x5/8"" DKO Masonry Cut Off Disc",-- Unbranded --,-- No Unilog Brand --,-- No DIB Brand --,Milwaukee Accessory (4031),Milwaukee Accessory,Milwaukee,,49-94-1920,49-94-1920,Tools > Industrial > General,"Milwaukee Accessory 49-94-1920 Milw 7""x1/8""x5/8"" DKO Masonry Cut Off Disc","MILWAUKEE ACCESSORY 49-94-1920 MILW 7""X1/8""X5/8"" DKO MASONRY","Milwaukee Accessory 49-94-1920 Milw 7""x1/8""x5/8"" DKO Masonry Cut Off Disc","Milwaukee Accessory Milw 7""x1/8""x5/8"" DKO Masonry Cut Off Disc (MPN: 49-94-1920) in the Tools > Industrial > General category.","Milwaukee Accessory Milw 7""x1/8""x5/8"" DKO Masonry Cut Off Disc (49-94-1920) in Industrial.","Milwaukee Accessory Milw 7""x1/8""x5/8"" DKO Masonry Cut Off Disc (49-94-1920) in Industrial.",,,,,,,,,,,,,,,,,,,,,,,,,,,,,,,,,,,,,,,,,,,,,,,,,,,,,,,,,,,,,,,,,,,,,,,,,,,,,,,,,,,,,,,,,,,,,,,,,,,,,,,,,,,,,,,,,,,,,,,,,,,,,,,,,,,,,,,,,,,,,,,,,,,,,,,,,,,,,,,,,,,,,,,,,,,,,,,,,,,,,,,,,,,,,,,,,,,,,,,,,,,,,,,,,,,,,,,,,,,,,,,No
,,,,,,,Tools,Industrial,General,,49-94-1925,"49-94-1925 Milw 10""x1/8""x5/8"" Masonry Cut Off Disc",-- Unbranded --,-- No Unilog Brand --,-- No DIB Brand --,Milwaukee Accessory (4031),Milwaukee Accessory,Milwaukee,,49-94-1925,49-94-1925,Tools > Industrial > General,"Milwaukee Accessory 49-94-1925 Milw 10""x1/8""x5/8"" Masonry Cut Off Disc","MILWAUKEE ACCESSORY 49-94-1925 MILW 10""X1/8""X5/8"" MASONRY CU","Milwaukee Accessory 49-94-1925 Milw 10""x1/8""x5/8"" Masonry Cut Off Disc","Milwaukee Accessory Milw 10""x1/8""x5/8"" Masonry Cut Off Disc (MPN: 49-94-1925) in the Tools > Industrial > General category.","Milwaukee Accessory Milw 10""x1/8""x5/8"" Masonry Cut Off Disc (49-94-1925) in Industrial.","Milwaukee Accessory Milw 10""x1/8""x5/8"" Masonry Cut Off Disc (49-94-1925) in Industrial.",,,,,,,,,,,,,,,,,,,,,,,,,,,,,,,,,,,,,,,,,,,,,,,,,,,,,,,,,,,,,,,,,,,,,,,,,,,,,,,,,,,,,,,,,,,,,,,,,,,,,,,,,,,,,,,,,,,,,,,,,,,,,,,,,,,,,,,,,,,,,,,,,,,,,,,,,,,,,,,,,,,,,,,,,,,,,,,,,,,,,,,,,,,,,,,,,,,,,,,,,,,,,,,,,,,,,,,,,,,,,,,No
,,,,,,,Tools,Industrial,General,,49-94-1935,"49-94-1935 Milw 12""x1/8""x1"" Masonry Cut Off Disc",-- Unbranded --,-- No Unilog Brand --,-- No DIB Brand --,Milwaukee Accessory (4031),Milwaukee Accessory,Milwaukee,,49-94-1935,49-94-1935,Tools > Industrial > General,"Milwaukee Accessory 49-94-1935 Milw 12""x1/8""x1"" Masonry Cut Off Disc","MILWAUKEE ACCESSORY 49-94-1935 MILW 12""X1/8""X1"" MASONRY CUT","Milwaukee Accessory 49-94-1935 Milw 12""x1/8""x1"" Masonry Cut Off Disc","Milwaukee Accessory Milw 12""x1/8""x1"" Masonry Cut Off Disc (MPN: 49-94-1935) in the Tools > Industrial > General category.","Milwaukee Accessory Milw 12""x1/8""x1"" Masonry Cut Off Disc (49-94-1935) in Industrial.","Milwaukee Accessory Milw 12""x1/8""x1"" Masonry Cut Off Disc (49-94-1935) in Industrial.",,,,,,,,,,,,,,,,,,,,,,,,,,,,,,,,,,,,,,,,,,,,,,,,,,,,,,,,,,,,,,,,,,,,,,,,,,,,,,,,,,,,,,,,,,,,,,,,,,,,,,,,,,,,,,,,,,,,,,,,,,,,,,,,,,,,,,,,,,,,,,,,,,,,,,,,,,,,,,,,,,,,,,,,,,,,,,,,,,,,,,,,,,,,,,,,,,,,,,,,,,,,,,,,,,,,,,,,,,,,,,,No
,,,,,,,Tools,Industrial,General,,49-94-1940,"49-94-1940 Milw 14""x1/8""x1"" Masonry Cut Off Disc",-- Unbranded --,-- No Unilog Brand --,-- No DIB Brand --,Milwaukee Accessory (4031),Milwaukee Accessory,Milwaukee,,49-94-1940,49-94-1940,Tools > Industrial > General,"Milwaukee Accessory 49-94-1940 Milw 14""x1/8""x1"" Masonry Cut Off Disc","MILWAUKEE ACCESSORY 49-94-1940 MILW 14""X1/8""X1"" MASONRY CUT","Milwaukee Accessory 49-94-1940 Milw 14""x1/8""x1"" Masonry Cut Off Disc","Milwaukee Accessory Milw 14""x1/8""x1"" Masonry Cut Off Disc (MPN: 49-94-1940) in the Tools > Industrial > General category.","Milwaukee Accessory Milw 14""x1/8""x1"" Masonry Cut Off Disc (49-94-1940) in Industrial.","Milwaukee Accessory Milw 14""x1/8""x1"" Masonry Cut Off Disc (49-94-1940) in Industrial.",,,,,,,,,,,,,,,,,,,,,,,,,,,,,,,,,,,,,,,,,,,,,,,,,,,,,,,,,,,,,,,,,,,,,,,,,,,,,,,,,,,,,,,,,,,,,,,,,,,,,,,,,,,,,,,,,,,,,,,,,,,,,,,,,,,,,,,,,,,,,,,,,,,,,,,,,,,,,,,,,,,,,,,,,,,,,,,,,,,,,,,,,,,,,,,,,,,,,,,,,,,,,,,,,,,,,,,,,,,,,,,No
,,,,,,,Tools,Industrial,General,,49-94-0501,"49-94-0501 Milw 4""x1/4""x5/8"" Metal Grinding Wheel",-- Unbranded --,-- No Unilog Brand --,-- No DIB Brand --,Milwaukee Accessory (4031),Milwaukee Accessory,Milwaukee,,49-94-0501,49-94-0501,Tools > Industrial > General,"Milwaukee Accessory 49-94-0501 Milw 4""x1/4""x5/8"" Metal Grinding Wheel","MILWAUKEE ACCESSORY 49-94-0501 MILW 4""X1/4""X5/8"" METAL GRIND","Milwaukee Accessory 49-94-0501 Milw 4""x1/4""x5/8"" Metal Grinding Wheel","Milwaukee Accessory Milw 4""x1/4""x5/8"" Metal Grinding Wheel (MPN: 49-94-0501) in the Tools > Industrial > General category.","Milwaukee Accessory Milw 4""x1/4""x5/8"" Metal Grinding Wheel (49-94-0501) in Industrial.","Milwaukee Accessory Milw 4""x1/4""x5/8"" Metal Grinding Wheel (49-94-0501) in Industrial.",,,,,,,,,,,,,,,,,,,,,,,,,,,,,,,,,,,,,,,,,,,,,,,,,,,,,,,,,,,,,,,,,,,,,,,,,,,,,,,,,,,,,,,,,,,,,,,,,,,,,,,,,,,,,,,,,,,,,,,,,,,,,,,,,,,,,,,,,,,,,,,,,,,,,,,,,,,,,,,,,,,,,,,,,,,,,,,,,,,,,,,,,,,,,,,,,,,,,,,,,,,,,,,,,,,,,,,,,,,,,,,No
,,,,,,,Tools,Industrial,General,,49-94-0503,"49-94-0503 Milw 4-1/2""x1/4""x7/8"" Metal Grinding Wheel",-- Unbranded --,-- No Unilog Brand --,-- No DIB Brand --,Milwaukee Accessory (4031),Milwaukee Accessory,Milwaukee,,49-94-0503,49-94-0503,Tools > Industrial > General,"Milwaukee Accessory 49-94-0503 Milw 4-1/2""x1/4""x7/8"" Metal Grinding Wheel","MILWAUKEE ACCESSORY 49-94-0503 MILW 4-1/2""X1/4""X7/8"" METAL G","Milwaukee Accessory 49-94-0503 Milw 4-1/2""x1/4""x7/8"" Metal Grinding Wheel","Milwaukee Accessory Milw 4-1/2""x1/4""x7/8"" Metal Grinding Wheel (MPN: 49-94-0503) in the Tools > Industrial > General category.","Milwaukee Accessory Milw 4-1/2""x1/4""x7/8"" Metal Grinding Wheel (49-94-0503) in Industrial.","Milwaukee Accessory Milw 4-1/2""x1/4""x7/8"" Metal Grinding Wheel (49-94-0503) in Industrial.",,,,,,,,,,,,,,,,,,,,,,,,,,,,,,,,,,,,,,,,,,,,,,,,,,,,,,,,,,,,,,,,,,,,,,,,,,,,,,,,,,,,,,,,,,,,,,,,,,,,,,,,,,,,,,,,,,,,,,,,,,,,,,,,,,,,,,,,,,,,,,,,,,,,,,,,,,,,,,,,,,,,,,,,,,,,,,,,,,,,,,,,,,,,,,,,,,,,,,,,,,,,,,,,,,,,,,,,,,,,,,,No
,,,,,,,Tools,Industrial,General,,49-94-0523,"49-94-0523 Milw 6""x1/4""x7/8"" Metal Grinding Wheel",-- Unbranded --,-- No Unilog Brand --,-- No DIB Brand --,Milwaukee Accessory (4031),Milwaukee Accessory,Milwaukee,,49-94-0523,49-94-0523,Tools > Industrial > General,"Milwaukee Accessory 49-94-0523 Milw 6""x1/4""x7/8"" Metal Grinding Wheel","MILWAUKEE ACCESSORY 49-94-0523 MILW 6""X1/4""X7/8"" METAL GRIND","Milwaukee Accessory 49-94-0523 Milw 6""x1/4""x7/8"" Metal Grinding Wheel","Milwaukee Accessory Milw 6""x1/4""x7/8"" Metal Grinding Wheel (MPN: 49-94-0523) in the Tools > Industrial > General category.","Milwaukee Accessory Milw 6""x1/4""x7/8"" Metal Grinding Wheel (49-94-0523) in Industrial.","Milwaukee Accessory Milw 6""x1/4""x7/8"" Metal Grinding Wheel (49-94-0523) in Industrial.",,,,,,,,,,,,,,,,,,,,,,,,,,,,,,,,,,,,,,,,,,,,,,,,,,,,,,,,,,,,,,,,,,,,,,,,,,,,,,,,,,,,,,,,,,,,,,,,,,,,,,,,,,,,,,,,,,,,,,,,,,,,,,,,,,,,,,,,,,,,,,,,,,,,,,,,,,,,,,,,,,,,,,,,,,,,,,,,,,,,,,,,,,,,,,,,,,,,,,,,,,,,,,,,,,,,,,,,,,,,,,,No
,,,,,,,Tools,Industrial,General,,49-94-1955,"49-94-1955 Milw 4-1/2""x1/4""x7/8"" Masonry Grinding Wheel",-- Unbranded --,-- No Unilog Brand --,-- No DIB Brand --,Milwaukee Accessory (4031),Milwaukee Accessory,Milwaukee,,49-94-1955,49-94-1955,Tools > Industrial > General,"Milwaukee Accessory 49-94-1955 Milw 4-1/2""x1/4""x7/8"" Masonry Grinding Wheel","MILWAUKEE ACCESSORY 49-94-1955 MILW 4-1/2""X1/4""X7/8"" MASONRY","Milwaukee Accessory 49-94-1955 Milw 4-1/2""x1/4""x7/8"" Masonry Grinding Wheel","Milwaukee Accessory Milw 4-1/2""x1/4""x7/8"" Masonry Grinding Wheel (MPN: 49-94-1955) in the Tools > Industrial > General category.","Milwaukee Accessory Milw 4-1/2""x1/4""x7/8"" Masonry Grinding Wheel (49-94-1955) in Industrial.","Milwaukee Accessory Milw 4-1/2""x1/4""x7/8"" Masonry Grinding Wheel (49-94-1955) in Industrial.",,,,,,,,,,,,,,,,,,,,,,,,,,,,,,,,,,,,,,,,,,,,,,,,,,,,,,,,,,,,,,,,,,,,,,,,,,,,,,,,,,,,,,,,,,,,,,,,,,,,,,,,,,,,,,,,,,,,,,,,,,,,,,,,,,,,,,,,,,,,,,,,,,,,,,,,,,,,,,,,,,,,,,,,,,,,,,,,,,,,,,,,,,,,,,,,,,,,,,,,,,,,,,,,,,,,,,,,,,,,,,,No
,,,,,,,Tools,Industrial,General,,49-94-1965,"49-94-1965 Milw 7""x1/4""x7/8"" Masonry Grinding Wheel",-- Unbranded --,-- No Unilog Brand --,-- No DIB Brand --,Milwaukee Accessory (4031),Milwaukee Accessory,Milwaukee,,49-94-1965,49-94-1965,Tools > Industrial > General,"Milwaukee Accessory 49-94-1965 Milw 7""x1/4""x7/8"" Masonry Grinding Wheel","MILWAUKEE ACCESSORY 49-94-1965 MILW 7""X1/4""X7/8"" MASONRY GRI","Milwaukee Accessory 49-94-1965 Milw 7""x1/4""x7/8"" Masonry Grinding Wheel","Milwaukee Accessory Milw 7""x1/4""x7/8"" Masonry Grinding Wheel (MPN: 49-94-1965) in the Tools > Industrial > General category.","Milwaukee Accessory Milw 7""x1/4""x7/8"" Masonry Grinding Wheel (49-94-1965) in Industrial.","Milwaukee Accessory Milw 7""x1/4""x7/8"" Masonry Grinding Wheel (49-94-1965) in Industrial.",,,,,,,,,,,,,,,,,,,,,,,,,,,,,,,,,,,,,,,,,,,,,,,,,,,,,,,,,,,,,,,,,,,,,,,,,,,,,,,,,,,,,,,,,,,,,,,,,,,,,,,,,,,,,,,,,,,,,,,,,,,,,,,,,,,,,,,,,,,,,,,,,,,,,,,,,,,,,,,,,,,,,,,,,,,,,,,,,,,,,,,,,,,,,,,,,,,,,,,,,,,,,,,,,,,,,,,,,,,,,,,No
,,,,,,,Tools,Industrial,General,,49-94-0513,"49-94-0513 Milw 5""x1/4""x7/8"" Metal Grinding Wheel",-- Unbranded --,-- No Unilog Brand --,-- No DIB Brand --,Milwaukee Accessory (4031),Milwaukee Accessory,Milwaukee,,49-94-0513,49-94-0513,Tools > Industrial > General,"Milwaukee Accessory 49-94-0513 Milw 5""x1/4""x7/8"" Metal Grinding Wheel","MILWAUKEE ACCESSORY 49-94-0513 MILW 5""X1/4""X7/8"" METAL GRIND","Milwaukee Accessory 49-94-0513 Milw 5""x1/4""x7/8"" Metal Grinding Wheel","Milwaukee Accessory Milw 5""x1/4""x7/8"" Metal Grinding Wheel (MPN: 49-94-0513) in the Tools > Industrial > General category.","Milwaukee Accessory Milw 5""x1/4""x7/8"" Metal Grinding Wheel (49-94-0513) in Industrial.","Milwaukee Accessory Milw 5""x1/4""x7/8"" Metal Grinding Wheel (49-94-0513) in Industrial.",,,,,,,,,,,,,,,,,,,,,,,,,,,,,,,,,,,,,,,,,,,,,,,,,,,,,,,,,,,,,,,,,,,,,,,,,,,,,,,,,,,,,,,,,,,,,,,,,,,,,,,,,,,,,,,,,,,,,,,,,,,,,,,,,,,,,,,,,,,,,,,,,,,,,,,,,,,,,,,,,,,,,,,,,,,,,,,,,,,,,,,,,,,,,,,,,,,,,,,,,,,,,,,,,,,,,,,,,,,,,,,No
,,,,,,,Tools,Industrial,General,,49-94-0533,"49-94-0533 Milw 7""x1/4""x7/8"" Metal Grinding Wheel",-- Unbranded --,-- No Unilog Brand --,-- No DIB Brand --,Milwaukee Accessory (4031),Milwaukee Accessory,Milwaukee,,49-94-0533,49-94-0533,Tools > Industrial > General,"Milwaukee Accessory 49-94-0533 Milw 7""x1/4""x7/8"" Metal Grinding Wheel","MILWAUKEE ACCESSORY 49-94-0533 MILW 7""X1/4""X7/8"" METAL GRIND","Milwaukee Accessory 49-94-0533 Milw 7""x1/4""x7/8"" Metal Grinding Wheel","Milwaukee Accessory Milw 7""x1/4""x7/8"" Metal Grinding Wheel (MPN: 49-94-0533) in the Tools > Industrial > General category.","Milwaukee Accessory Milw 7""x1/4""x7/8"" Metal Grinding Wheel (49-94-0533) in Industrial.","Milwaukee Accessory Milw 7""x1/4""x7/8"" Metal Grinding Wheel (49-94-0533) in Industrial.",,,,,,,,,,,,,,,,,,,,,,,,,,,,,,,,,,,,,,,,,,,,,,,,,,,,,,,,,,,,,,,,,,,,,,,,,,,,,,,,,,,,,,,,,,,,,,,,,,,,,,,,,,,,,,,,,,,,,,,,,,,,,,,,,,,,,,,,,,,,,,,,,,,,,,,,,,,,,,,,,,,,,,,,,,,,,,,,,,,,,,,,,,,,,,,,,,,,,,,,,,,,,,,,,,,,,,,,,,,,,,,No
,,,,,,,Tools,Industrial,General,,DFBLBLOMFN01G,DFBLBLOMFN01G Diablo 220 Grit - Flat Edge Sanding Sponge,-- Unbranded --,-- No Unilog Brand --,-- No DIB Brand --,Freud Inc (2435),Freud Inc,Diablo,,DFBLBLOMFN01G,DFBLBLOMFN01G,Tools > Industrial > General,Freud Inc DFBLBLOMFN01G Diablo 220 Grit - Flat Edge Sanding Sponge,FREUD INC DFBLBLOMFN01G DIABLO 220 GRIT - FLAT EDGE SANDING,Freud Inc DFBLBLOMFN01G Diablo 220 Grit - Flat Edge Sanding Sponge,Freud Inc Diablo 220 Grit - Flat Edge Sanding Sponge (MPN: DFBLBLOMFN01G) in the Tools > Industrial > General category.,Freud Inc Diablo 220 Grit - Flat Edge Sanding Sponge (DFBLBLOMFN01G) in Industrial.,Freud Inc Diablo 220 Grit - Flat Edge Sanding Sponge (DFBLBLOMFN01G) in Industrial.,,,,,,,,,,,,,,,,,,,,,,,,,,,,,,,,,,,,,,,,,,,,,,,,,,,,,,,,,,,,,,,,,,,,,,,,,,,,,,,,,,,,,,,,,,,,,,,,,,,,,,,,,,,,,,,,,,,,,,,,,,,,,,,,,,,,,,,,,,,,,,,,,,,,,,,,,,,,,,,,,,,,,,,,,,,,,,,,,,,,,,,,,,,,,,,,,,,,,,,,,,,,,,,,,,,,,,,,,,,,,,,No
,,,,,,,Tools,Industrial,General,,1700-1PK-BB40,3/4x60' Vinyl Elect Tape,-- Unbranded --,-- No Unilog Brand --,3M,3 M Co (5293),3 M Co,,,1700-1PK-BB40,1700-1PK-BB40,Tools > Industrial > General,3 M Co 1700-1PK-BB40 3/4x60' Vinyl Elect Tape,3 M CO 1700-1PK-BB40 3/4X60' VINYL ELECT TAPE,3 M Co 1700-1PK-BB40 3/4x60' Vinyl Elect Tape,3 M Co 3/4x60' Vinyl Elect Tape (MPN: 1700-1PK-BB40) in the Tools > Industrial > General category.,3 M Co 3/4x60' Vinyl Elect Tape (1700-1PK-BB40) in Industrial.,3 M Co 3/4x60' Vinyl Elect Tape (1700-1PK-BB40) in Industrial.,,,,,,,,,,,,,,,,,,,,,,,,,,,,,,,,,,,,,,,,,,,,,,,,,,,,,,,,,,,,,,,,,,,,,,,,,,,,,,,,,,,,,,,,,,,,,,,,,,,,,,,,,,,,,,,,,,,,,,,,,,,,,,,,,,,,,,,,,,,,,,,,,,,,,,,,,,,,,,,,,,,,,,,,,,,,,,,,,,,,,,,,,,,,,,,,,,,,,,,,,,,,,,,,,,,,,,,,,,,,,,,No
,,,,,,,Tools,Industrial,General,,ASH-40-40-04,1.5x1.5x13' Legacy Emseal Tape,-- Unbranded --,-- No Unilog Brand --,-- No DIB Brand --,Emseal Joint Systems Ltd (EMSJO),Emseal Joint Systems Ltd (EMSJO),,,ASH-40-40-04,ASH-40-40-04,Tools > Industrial > General,Emseal Joint Systems Ltd ASH-40-40-04 1.5x1.5x13' Legacy Emseal Tape,EMSEAL JOINT SYSTEMS LTD ASH-40-40-04 1.5X1.5X13' LEGACY EMS,Emseal Joint Systems Ltd ASH-40-40-04 1.5x1.5x13' Legacy Emseal Tape,Emseal Joint Systems Ltd 1.5x1.5x13' Legacy Emseal Tape (MPN: ASH-40-40-04) in the Tools > Industrial > General category.,Emseal Joint Systems Ltd 1.5x1.5x13' Legacy Emseal Tape (ASH-40-40-04) in Industrial.,Emseal Joint Systems Ltd 1.5x1.5x13' Legacy Emseal Tape (ASH-40-40-04) in Industrial.,,,,,,,,,,,,,,,,,,,,,,,,,,,,,,,,,,,,,,,,,,,,,,,,,,,,,,,,,,,,,,,,,,,,,,,,,,,,,,,,,,,,,,,,,,,,,,,,,,,,,,,,,,,,,,,,,,,,,,,,,,,,,,,,,,,,,,,,,,,,,,,,,,,,,,,,,,,,,,,,,,,,,,,,,,,,,,,,,,,,,,,,,,,,,,,,,,,,,,,,,,,,,,,,,,,,,,,,,,,,,,,No
,,,,,,,Tools,Industrial,General,,KDFM404KPS,KDFM404KPS Dishwasher SS,-- Unbranded --,-- No Unilog Brand --,-- No DIB Brand --,Appliance Dealers Cooperative (APPDE),,,,KDFM404KPS,KDFM404KPS,Tools > Industrial > General,Appliance Dealers Cooperative KDFM404KPS Dishwasher SS,APPLIANCE DEALERS COOPERATIVE KDFM404KPS DISHWASHER SS,Appliance Dealers Cooperative KDFM404KPS Dishwasher SS,Appliance Dealers Cooperative Dishwasher SS (MPN: KDFM404KPS) in the Tools > Industrial > General category.,Appliance Dealers Cooperative Dishwasher SS (KDFM404KPS) in Industrial.,Appliance Dealers Cooperative Dishwasher SS (KDFM404KPS) in Industrial.,,,,,,,,,,,,,,,,,,,,,,,,,,,,,,,,,,,,,,,,,,,,,,,,,,,,,,,,,,,,,,,,,,,,,,,,,,,,,,,,,,,,,,,,,,,,,,,,,,,,,,,,,,,,,,,,,,,,,,,,,,,,,,,,,,,,,,,,,,,,,,,,,,,,,,,,,,,,,,,,,,,,,,,,,,,,,,,,,,,,,,,,,,,,,,,,,,,,,,,,,,,,,,,,,,,,,,,,,,,,,,,No
,,,,,,,Tools,Industrial,General,,PDSH4816AF,PDSH4816AF Dishwasher SS - Display Only,-- Unbranded --,-- No Unilog Brand --,-- No DIB Brand --,Appliance Dealers Cooperative (APPDE),frigidaire,Frigidaire,,PDSH4816AF,PDSH4816AF,Tools > Industrial > General,Appliance Dealers Cooperative PDSH4816AF Dishwasher SS - Display Only,APPLIANCE DEALERS COOPERATIVE PDSH4816AF DISHWASHER SS - DIS,Appliance Dealers Cooperative PDSH4816AF Dishwasher SS - Display Only,Appliance Dealers Cooperative Dishwasher SS - Display Only (MPN: PDSH4816AF) in the Tools > Industrial > General category.,Appliance Dealers Cooperative Dishwasher SS - Display Only (PDSH4816AF) in Industrial.,Appliance Dealers Cooperative Dishwasher SS - Display Only (PDSH4816AF) in Industrial.,,,,,,,,,,,,,,,,,,,,,,,,,,,,,,,,,,,,,,,,,,,,,,,,,,,,,,,,,,,,,,,,,,,,,,,,,,,,,,,,,,,,,,,,,,,,,,,,,,,,,,,,,,,,,,,,,,,,,,,,,,,,,,,,,,,,,,,,,,,,,,,,,,,,,,,,,,,,,,,,,,,,,,,,,,,,,,,,,,,,,,,,,,,,,,,,,,,,,,,,,,,,,,,,,,,,,,,,,,,,,,,No
,,,,,,,Tools,Industrial,General,,PDT715SYVFS,PDT715SYVFS Ge Dishwasher SS,-- Unbranded --,-- No Unilog Brand --,-- No DIB Brand --,Appliance Dealers Cooperative (APPDE),,,,PDT715SYVFS,PDT715SYVFS,Tools > Industrial > General,Appliance Dealers Cooperative PDT715SYVFS Ge Dishwasher SS,APPLIANCE DEALERS COOPERATIVE PDT715SYVFS GE DISHWASHER SS,Appliance Dealers Cooperative PDT715SYVFS Ge Dishwasher SS,Appliance Dealers Cooperative Ge Dishwasher SS (MPN: PDT715SYVFS) in the Tools > Industrial > General category.,Appliance Dealers Cooperative Ge Dishwasher SS (PDT715SYVFS) in Industrial.,Appliance Dealers Cooperative Ge Dishwasher SS (PDT715SYVFS) in Industrial.,,,,,,,,,,,,,,,,,,,,,,,,,,,,,,,,,,,,,,,,,,,,,,,,,,,,,,,,,,,,,,,,,,,,,,,,,,,,,,,,,,,,,,,,,,,,,,,,,,,,,,,,,,,,,,,,,,,,,,,,,,,,,,,,,,,,,,,,,,,,,,,,,,,,,,,,,,,,,,,,,,,,,,,,,,,,,,,,,,,,,,,,,,,,,,,,,,,,,,,,,,,,,,,,,,,,,,,,,,,,,,,No
,,,,,,,Tools,Industrial,General,,LDPH5554D,LDPH5554D LG Dishwasher BSS,-- Unbranded --,-- No Unilog Brand --,-- No DIB Brand --,Appliance Dealers Cooperative (APPDE),lg,LG,,LDPH5554D,LDPH5554D,Tools > Industrial > General,Appliance Dealers Cooperative LDPH5554D LG Dishwasher BSS,APPLIANCE DEALERS COOPERATIVE LDPH5554D LG DISHWASHER BSS,Appliance Dealers Cooperative LDPH5554D LG Dishwasher BSS,Appliance Dealers Cooperative LG Dishwasher BSS (MPN: LDPH5554D) in the Tools > Industrial > General category.,Appliance Dealers Cooperative LG Dishwasher BSS (LDPH5554D) in Industrial.,Appliance Dealers Cooperative LG Dishwasher BSS (LDPH5554D) in Industrial.,,,,,,,,,,,,,,,,,,,,,,,,,,,,,,,,,,,,,,,,,,,,,,,,,,,,,,,,,,,,,,,,,,,,,,,,,,,,,,,,,,,,,,,,,,,,,,,,,,,,,,,,,,,,,,,,,,,,,,,,,,,,,,,,,,,,,,,,,,,,,,,,,,,,,,,,,,,,,,,,,,,,,,,,,,,,,,,,,,,,,,,,,,,,,,,,,,,,,,,,,,,,,,,,,,,,,,,,,,,,,,,No
,,,,,,,Tools,Industrial,General,,WDTS7024RZ,WDTS7024RZ Dishwasher SS - Display Only,-- Unbranded --,-- No Unilog Brand --,-- No DIB Brand --,Appliance Dealers Cooperative (APPDE),whirlpool,Whirlpool,,WDTS7024RZ,WDTS7024RZ,Tools > Industrial > General,Appliance Dealers Cooperative WDTS7024RZ Dishwasher SS - Display Only,APPLIANCE DEALERS COOPERATIVE WDTS7024RZ DISHWASHER SS - DIS,Appliance Dealers Cooperative WDTS7024RZ Dishwasher SS - Display Only,Appliance Dealers Cooperative Dishwasher SS - Display Only (MPN: WDTS7024RZ) in the Tools > Industrial > General category.,Appliance Dealers Cooperative Dishwasher SS - Display Only (WDTS7024RZ) in Industrial.,Appliance Dealers Cooperative Dishwasher SS - Display Only (WDTS7024RZ) in Industrial.,,,,,,,,,,,,,,,,,,,,,,,,,,,,,,,,,,,,,,,,,,,,,,,,,,,,,,,,,,,,,,,,,,,,,,,,,,,,,,,,,,,,,,,,,,,,,,,,,,,,,,,,,,,,,,,,,,,,,,,,,,,,,,,,,,,,,,,,,,,,,,,,,,,,,,,,,,,,,,,,,,,,,,,,,,,,,,,,,,,,,,,,,,,,,,,,,,,,,,,,,,,,,,,,,,,,,,,,,,,,,,,No
,,,,,,,Tools,Industrial,General,,PDD415PYYFS,PDD415PYYFS GE Dishwasher SS,-- Unbranded --,-- No Unilog Brand --,-- No DIB Brand --,Appliance Dealers Cooperative (APPDE),,,,PDD415PYYFS,PDD415PYYFS,Tools > Industrial > General,Appliance Dealers Cooperative PDD415PYYFS GE Dishwasher SS,APPLIANCE DEALERS COOPERATIVE PDD415PYYFS GE DISHWASHER SS,Appliance Dealers Cooperative PDD415PYYFS GE Dishwasher SS,Appliance Dealers Cooperative GE Dishwasher SS (MPN: PDD415PYYFS) in the Tools > Industrial > General category.,Appliance Dealers Cooperative GE Dishwasher SS (PDD415PYYFS) in Industrial.,Appliance Dealers Cooperative GE Dishwasher SS (PDD415PYYFS) in Industrial.,,,,,,,,,,,,,,,,,,,,,,,,,,,,,,,,,,,,,,,,,,,,,,,,,,,,,,,,,,,,,,,,,,,,,,,,,,,,,,,,,,,,,,,,,,,,,,,,,,,,,,,,,,,,,,,,,,,,,,,,,,,,,,,,,,,,,,,,,,,,,,,,,,,,,,,,,,,,,,,,,,,,,,,,,,,,,,,,,,,,,,,,,,,,,,,,,,,,,,,,,,,,,,,,,,,,,,,,,,,,,,,No
,,,,,,,Tools,Industrial,General,,KDTS424SBE,KDTS424SBE Kitchen Aid Dishwasher Bk,-- Unbranded --,-- No Unilog Brand --,-- No DIB Brand --,Appliance Dealers Cooperative (APPDE),,,,KDTS424SBE,KDTS424SBE,Tools > Industrial > General,Appliance Dealers Cooperative KDTS424SBE Kitchen Aid Dishwasher Bk,APPLIANCE DEALERS COOPERATIVE KDTS424SBE KITCHEN AID DISHWAS,Appliance Dealers Cooperative KDTS424SBE Kitchen Aid Dishwasher Bk,Appliance Dealers Cooperative Kitchen Aid Dishwasher Bk (MPN: KDTS424SBE) in the Tools > Industrial > General category.,Appliance Dealers Cooperative Kitchen Aid Dishwasher Bk (KDTS424SBE) in Industrial.,Appliance Dealers Cooperative Kitchen Aid Dishwasher Bk (KDTS424SBE) in Industrial.,,,,,,,,,,,,,,,,,,,,,,,,,,,,,,,,,,,,,,,,,,,,,,,,,,,,,,,,,,,,,,,,,,,,,,,,,,,,,,,,,,,,,,,,,,,,,,,,,,,,,,,,,,,,,,,,,,,,,,,,,,,,,,,,,,,,,,,,,,,,,,,,,,,,,,,,,,,,,,,,,,,,,,,,,,,,,,,,,,,,,,,,,,,,,,,,,,,,,,,,,,,,,,,,,,,,,,,,,,,,,,,No
,,,,,,,Tools,Industrial,General,,KDTS324SPS,KDTS324SPS Kitchen Aid Dishwasher SS,-- Unbranded --,-- No Unilog Brand --,-- No DIB Brand --,Appliance Dealers Cooperative (APPDE),,,,KDTS324SPS,KDTS324SPS,Tools > Industrial > General,Appliance Dealers Cooperative KDTS324SPS Kitchen Aid Dishwasher SS,APPLIANCE DEALERS COOPERATIVE KDTS324SPS KITCHEN AID DISHWAS,Appliance Dealers Cooperative KDTS324SPS Kitchen Aid Dishwasher SS,Appliance Dealers Cooperative Kitchen Aid Dishwasher SS (MPN: KDTS324SPS) in the Tools > Industrial > General category.,Appliance Dealers Cooperative Kitchen Aid Dishwasher SS (KDTS324SPS) in Industrial.,Appliance Dealers Cooperative Kitchen Aid Dishwasher SS (KDTS324SPS) in Industrial.,,,,,,,,,,,,,,,,,,,,,,,,,,,,,,,,,,,,,,,,,,,,,,,,,,,,,,,,,,,,,,,,,,,,,,,,,,,,,,,,,,,,,,,,,,,,,,,,,,,,,,,,,,,,,,,,,,,,,,,,,,,,,,,,,,,,,,,,,,,,,,,,,,,,,,,,,,,,,,,,,,,,,,,,,,,,,,,,,,,,,,,,,,,,,,,,,,,,,,,,,,,,,,,,,,,,,,,,,,,,,,,No
,,,,,,,Tools,Industrial,General,,KDPS624SJP,KDPS624SJP Dishwasher Juniper - Display Only,-- Unbranded --,-- No Unilog Brand --,-- No DIB Brand --,Appliance Dealers Cooperative (APPDE),,,,KDPS624SJP,KDPS624SJP,Tools > Industrial > General,Appliance Dealers Cooperative KDPS624SJP Dishwasher Juniper - Display Only,APPLIANCE DEALERS COOPERATIVE KDPS624SJP DISHWASHER JUNIPER,Appliance Dealers Cooperative KDPS624SJP Dishwasher Juniper - Display Only,Appliance Dealers Cooperative Dishwasher Juniper - Display Only (MPN: KDPS624SJP) in the Tools > Industrial > General category.,Appliance Dealers Cooperative Dishwasher Juniper - Display Only (KDPS624SJP) in Industrial.,Appliance Dealers Cooperative Dishwasher Juniper - Display Only (KDPS624SJP) in Industrial.,,,,,,,,,,,,,,,,,,,,,,,,,,,,,,,,,,,,,,,,,,,,,,,,,,,,,,,,,,,,,,,,,,,,,,,,,,,,,,,,,,,,,,,,,,,,,,,,,,,,,,,,,,,,,,,,,,,,,,,,,,,,,,,,,,,,,,,,,,,,,,,,,,,,,,,,,,,,,,,,,,,,,,,,,,,,,,,,,,,,,,,,,,,,,,,,,,,,,,,,,,,,,,,,,,,,,,,,,,,,,,,No
,,,,,,,Tools,Industrial,General,,KDTS624SBE,KDTS624SBE Dishwasher BO Display Only,-- Unbranded --,-- No Unilog Brand --,-- No DIB Brand --,Appliance Dealers Cooperative (APPDE),,,,KDTS624SBE,KDTS624SBE,Tools > Industrial > General,Appliance Dealers Cooperative KDTS624SBE Dishwasher BO Display Only,APPLIANCE DEALERS COOPERATIVE KDTS624SBE DISHWASHER BO DISPL,Appliance Dealers Cooperative KDTS624SBE Dishwasher BO Display Only,Appliance Dealers Cooperative Dishwasher BO Display Only (MPN: KDTS624SBE) in the Tools > Industrial > General category.,Appliance Dealers Cooperative Dishwasher BO Display Only (KDTS624SBE) in Industrial.,Appliance Dealers Cooperative Dishwasher BO Display Only (KDTS624SBE) in Industrial.,,,,,,,,,,,,,,,,,,,,,,,,,,,,,,,,,,,,,,,,,,,,,,,,,,,,,,,,,,,,,,,,,,,,,,,,,,,,,,,,,,,,,,,,,,,,,,,,,,,,,,,,,,,,,,,,,,,,,,,,,,,,,,,,,,,,,,,,,,,,,,,,,,,,,,,,,,,,,,,,,,,,,,,,,,,,,,,,,,,,,,,,,,,,,,,,,,,,,,,,,,,,,,,,,,,,,,,,,,,,,,,No
,,,,,,,Tools,Industrial,General,,D519127,D519127 Heater Kit,-- Unbranded --,-- No Unilog Brand --,-- No DIB Brand --,V & V Appliance Parts Inc (VVAPP),V & V Appliance Parts Inc (VVAPP),,,D519127,D519127,Tools > Industrial > General,V & V Appliance Parts Inc D519127 Heater Kit,V & V APPLIANCE PARTS INC D519127 HEATER KIT,V & V Appliance Parts Inc D519127 Heater Kit,V & V Appliance Parts Inc Heater Kit (MPN: D519127) in the Tools > Industrial > General category.,V & V Appliance Parts Inc Heater Kit (D519127) in Industrial.,V & V Appliance Parts Inc Heater Kit (D519127) in Industrial.,,,,,,,,,,,,,,,,,,,,,,,,,,,,,,,,,,,,,,,,,,,,,,,,,,,,,,,,,,,,,,,,,,,,,,,,,,,,,,,,,,,,,,,,,,,,,,,,,,,,,,,,,,,,,,,,,,,,,,,,,,,,,,,,,,,,,,,,,,,,,,,,,,,,,,,,,,,,,,,,,,,,,,,,,,,,,,,,,,,,,,,,,,,,,,,,,,,,,,,,,,,,,,,,,,,,,,,,,,,,,,,No
,,,,,,,Tools,Industrial,General,,DF7004WE,DF7004WE Speed Queen Elect Dryer Wh,-- Unbranded --,-- No Unilog Brand --,-- No DIB Brand --,Appliance Dealers Cooperative (APPDE),speed queen,Speed Queen,,DF7004WE,DF7004WE,Tools > Industrial > General,Appliance Dealers Cooperative DF7004WE Speed Queen Elect Dryer Wh,APPLIANCE DEALERS COOPERATIVE DF7004WE SPEED QUEEN ELECT DRY,Appliance Dealers Cooperative DF7004WE Speed Queen Elect Dryer Wh,Appliance Dealers Cooperative Speed Queen Elect Dryer Wh (MPN: DF7004WE) in the Tools > Industrial > General category.,Appliance Dealers Cooperative Speed Queen Elect Dryer Wh (DF7004WE) in Industrial.,Appliance Dealers Cooperative Speed Queen Elect Dryer Wh (DF7004WE) in Industrial.,,,,,,,,,,,,,,,,,,,,,,,,,,,,,,,,,,,,,,,,,,,,,,,,,,,,,,,,,,,,,,,,,,,,,,,,,,,,,,,,,,,,,,,,,,,,,,,,,,,,,,,,,,,,,,,,,,,,,,,,,,,,,,,,,,,,,,,,,,,,,,,,,,,,,,,,,,,,,,,,,,,,,,,,,,,,,,,,,,,,,,,,,,,,,,,,,,,,,,,,,,,,,,,,,,,,,,,,,,,,,,,No
,,,,,,,Tools,Industrial,General,,DR7004BE,DR7004BE SQ Elect Dryer Bk,-- Unbranded --,-- No Unilog Brand --,-- No DIB Brand --,Appliance Dealers Cooperative (APPDE),speed queen,Speed Queen,,DR7004BE,DR7004BE,Tools > Industrial > General,Appliance Dealers Cooperative DR7004BE SQ Elect Dryer Bk,APPLIANCE DEALERS COOPERATIVE DR7004BE SQ ELECT DRYER BK,Appliance Dealers Cooperative DR7004BE SQ Elect Dryer Bk,Appliance Dealers Cooperative SQ Elect Dryer Bk (MPN: DR7004BE) in the Tools > Industrial > General category.,Appliance Dealers Cooperative SQ Elect Dryer Bk (DR7004BE) in Industrial.,Appliance Dealers Cooperative SQ Elect Dryer Bk (DR7004BE) in Industrial.,,,,,,,,,,,,,,,,,,,,,,,,,,,,,,,,,,,,,,,,,,,,,,,,,,,,,,,,,,,,,,,,,,,,,,,,,,,,,,,,,,,,,,,,,,,,,,,,,,,,,,,,,,,,,,,,,,,,,,,,,,,,,,,,,,,,,,,,,,,,,,,,,,,,,,,,,,,,,,,,,,,,,,,,,,,,,,,,,,,,,,,,,,,,,,,,,,,,,,,,,,,,,,,,,,,,,,,,,,,,,,,No
,,,,,,,Tools,Industrial,General,,DV2000WE,DV2000WE SQ Elect Dryer Wh,-- Unbranded --,-- No Unilog Brand --,-- No DIB Brand --,Appliance Dealers Cooperative (APPDE),,,,DV2000WE,DV2000WE,Tools > Industrial > General,Appliance Dealers Cooperative DV2000WE SQ Elect Dryer Wh,APPLIANCE DEALERS COOPERATIVE DV2000WE SQ ELECT DRYER WH,Appliance Dealers Cooperative DV2000WE SQ Elect Dryer Wh,Appliance Dealers Cooperative SQ Elect Dryer Wh (MPN: DV2000WE) in the Tools > Industrial > General category.,Appliance Dealers Cooperative SQ Elect Dryer Wh (DV2000WE) in Industrial.,Appliance Dealers Cooperative SQ Elect Dryer Wh (DV2000WE) in Industrial.,,,,,,,,,,,,,,,,,,,,,,,,,,,,,,,,,,,,,,,,,,,,,,,,,,,,,,,,,,,,,,,,,,,,,,,,,,,,,,,,,,,,,,,,,,,,,,,,,,,,,,,,,,,,,,,,,,,,,,,,,,,,,,,,,,,,,,,,,,,,,,,,,,,,,,,,,,,,,,,,,,,,,,,,,,,,,,,,,,,,,,,,,,,,,,,,,,,,,,,,,,,,,,,,,,,,,,,,,,,,,,,No
,,,,,,,Tools,Industrial,General,,DC5004WE,DC5004WE SQ Elect Dryer Wh,-- Unbranded --,-- No Unilog Brand --,-- No DIB Brand --,Appliance Dealers Cooperative (APPDE),speed queen,Speed Queen,,DC5004WE,DC5004WE,Tools > Industrial > General,Appliance Dealers Cooperative DC5004WE SQ Elect Dryer Wh,APPLIANCE DEALERS COOPERATIVE DC5004WE SQ ELECT DRYER WH,Appliance Dealers Cooperative DC5004WE SQ Elect Dryer Wh,Appliance Dealers Cooperative SQ Elect Dryer Wh (MPN: DC5004WE) in the Tools > Industrial > General category.,Appliance Dealers Cooperative SQ Elect Dryer Wh (DC5004WE) in Industrial.,Appliance Dealers Cooperative SQ Elect Dryer Wh (DC5004WE) in Industrial.,,,,,,,,,,,,,,,,,,,,,,,,,,,,,,,,,,,,,,,,,,,,,,,,,,,,,,,,,,,,,,,,,,,,,,,,,,,,,,,,,,,,,,,,,,,,,,,,,,,,,,,,,,,,,,,,,,,,,,,,,,,,,,,,,,,,,,,,,,,,,,,,,,,,,,,,,,,,,,,,,,,,,,,,,,,,,,,,,,,,,,,,,,,,,,,,,,,,,,,,,,,,,,,,,,,,,,,,,,,,,,,No
,,,,,,,Tools,Industrial,General,,DC5004BE,DC5004BE SQ Elect Dryer Bk,-- Unbranded --,-- No Unilog Brand --,-- No DIB Brand --,Appliance Dealers Cooperative (APPDE),speed queen,Speed Queen,,DC5004BE,DC5004BE,Tools > Industrial > General,Appliance Dealers Cooperative DC5004BE SQ Elect Dryer Bk,APPLIANCE DEALERS COOPERATIVE DC5004BE SQ ELECT DRYER BK,Appliance Dealers Cooperative DC5004BE SQ Elect Dryer Bk,Appliance Dealers Cooperative SQ Elect Dryer Bk (MPN: DC5004BE) in the Tools > Industrial > General category.,Appliance Dealers Cooperative SQ Elect Dryer Bk (DC5004BE) in Industrial.,Appliance Dealers Cooperative SQ Elect Dryer Bk (DC5004BE) in Industrial.,,,,,,,,,,,,,,,,,,,,,,,,,,,,,,,,,,,,,,,,,,,,,,,,,,,,,,,,,,,,,,,,,,,,,,,,,,,,,,,,,,,,,,,,,,,,,,,,,,,,,,,,,,,,,,,,,,,,,,,,,,,,,,,,,,,,,,,,,,,,,,,,,,,,,,,,,,,,,,,,,,,,,,,,,,,,,,,,,,,,,,,,,,,,,,,,,,,,,,,,,,,,,,,,,,,,,,,,,,,,,,,No
,,,,,,,Tools,Industrial,General,,WKE100HWA,WKE100HWA LG Laundry Center Wh - Display,-- Unbranded --,-- No Unilog Brand --,-- No DIB Brand --,Appliance Dealers Cooperative (APPDE),lg,LG,,WKE100HWA,WKE100HWA,Tools > Industrial > General,Appliance Dealers Cooperative WKE100HWA LG Laundry Center Wh - Display,APPLIANCE DEALERS COOPERATIVE WKE100HWA LG LAUNDRY CENTER WH,Appliance Dealers Cooperative WKE100HWA LG Laundry Center Wh - Display,Appliance Dealers Cooperative LG Laundry Center Wh - Display (MPN: WKE100HWA) in the Tools > Industrial > General category.,Appliance Dealers Cooperative LG Laundry Center Wh - Display (WKE100HWA) in Industrial.,Appliance Dealers Cooperative LG Laundry Center Wh - Display (WKE100HWA) in Industrial.,,,,,,,,,,,,,,,,,,,,,,,,,,,,,,,,,,,,,,,,,,,,,,,,,,,,,,,,,,,,,,,,,,,,,,,,,,,,,,,,,,,,,,,,,,,,,,,,,,,,,,,,,,,,,,,,,,,,,,,,,,,,,,,,,,,,,,,,,,,,,,,,,,,,,,,,,,,,,,,,,,,,,,,,,,,,,,,,,,,,,,,,,,,,,,,,,,,,,,,,,,,,,,,,,,,,,,,,,,,,,,,No
,,,,,,,Tools,Industrial,General,,FF7011WN,FF7011WN Speed Queen Washer Wh,-- Unbranded --,-- No Unilog Brand --,-- No DIB Brand --,Appliance Dealers Cooperative (APPDE),speed queen,Speed Queen,,FF7011WN,FF7011WN,Tools > Industrial > General,Appliance Dealers Cooperative FF7011WN Speed Queen Washer Wh,APPLIANCE DEALERS COOPERATIVE FF7011WN SPEED QUEEN WASHER WH,Appliance Dealers Cooperative FF7011WN Speed Queen Washer Wh,Appliance Dealers Cooperative Speed Queen Washer Wh (MPN: FF7011WN) in the Tools > Industrial > General category.,Appliance Dealers Cooperative Speed Queen Washer Wh (FF7011WN) in Industrial.,Appliance Dealers Cooperative Speed Queen Washer Wh (FF7011WN) in Industrial.,,,,,,,,,,,,,,,,,,,,,,,,,,,,,,,,,,,,,,,,,,,,,,,,,,,,,,,,,,,,,,,,,,,,,,,,,,,,,,,,,,,,,,,,,,,,,,,,,,,,,,,,,,,,,,,,,,,,,,,,,,,,,,,,,,,,,,,,,,,,,,,,,,,,,,,,,,,,,,,,,,,,,,,,,,,,,,,,,,,,,,,,,,,,,,,,,,,,,,,,,,,,,,,,,,,,,,,,,,,,,,,No
,,,,,,,Tools,Industrial,General,,PTD70GBPTDG,PTD70GBPTDG GE Gas Dryer DG,-- Unbranded --,-- No Unilog Brand --,-- No DIB Brand --,Appliance Dealers Cooperative (APPDE),ge appliances,GE Profile,,PTD70GBPTDG,PTD70GBPTDG,Tools > Industrial > General,Appliance Dealers Cooperative PTD70GBPTDG GE Gas Dryer DG,APPLIANCE DEALERS COOPERATIVE PTD70GBPTDG GE GAS DRYER DG,Appliance Dealers Cooperative PTD70GBPTDG GE Gas Dryer DG,Appliance Dealers Cooperative GE Gas Dryer DG (MPN: PTD70GBPTDG) in the Tools > Industrial > General category.,Appliance Dealers Cooperative GE Gas Dryer DG (PTD70GBPTDG) in Industrial.,Appliance Dealers Cooperative GE Gas Dryer DG (PTD70GBPTDG) in Industrial.,,,,,,,,,,,,,,,,,,,,,,,,,,,,,,,,,,,,,,,,,,,,,,,,,,,,,,,,,,,,,,,,,,,,,,,,,,,,,,,,,,,,,,,,,,,,,,,,,,,,,,,,,,,,,,,,,,,,,,,,,,,,,,,,,,,,,,,,,,,,,,,,,,,,,,,,,,,,,,,,,,,,,,,,,,,,,,,,,,,,,,,,,,,,,,,,,,,,,,,,,,,,,,,,,,,,,,,,,,,,,,,No
,,,,,,,Tools,Industrial,General,,PTD70GBSTWS,PTD70GBSTWS GE Gas Dryer Wh,-- Unbranded --,-- No Unilog Brand --,-- No DIB Brand --,Appliance Dealers Cooperative (APPDE),ge appliances,GE Profile,,PTD70GBSTWS,PTD70GBSTWS,Tools > Industrial > General,Appliance Dealers Cooperative PTD70GBSTWS GE Gas Dryer Wh,APPLIANCE DEALERS COOPERATIVE PTD70GBSTWS GE GAS DRYER WH,Appliance Dealers Cooperative PTD70GBSTWS GE Gas Dryer Wh,Appliance Dealers Cooperative GE Gas Dryer Wh (MPN: PTD70GBSTWS) in the Tools > Industrial > General category.,Appliance Dealers Cooperative GE Gas Dryer Wh (PTD70GBSTWS) in Industrial.,Appliance Dealers Cooperative GE Gas Dryer Wh (PTD70GBSTWS) in Industrial.,,,,,,,,,,,,,,,,,,,,,,,,,,,,,,,,,,,,,,,,,,,,,,,,,,,,,,,,,,,,,,,,,,,,,,,,,,,,,,,,,,,,,,,,,,,,,,,,,,,,,,,,,,,,,,,,,,,,,,,,,,,,,,,,,,,,,,,,,,,,,,,,,,,,,,,,,,,,,,,,,,,,,,,,,,,,,,,,,,,,,,,,,,,,,,,,,,,,,,,,,,,,,,,,,,,,,,,,,,,,,,,No
,,,,,,,Tools,Industrial,General,,DR5004WG,DR5004WG SQ Gas Dryer Wh,-- Unbranded --,-- No Unilog Brand --,-- No DIB Brand --,Appliance Dealers Cooperative (APPDE),,,,DR5004WG,DR5004WG,Tools > Industrial > General,Appliance Dealers Cooperative DR5004WG SQ Gas Dryer Wh,APPLIANCE DEALERS COOPERATIVE DR5004WG SQ GAS DRYER WH,Appliance Dealers Cooperative DR5004WG SQ Gas Dryer Wh,Appliance Dealers Cooperative SQ Gas Dryer Wh (MPN: DR5004WG) in the Tools > Industrial > General category.,Appliance Dealers Cooperative SQ Gas Dryer Wh (DR5004WG) in Industrial.,Appliance Dealers Cooperative SQ Gas Dryer Wh (DR5004WG) in Industrial.,,,,,,,,,,,,,,,,,,,,,,,,,,,,,,,,,,,,,,,,,,,,,,,,,,,,,,,,,,,,,,,,,,,,,,,,,,,,,,,,,,,,,,,,,,,,,,,,,,,,,,,,,,,,,,,,,,,,,,,,,,,,,,,,,,,,,,,,,,,,,,,,,,,,,,,,,,,,,,,,,,,,,,,,,,,,,,,,,,,,,,,,,,,,,,,,,,,,,,,,,,,,,,,,,,,,,,,,,,,,,,,No
,,,,,,,Tools,Industrial,General,,DR7004BG,DR7004BG SQ Gas Dryer Bk,-- Unbranded --,-- No Unilog Brand --,-- No DIB Brand --,Appliance Dealers Cooperative (APPDE),speed queen,Speed Queen,,DR7004BG,DR7004BG,Tools > Industrial > General,Appliance Dealers Cooperative DR7004BG SQ Gas Dryer Bk,APPLIANCE DEALERS COOPERATIVE DR7004BG SQ GAS DRYER BK,Appliance Dealers Cooperative DR7004BG SQ Gas Dryer Bk,Appliance Dealers Cooperative SQ Gas Dryer Bk (MPN: DR7004BG) in the Tools > Industrial > General category.,Appliance Dealers Cooperative SQ Gas Dryer Bk (DR7004BG) in Industrial.,Appliance Dealers Cooperative SQ Gas Dryer Bk (DR7004BG) in Industrial.,,,,,,,,,,,,,,,,,,,,,,,,,,,,,,,,,,,,,,,,,,,,,,,,,,,,,,,,,,,,,,,,,,,,,,,,,,,,,,,,,,,,,,,,,,,,,,,,,,,,,,,,,,,,,,,,,,,,,,,,,,,,,,,,,,,,,,,,,,,,,,,,,,,,,,,,,,,,,,,,,,,,,,,,,,,,,,,,,,,,,,,,,,,,,,,,,,,,,,,,,,,,,,,,,,,,,,,,,,,,,,,No
,,,,,,,Tools,Industrial,General,,DR7004WG,DR7004WG SQ Gas Dryer Wh,-- Unbranded --,-- No Unilog Brand --,-- No DIB Brand --,Appliance Dealers Cooperative (APPDE),speed queen,Speed Queen,,DR7004WG,DR7004WG,Tools > Industrial > General,Appliance Dealers Cooperative DR7004WG SQ Gas Dryer Wh,APPLIANCE DEALERS COOPERATIVE DR7004WG SQ GAS DRYER WH,Appliance Dealers Cooperative DR7004WG SQ Gas Dryer Wh,Appliance Dealers Cooperative SQ Gas Dryer Wh (MPN: DR7004WG) in the Tools > Industrial > General category.,Appliance Dealers Cooperative SQ Gas Dryer Wh (DR7004WG) in Industrial.,Appliance Dealers Cooperative SQ Gas Dryer Wh (DR7004WG) in Industrial.,,,,,,,,,,,,,,,,,,,,,,,,,,,,,,,,,,,,,,,,,,,,,,,,,,,,,,,,,,,,,,,,,,,,,,,,,,,,,,,,,,,,,,,,,,,,,,,,,,,,,,,,,,,,,,,,,,,,,,,,,,,,,,,,,,,,,,,,,,,,,,,,,,,,,,,,,,,,,,,,,,,,,,,,,,,,,,,,,,,,,,,,,,,,,,,,,,,,,,,,,,,,,,,,,,,,,,,,,,,,,,,No
,,,,,,,Tools,Industrial,General,,DV2000WG,DV2000WG SQ Gas Dryer Wh,-- Unbranded --,-- No Unilog Brand --,-- No DIB Brand --,Appliance Dealers Cooperative (APPDE),,,,DV2000WG,DV2000WG,Tools > Industrial > General,Appliance Dealers Cooperative DV2000WG SQ Gas Dryer Wh,APPLIANCE DEALERS COOPERATIVE DV2000WG SQ GAS DRYER WH,Appliance Dealers Cooperative DV2000WG SQ Gas Dryer Wh,Appliance Dealers Cooperative SQ Gas Dryer Wh (MPN: DV2000WG) in the Tools > Industrial > General category.,Appliance Dealers Cooperative SQ Gas Dryer Wh (DV2000WG) in Industrial.,Appliance Dealers Cooperative SQ Gas Dryer Wh (DV2000WG) in Industrial.,,,,,,,,,,,,,,,,,,,,,,,,,,,,,,,,,,,,,,,,,,,,,,,,,,,,,,,,,,,,,,,,,,,,,,,,,,,,,,,,,,,,,,,,,,,,,,,,,,,,,,,,,,,,,,,,,,,,,,,,,,,,,,,,,,,,,,,,,,,,,,,,,,,,,,,,,,,,,,,,,,,,,,,,,,,,,,,,,,,,,,,,,,,,,,,,,,,,,,,,,,,,,,,,,,,,,,,,,,,,,,,No
,,,,,,,Tools,Industrial,General,,DC5004WG,DC5004WG SQ Gas Dryer Wh,-- Unbranded --,-- No Unilog Brand --,-- No DIB Brand --,Appliance Dealers Cooperative (APPDE),speed queen,Speed Queen,,DC5004WG,DC5004WG,Tools > Industrial > General,Appliance Dealers Cooperative DC5004WG SQ Gas Dryer Wh,APPLIANCE DEALERS COOPERATIVE DC5004WG SQ GAS DRYER WH,Appliance Dealers Cooperative DC5004WG SQ Gas Dryer Wh,Appliance Dealers Cooperative SQ Gas Dryer Wh (MPN: DC5004WG) in the Tools > Industrial > General category.,Appliance Dealers Cooperative SQ Gas Dryer Wh (DC5004WG) in Industrial.,Appliance Dealers Cooperative SQ Gas Dryer Wh (DC5004WG) in Industrial.,,,,,,,,,,,,,,,,,,,,,,,,,,,,,,,,,,,,,,,,,,,,,,,,,,,,,,,,,,,,,,,,,,,,,,,,,,,,,,,,,,,,,,,,,,,,,,,,,,,,,,,,,,,,,,,,,,,,,,,,,,,,,,,,,,,,,,,,,,,,,,,,,,,,,,,,,,,,,,,,,,,,,,,,,,,,,,,,,,,,,,,,,,,,,,,,,,,,,,,,,,,,,,,,,,,,,,,,,,,,,,,No
,,,,,,,Tools,Industrial,General,,DC5004BG,DC5004BG SQ Gas Dryer Bk,-- Unbranded --,-- No Unilog Brand --,-- No DIB Brand --,Appliance Dealers Cooperative (APPDE),speed queen,Speed Queen,,DC5004BG,DC5004BG,Tools > Industrial > General,Appliance Dealers Cooperative DC5004BG SQ Gas Dryer Bk,APPLIANCE DEALERS COOPERATIVE DC5004BG SQ GAS DRYER BK,Appliance Dealers Cooperative DC5004BG SQ Gas Dryer Bk,Appliance Dealers Cooperative SQ Gas Dryer Bk (MPN: DC5004BG) in the Tools > Industrial > General category.,Appliance Dealers Cooperative SQ Gas Dryer Bk (DC5004BG) in Industrial.,Appliance Dealers Cooperative SQ Gas Dryer Bk (DC5004BG) in Industrial.,,,,,,,,,,,,,,,,,,,,,,,,,,,,,,,,,,,,,,,,,,,,,,,,,,,,,,,,,,,,,,,,,,,,,,,,,,,,,,,,,,,,,,,,,,,,,,,,,,,,,,,,,,,,,,,,,,,,,,,,,,,,,,,,,,,,,,,,,,,,,,,,,,,,,,,,,,,,,,,,,,,,,,,,,,,,,,,,,,,,,,,,,,,,,,,,,,,,,,,,,,,,,,,,,,,,,,,,,,,,,,,No
,,,,,,,Tools,Industrial,General,,PTW705BSTWS,PTW705BSTWS GE Washer Wh,-- Unbranded --,-- No Unilog Brand --,-- No DIB Brand --,Appliance Dealers Cooperative (APPDE),,,,PTW705BSTWS,PTW705BSTWS,Tools > Industrial > General,Appliance Dealers Cooperative PTW705BSTWS GE Washer Wh,APPLIANCE DEALERS COOPERATIVE PTW705BSTWS GE WASHER WH,Appliance Dealers Cooperative PTW705BSTWS GE Washer Wh,Appliance Dealers Cooperative GE Washer Wh (MPN: PTW705BSTWS) in the Tools > Industrial > General category.,Appliance Dealers Cooperative GE Washer Wh (PTW705BSTWS) in Industrial.,Appliance Dealers Cooperative GE Washer Wh (PTW705BSTWS) in Industrial.,,,,,,,,,,,,,,,,,,,,,,,,,,,,,,,,,,,,,,,,,,,,,,,,,,,,,,,,,,,,,,,,,,,,,,,,,,,,,,,,,,,,,,,,,,,,,,,,,,,,,,,,,,,,,,,,,,,,,,,,,,,,,,,,,,,,,,,,,,,,,,,,,,,,,,,,,,,,,,,,,,,,,,,,,,,,,,,,,,,,,,,,,,,,,,,,,,,,,,,,,,,,,,,,,,,,,,,,,,,,,,,No
,,,,,,,Tools,Industrial,General,,MVWP586GW,MVWP586GW Washer Wh - Display,-- Unbranded --,-- No Unilog Brand --,-- No DIB Brand --,Appliance Dealers Cooperative (APPDE),,,,MVWP586GW,MVWP586GW,Tools > Industrial > General,Appliance Dealers Cooperative MVWP586GW Washer Wh - Display,APPLIANCE DEALERS COOPERATIVE MVWP586GW WASHER WH - DISPLAY,Appliance Dealers Cooperative MVWP586GW Washer Wh - Display,Appliance Dealers Cooperative Washer Wh - Display (MPN: MVWP586GW) in the Tools > Industrial > General category.,Appliance Dealers Cooperative Washer Wh - Display (MVWP586GW) in Industrial.,Appliance Dealers Cooperative Washer Wh - Display (MVWP586GW) in Industrial.,,,,,,,,,,,,,,,,,,,,,,,,,,,,,,,,,,,,,,,,,,,,,,,,,,,,,,,,,,,,,,,,,,,,,,,,,,,,,,,,,,,,,,,,,,,,,,,,,,,,,,,,,,,,,,,,,,,,,,,,,,,,,,,,,,,,,,,,,,,,,,,,,,,,,,,,,,,,,,,,,,,,,,,,,,,,,,,,,,,,,,,,,,,,,,,,,,,,,,,,,,,,,,,,,,,,,,,,,,,,,,,No
,,,,,,,Tools,Industrial,General,,TV2000WN,TV2000WN SQ Elect Washer,-- Unbranded --,-- No Unilog Brand --,-- No DIB Brand --,Appliance Dealers Cooperative (APPDE),,,,TV2000WN,TV2000WN,Tools > Industrial > General,Appliance Dealers Cooperative TV2000WN SQ Elect Washer,APPLIANCE DEALERS COOPERATIVE TV2000WN SQ ELECT WASHER,Appliance Dealers Cooperative TV2000WN SQ Elect Washer,Appliance Dealers Cooperative SQ Elect Washer (MPN: TV2000WN) in the Tools > Industrial > General category.,Appliance Dealers Cooperative SQ Elect Washer (TV2000WN) in Industrial.,Appliance Dealers Cooperative SQ Elect Washer (TV2000WN) in Industrial.,,,,,,,,,,,,,,,,,,,,,,,,,,,,,,,,,,,,,,,,,,,,,,,,,,,,,,,,,,,,,,,,,,,,,,,,,,,,,,,,,,,,,,,,,,,,,,,,,,,,,,,,,,,,,,,,,,,,,,,,,,,,,,,,,,,,,,,,,,,,,,,,,,,,,,,,,,,,,,,,,,,,,,,,,,,,,,,,,,,,,,,,,,,,,,,,,,,,,,,,,,,,,,,,,,,,,,,,,,,,,,,No
,,,,,,,Tools,Industrial,General,,TC5003BN,TC5003BN SQ Washer Bk,-- Unbranded --,-- No Unilog Brand --,-- No DIB Brand --,Appliance Dealers Cooperative (APPDE),speed queen,Speed Queen,,TC5003BN,TC5003BN,Tools > Industrial > General,Appliance Dealers Cooperative TC5003BN SQ Washer Bk,APPLIANCE DEALERS COOPERATIVE TC5003BN SQ WASHER BK,Appliance Dealers Cooperative TC5003BN SQ Washer Bk,Appliance Dealers Cooperative SQ Washer Bk (MPN: TC5003BN) in the Tools > Industrial > General category.,Appliance Dealers Cooperative SQ Washer Bk (TC5003BN) in Industrial.,Appliance Dealers Cooperative SQ Washer Bk (TC5003BN) in Industrial.,,,,,,,,,,,,,,,,,,,,,,,,,,,,,,,,,,,,,,,,,,,,,,,,,,,,,,,,,,,,,,,,,,,,,,,,,,,,,,,,,,,,,,,,,,,,,,,,,,,,,,,,,,,,,,,,,,,,,,,,,,,,,,,,,,,,,,,,,,,,,,,,,,,,,,,,,,,,,,,,,,,,,,,,,,,,,,,,,,,,,,,,,,,,,,,,,,,,,,,,,,,,,,,,,,,,,,,,,,,,,,,No
,,,,,,,Tools,Industrial,General,,TR7006WN,TR7006WN Speed Queen Washer Wh,-- Unbranded --,-- No Unilog Brand --,-- No DIB Brand --,Appliance Dealers Cooperative (APPDE),speed queen,Speed Queen,,TR7006WN,TR7006WN,Tools > Industrial > General,Appliance Dealers Cooperative TR7006WN Speed Queen Washer Wh,APPLIANCE DEALERS COOPERATIVE TR7006WN SPEED QUEEN WASHER WH,Appliance Dealers Cooperative TR7006WN Speed Queen Washer Wh,Appliance Dealers Cooperative Speed Queen Washer Wh (MPN: TR7006WN) in the Tools > Industrial > General category.,Appliance Dealers Cooperative Speed Queen Washer Wh (TR7006WN) in Industrial.,Appliance Dealers Cooperative Speed Queen Washer Wh (TR7006WN) in Industrial.,,,,,,,,,,,,,,,,,,,,,,,,,,,,,,,,,,,,,,,,,,,,,,,,,,,,,,,,,,,,,,,,,,,,,,,,,,,,,,,,,,,,,,,,,,,,,,,,,,,,,,,,,,,,,,,,,,,,,,,,,,,,,,,,,,,,,,,,,,,,,,,,,,,,,,,,,,,,,,,,,,,,,,,,,,,,,,,,,,,,,,,,,,,,,,,,,,,,,,,,,,,,,,,,,,,,,,,,,,,,,,,No
,,,,,,,Tools,Industrial,General,,TR7006BN,TR7006BN Speed Queen Washer Bk,-- Unbranded --,-- No Unilog Brand --,-- No DIB Brand --,Appliance Dealers Cooperative (APPDE),speed queen,Speed Queen,,TR7006BN,TR7006BN,Tools > Industrial > General,Appliance Dealers Cooperative TR7006BN Speed Queen Washer Bk,APPLIANCE DEALERS COOPERATIVE TR7006BN SPEED QUEEN WASHER BK,Appliance Dealers Cooperative TR7006BN Speed Queen Washer Bk,Appliance Dealers Cooperative Speed Queen Washer Bk (MPN: TR7006BN) in the Tools > Industrial > General category.,Appliance Dealers Cooperative Speed Queen Washer Bk (TR7006BN) in Industrial.,Appliance Dealers Cooperative Speed Queen Washer Bk (TR7006BN) in Industrial.,,,,,,,,,,,,,,,,,,,,,,,,,,,,,,,,,,,,,,,,,,,,,,,,,,,,,,,,,,,,,,,,,,,,,,,,,,,,,,,,,,,,,,,,,,,,,,,,,,,,,,,,,,,,,,,,,,,,,,,,,,,,,,,,,,,,,,,,,,,,,,,,,,,,,,,,,,,,,,,,,,,,,,,,,,,,,,,,,,,,,,,,,,,,,,,,,,,,,,,,,,,,,,,,,,,,,,,,,,,,,,,No
,,,,,,,Tools,Industrial,General,,TR5006WN,TR5006WN Speed Queen Washer Wh,-- Unbranded --,-- No Unilog Brand --,-- No DIB Brand --,Appliance Dealers Cooperative (APPDE),,,,TR5006WN,TR5006WN,Tools > Industrial > General,Appliance Dealers Cooperative TR5006WN Speed Queen Washer Wh,APPLIANCE DEALERS COOPERATIVE TR5006WN SPEED QUEEN WASHER WH,Appliance Dealers Cooperative TR5006WN Speed Queen Washer Wh,Appliance Dealers Cooperative Speed Queen Washer Wh (MPN: TR5006WN) in the Tools > Industrial > General category.,Appliance Dealers Cooperative Speed Queen Washer Wh (TR5006WN) in Industrial.,Appliance Dealers Cooperative Speed Queen Washer Wh (TR5006WN) in Industrial.,,,,,,,,,,,,,,,,,,,,,,,,,,,,,,,,,,,,,,,,,,,,,,,,,,,,,,,,,,,,,,,,,,,,,,,,,,,,,,,,,,,,,,,,,,,,,,,,,,,,,,,,,,,,,,,,,,,,,,,,,,,,,,,,,,,,,,,,,,,,,,,,,,,,,,,,,,,,,,,,,,,,,,,,,,,,,,,,,,,,,,,,,,,,,,,,,,,,,,,,,,,,,,,,,,,,,,,,,,,,,,,No
,,,,,,,Tools,Industrial,General,,05134545001,9516 Kneeling Pad& Bttl Opener,-- Unbranded --,-- No Unilog Brand --,-- No DIB Brand --,Wera Tools NA Inc (WERTO),Wera Tools NA Inc (WERTO),,,05134545001,05134545001,Tools > Industrial > General,Wera Tools NA Inc 05134545001 9516 Kneeling Pad& Bttl Opener,WERA TOOLS NA INC 05134545001 9516 KNEELING PAD& BTTL OPENER,Wera Tools NA Inc 05134545001 9516 Kneeling Pad& Bttl Opener,Wera Tools NA Inc 9516 Kneeling Pad& Bttl Opener (MPN: 05134545001) in the Tools > Industrial > General category.,Wera Tools NA Inc 9516 Kneeling Pad& Bttl Opener (05134545001) in Industrial.,Wera Tools NA Inc 9516 Kneeling Pad& Bttl Opener (05134545001) in Industrial.,,,,,,,,,,,,,,,,,,,,,,,,,,,,,,,,,,,,,,,,,,,,,,,,,,,,,,,,,,,,,,,,,,,,,,,,,,,,,,,,,,,,,,,,,,,,,,,,,,,,,,,,,,,,,,,,,,,,,,,,,,,,,,,,,,,,,,,,,,,,,,,,,,,,,,,,,,,,,,,,,,,,,,,,,,,,,,,,,,,,,,,,,,,,,,,,,,,,,,,,,,,,,,,,,,,,,,,,,,,,,,,No
,,,,,,,Tools,Industrial,General,,LNL65301,LNL65301 Digital Tire Pressure - Inflator Gauge,-- Unbranded --,-- No Unilog Brand --,-- No DIB Brand --,-,,,,LNL65301,LNL65301,Tools > Industrial > General,LNL65301 Digital Tire Pressure - Inflator Gauge,LNL65301 DIGITAL TIRE PRESSURE - INFLATOR GAUGE,LNL65301 Digital Tire Pressure - Inflator Gauge,Digital Tire Pressure - Inflator Gauge (MPN: LNL65301) in the Tools > Industrial > General category.,Digital Tire Pressure - Inflator Gauge (LNL65301) in Industrial.,Digital Tire Pressure - Inflator Gauge (LNL65301) in Industrial.,,,,,,,,,,,,,,,,,,,,,,,,,,,,,,,,,,,,,,,,,,,,,,,,,,,,,,,,,,,,,,,,,,,,,,,,,,,,,,,,,,,,,,,,,,,,,,,,,,,,,,,,,,,,,,,,,,,,,,,,,,,,,,,,,,,,,,,,,,,,,,,,,,,,,,,,,,,,,,,,,,,,,,,,,,,,,,,,,,,,,,,,,,,,,,,,,,,,,,,,,,,,,,,,,,,,,,,,,,,,,,,No
,,,,,,,Tools,Industrial,General,,25-A,Charcoal Black 25-A Mortar - Type N,-- Unbranded --,-- No Unilog Brand --,-- No DIB Brand --,Rees Cast Stone Company (REECA),Rees Cast Stone Company (REECA),,,25-A,25-A,Tools > Industrial > General,Rees Cast Stone Company 25-A Charcoal Black 25-A Mortar - Type N,REES CAST STONE COMPANY 25-A CHARCOAL BLACK 25-A MORTAR - TY,Rees Cast Stone Company 25-A Charcoal Black 25-A Mortar - Type N,Rees Cast Stone Company Charcoal Black 25-A Mortar - Type N (MPN: 25-A) in the Tools > Industrial > General category.,Rees Cast Stone Company Charcoal Black 25-A Mortar - Type N (25-A) in Industrial.,Rees Cast Stone Company Charcoal Black 25-A Mortar - Type N (25-A) in Industrial.,,,,,,,,,,,,,,,,,,,,,,,,,,,,,,,,,,,,,,,,,,,,,,,,,,,,,,,,,,,,,,,,,,,,,,,,,,,,,,,,,,,,,,,,,,,,,,,,,,,,,,,,,,,,,,,,,,,,,,,,,,,,,,,,,,,,,,,,,,,,,,,,,,,,,,,,,,,,,,,,,,,,,,,,,,,,,,,,,,,,,,,,,,,,,,,,,,,,,,,,,,,,,,,,,,,,,,,,,,,,,,,No
,,,,,,,Tools,Industrial,General,,38-E,Dark Chocolate 38-E Mortar - Type N,-- Unbranded --,-- No Unilog Brand --,-- No DIB Brand --,Rees Cast Stone Company (REECA),Rees Cast Stone Company (REECA),,,38-E,38-E,Tools > Industrial > General,Rees Cast Stone Company 38-E Dark Chocolate 38-E Mortar - Type N,REES CAST STONE COMPANY 38-E DARK CHOCOLATE 38-E MORTAR - TY,Rees Cast Stone Company 38-E Dark Chocolate 38-E Mortar - Type N,Rees Cast Stone Company Dark Chocolate 38-E Mortar - Type N (MPN: 38-E) in the Tools > Industrial > General category.,Rees Cast Stone Company Dark Chocolate 38-E Mortar - Type N (38-E) in Industrial.,Rees Cast Stone Company Dark Chocolate 38-E Mortar - Type N (38-E) in Industrial.,,,,,,,,,,,,,,,,,,,,,,,,,,,,,,,,,,,,,,,,,,,,,,,,,,,,,,,,,,,,,,,,,,,,,,,,,,,,,,,,,,,,,,,,,,,,,,,,,,,,,,,,,,,,,,,,,,,,,,,,,,,,,,,,,,,,,,,,,,,,,,,,,,,,,,,,,,,,,,,,,,,,,,,,,,,,,,,,,,,,,,,,,,,,,,,,,,,,,,,,,,,,,,,,,,,,,,,,,,,,,,,No
,,,,,,,Tools,Industrial,General,,59-J,Light Buff 59-J Mortar - Type N,-- Unbranded --,-- No Unilog Brand --,-- No DIB Brand --,Rees Cast Stone Company (REECA),Rees Cast Stone Company (REECA),,,59-J,59-J,Tools > Industrial > General,Rees Cast Stone Company 59-J Light Buff 59-J Mortar - Type N,REES CAST STONE COMPANY 59-J LIGHT BUFF 59-J MORTAR - TYPE N,Rees Cast Stone Company 59-J Light Buff 59-J Mortar - Type N,Rees Cast Stone Company Light Buff 59-J Mortar - Type N (MPN: 59-J) in the Tools > Industrial > General category.,Rees Cast Stone Company Light Buff 59-J Mortar - Type N (59-J) in Industrial.,Rees Cast Stone Company Light Buff 59-J Mortar - Type N (59-J) in Industrial.,,,,,,,,,,,,,,,,,,,,,,,,,,,,,,,,,,,,,,,,,,,,,,,,,,,,,,,,,,,,,,,,,,,,,,,,,,,,,,,,,,,,,,,,,,,,,,,,,,,,,,,,,,,,,,,,,,,,,,,,,,,,,,,,,,,,,,,,,,,,,,,,,,,,,,,,,,,,,,,,,,,,,,,,,,,,,,,,,,,,,,,,,,,,,,,,,,,,,,,,,,,,,,,,,,,,,,,,,,,,,,,No
,,,,,,,Tools,Industrial,General,,44-A,Light Chocolate 44-A Mortar - Type N,-- Unbranded --,-- No Unilog Brand --,-- No DIB Brand --,Rees Cast Stone Company (REECA),Rees Cast Stone Company (REECA),,,44-A,44-A,Tools > Industrial > General,Rees Cast Stone Company 44-A Light Chocolate 44-A Mortar - Type N,REES CAST STONE COMPANY 44-A LIGHT CHOCOLATE 44-A MORTAR - T,Rees Cast Stone Company 44-A Light Chocolate 44-A Mortar - Type N,Rees Cast Stone Company Light Chocolate 44-A Mortar - Type N (MPN: 44-A) in the Tools > Industrial > General category.,Rees Cast Stone Company Light Chocolate 44-A Mortar - Type N (44-A) in Industrial.,Rees Cast Stone Company Light Chocolate 44-A Mortar - Type N (44-A) in Industrial.,,,,,,,,,,,,,,,,,,,,,,,,,,,,,,,,,,,,,,,,,,,,,,,,,,,,,,,,,,,,,,,,,,,,,,,,,,,,,,,,,,,,,,,,,,,,,,,,,,,,,,,,,,,,,,,,,,,,,,,,,,,,,,,,,,,,,,,,,,,,,,,,,,,,,,,,,,,,,,,,,,,,,,,,,,,,,,,,,,,,,,,,,,,,,,,,,,,,,,,,,,,,,,,,,,,,,,,,,,,,,,,No
,,,,,,,Tools,Industrial,General,,543302126,6' Wh Select T-Rail Kit Horiz - w/Sq Composite Balusters,TREX,-- No Unilog Brand --,-- No DIB Brand --,U S Lumber (3073),,,,543302126,543302126,Tools > Industrial > General,U S Lumber 543302126 6' Wh Select T-Rail Kit Horiz - w/Sq Composite Balusters,U S LUMBER 543302126 6' WH SELECT T-RAIL KIT HORIZ - W/SQ CO,U S Lumber 543302126 6' Wh Select T-Rail Kit Horiz - w/Sq Composite Balusters,U S Lumber 6' Wh Select T-Rail Kit Horiz - w/Sq Composite Balusters (MPN: 543302126) in the Tools > Industrial > General category.,U S Lumber 6' Wh Select T-Rail Kit Horiz - w/Sq Composite Balusters (543302126) in Industrial.,U S Lumber 6' Wh Select T-Rail Kit Horiz - w/Sq Composite Balusters (543302126) in Industrial.,,,,,,,,,,,,,,,,,,,,,,,,,,,,,,,,,,,,,,,,,,,,,,,,,,,,,,,,,,,,,,,,,,,,,,,,,,,,,,,,,,,,,,,,,,,,,,,,,,,,,,,,,,,,,,,,,,,,,,,,,,,,,,,,,,,,,,,,,,,,,,,,,,,,,,,,,,,,,,,,,,,,,,,,,,,,,,,,,,,,,,,,,,,,,,,,,,,,,,,,,,,,,,,,,,,,,,,,,,,,,,,No
,,,,,,,Tools,Industrial,General,,543302146,8' Wh Select T-Rail Kit Horiz - w/Sq Composite Balusters,TREX,-- No Unilog Brand --,-- No DIB Brand --,U S Lumber (3073),,,,543302146,543302146,Tools > Industrial > General,U S Lumber 543302146 8' Wh Select T-Rail Kit Horiz - w/Sq Composite Balusters,U S LUMBER 543302146 8' WH SELECT T-RAIL KIT HORIZ - W/SQ CO,U S Lumber 543302146 8' Wh Select T-Rail Kit Horiz - w/Sq Composite Balusters,U S Lumber 8' Wh Select T-Rail Kit Horiz - w/Sq Composite Balusters (MPN: 543302146) in the Tools > Industrial > General category.,U S Lumber 8' Wh Select T-Rail Kit Horiz - w/Sq Composite Balusters (543302146) in Industrial.,U S Lumber 8' Wh Select T-Rail Kit Horiz - w/Sq Composite Balusters (543302146) in Industrial.,,,,,,,,,,,,,,,,,,,,,,,,,,,,,,,,,,,,,,,,,,,,,,,,,,,,,,,,,,,,,,,,,,,,,,,,,,,,,,,,,,,,,,,,,,,,,,,,,,,,,,,,,,,,,,,,,,,,,,,,,,,,,,,,,,,,,,,,,,,,,,,,,,,,,,,,,,,,,,,,,,,,,,,,,,,,,,,,,,,,,,,,,,,,,,,,,,,,,,,,,,,,,,,,,,,,,,,,,,,,,,,No
,,,,,,,Tools,Industrial,General,,73019603,Finyline Wh 6' Fl Rail Kit Sq,-- Unbranded --,-- No Unilog Brand --,-- No DIB Brand --,-,,,,73019603,73019603,Tools > Industrial > General,73019603 Finyline Wh 6' Fl Rail Kit Sq,73019603 FINYLINE WH 6' FL RAIL KIT SQ,73019603 Finyline Wh 6' Fl Rail Kit Sq,Finyline Wh 6' Fl Rail Kit Sq (MPN: 73019603) in the Tools > Industrial > General category.,Finyline Wh 6' Fl Rail Kit Sq (73019603) in Industrial.,Finyline Wh 6' Fl Rail Kit Sq (73019603) in Industrial.,,,,,,,,,,,,,,,,,,,,,,,,,,,,,,,,,,,,,,,,,,,,,,,,,,,,,,,,,,,,,,,,,,,,,,,,,,,,,,,,,,,,,,,,,,,,,,,,,,,,,,,,,,,,,,,,,,,,,,,,,,,,,,,,,,,,,,,,,,,,,,,,,,,,,,,,,,,,,,,,,,,,,,,,,,,,,,,,,,,,,,,,,,,,,,,,,,,,,,,,,,,,,,,,,,,,,,,,,,,,,,,No
,,,,,,,Tools,Industrial,General,,73019652,Finyline Wh 8' Fl Rail Kit Sq,-- Unbranded --,-- No Unilog Brand --,-- No DIB Brand --,-,,,,73019652,73019652,Tools > Industrial > General,73019652 Finyline Wh 8' Fl Rail Kit Sq,73019652 FINYLINE WH 8' FL RAIL KIT SQ,73019652 Finyline Wh 8' Fl Rail Kit Sq,Finyline Wh 8' Fl Rail Kit Sq (MPN: 73019652) in the Tools > Industrial > General category.,Finyline Wh 8' Fl Rail Kit Sq (73019652) in Industrial.,Finyline Wh 8' Fl Rail Kit Sq (73019652) in Industrial.,,,,,,,,,,,,,,,,,,,,,,,,,,,,,,,,,,,,,,,,,,,,,,,,,,,,,,,,,,,,,,,,,,,,,,,,,,,,,,,,,,,,,,,,,,,,,,,,,,,,,,,,,,,,,,,,,,,,,,,,,,,,,,,,,,,,,,,,,,,,,,,,,,,,,,,,,,,,,,,,,,,,,,,,,,,,,,,,,,,,,,,,,,,,,,,,,,,,,,,,,,,,,,,,,,,,,,,,,,,,,,,No
,,,,,,,Tools,Industrial,General,,73019517,Finyline Wh 10' Fl Rail Kit Sq,-- Unbranded --,-- No Unilog Brand --,-- No DIB Brand --,-,,,,73019517,73019517,Tools > Industrial > General,73019517 Finyline Wh 10' Fl Rail Kit Sq,73019517 FINYLINE WH 10' FL RAIL KIT SQ,73019517 Finyline Wh 10' Fl Rail Kit Sq,Finyline Wh 10' Fl Rail Kit Sq (MPN: 73019517) in the Tools > Industrial > General category.,Finyline Wh 10' Fl Rail Kit Sq (73019517) in Industrial.,Finyline Wh 10' Fl Rail Kit Sq (73019517) in Industrial.,,,,,,,,,,,,,,,,,,,,,,,,,,,,,,,,,,,,,,,,,,,,,,,,,,,,,,,,,,,,,,,,,,,,,,,,,,,,,,,,,,,,,,,,,,,,,,,,,,,,,,,,,,,,,,,,,,,,,,,,,,,,,,,,,,,,,,,,,,,,,,,,,,,,,,,,,,,,,,,,,,,,,,,,,,,,,,,,,,,,,,,,,,,,,,,,,,,,,,,,,,,,,,,,,,,,,,,,,,,,,,,No
,,,,,,,Tools,Industrial,General,,73019602,Finyline Wh 6' Fl Rail Kit Rd - w/Black Alum Balusters,-- Unbranded --,-- No Unilog Brand --,-- No DIB Brand --,-,,,,73019602,73019602,Tools > Industrial > General,73019602 Finyline Wh 6' Fl Rail Kit Rd - w/Black Alum Balusters,73019602 FINYLINE WH 6' FL RAIL KIT RD - W/BLACK ALUM BALUST,73019602 Finyline Wh 6' Fl Rail Kit Rd - w/Black Alum Balusters,Finyline Wh 6' Fl Rail Kit Rd - w/Black Alum Balusters (MPN: 73019602) in the Tools > Industrial > General category.,Finyline Wh 6' Fl Rail Kit Rd - w/Black Alum Balusters (73019602) in Industrial.,Finyline Wh 6' Fl Rail Kit Rd - w/Black Alum Balusters (73019602) in Industrial.,,,,,,,,,,,,,,,,,,,,,,,,,,,,,,,,,,,,,,,,,,,,,,,,,,,,,,,,,,,,,,,,,,,,,,,,,,,,,,,,,,,,,,,,,,,,,,,,,,,,,,,,,,,,,,,,,,,,,,,,,,,,,,,,,,,,,,,,,,,,,,,,,,,,,,,,,,,,,,,,,,,,,,,,,,,,,,,,,,,,,,,,,,,,,,,,,,,,,,,,,,,,,,,,,,,,,,,,,,,,,,,No
,,,,,,,Tools,Industrial,General,,73019651,Finyline Wh 8' Fl Rail Kit Rd - w/Black Alum Balusters,-- Unbranded --,-- No Unilog Brand --,-- No DIB Brand --,-,,,,73019651,73019651,Tools > Industrial > General,73019651 Finyline Wh 8' Fl Rail Kit Rd - w/Black Alum Balusters,73019651 FINYLINE WH 8' FL RAIL KIT RD - W/BLACK ALUM BALUST,73019651 Finyline Wh 8' Fl Rail Kit Rd - w/Black Alum Balusters,Finyline Wh 8' Fl Rail Kit Rd - w/Black Alum Balusters (MPN: 73019651) in the Tools > Industrial > General category.,Finyline Wh 8' Fl Rail Kit Rd - w/Black Alum Balusters (73019651) in Industrial.,Finyline Wh 8' Fl Rail Kit Rd - w/Black Alum Balusters (73019651) in Industrial.,,,,,,,,,,,,,,,,,,,,,,,,,,,,,,,,,,,,,,,,,,,,,,,,,,,,,,,,,,,,,,,,,,,,,,,,,,,,,,,,,,,,,,,,,,,,,,,,,,,,,,,,,,,,,,,,,,,,,,,,,,,,,,,,,,,,,,,,,,,,,,,,,,,,,,,,,,,,,,,,,,,,,,,,,,,,,,,,,,,,,,,,,,,,,,,,,,,,,,,,,,,,,,,,,,,,,,,,,,,,,,,No
,,,,,,,Tools,Industrial,General,,73019516,Finyline Wh 10' Fl Rail Kit Rd - w/Black Alum Balusters,-- Unbranded --,-- No Unilog Brand --,-- No DIB Brand --,-,,,,73019516,73019516,Tools > Industrial > General,73019516 Finyline Wh 10' Fl Rail Kit Rd - w/Black Alum Balusters,73019516 FINYLINE WH 10' FL RAIL KIT RD - W/BLACK ALUM BALUS,73019516 Finyline Wh 10' Fl Rail Kit Rd - w/Black Alum Balusters,Finyline Wh 10' Fl Rail Kit Rd - w/Black Alum Balusters (MPN: 73019516) in the Tools > Industrial > General category.,Finyline Wh 10' Fl Rail Kit Rd - w/Black Alum Balusters (73019516) in Industrial.,Finyline Wh 10' Fl Rail Kit Rd - w/Black Alum Balusters (73019516) in Industrial.,,,,,,,,,,,,,,,,,,,,,,,,,,,,,,,,,,,,,,,,,,,,,,,,,,,,,,,,,,,,,,,,,,,,,,,,,,,,,,,,,,,,,,,,,,,,,,,,,,,,,,,,,,,,,,,,,,,,,,,,,,,,,,,,,,,,,,,,,,,,,,,,,,,,,,,,,,,,,,,,,,,,,,,,,,,,,,,,,,,,,,,,,,,,,,,,,,,,,,,,,,,,,,,,,,,,,,,,,,,,,,,No
,,,,,,,Tools,Industrial,General,,543300256,6' Black Select Classic Horiz - Rail w/Rnd Black Alum Baluster,TREX,-- No Unilog Brand --,-- No DIB Brand --,Boise Cascade Building Materials (BOICA),,,,543300256,543300256,Tools > Industrial > General,Boise Cascade Building Materials 543300256 6' Black Select Classic Horiz - Rail w/Rnd Black Alum Bal,BOISE CASCADE BUILDING MATERIALS 543300256 6' BLACK SELECT C,Boise Cascade Building Materials 543300256 6' Black Select Classic Horiz - Rail w/Rnd Black Alum Baluster,Boise Cascade Building Materials 6' Black Select Classic Horiz - Rail w/Rnd Black Alum Baluster (MPN: 543300256) in the Tools > Industrial > General category.,Boise Cascade Building Materials 6' Black Select Classic Horiz - Rail w/Rnd Black Alum Baluster (543300256) in Industrial.,Boise Cascade Building Materials 6' Black Select Classic Horiz - Rail w/Rnd Black Alum Baluster (543300256) in Industrial.,,,,,,,,,,,,,,,,,,,,,,,,,,,,,,,,,,,,,,,,,,,,,,,,,,,,,,,,,,,,,,,,,,,,,,,,,,,,,,,,,,,,,,,,,,,,,,,,,,,,,,,,,,,,,,,,,,,,,,,,,,,,,,,,,,,,,,,,,,,,,,,,,,,,,,,,,,,,,,,,,,,,,,,,,,,,,,,,,,,,,,,,,,,,,,,,,,,,,,,,,,,,,,,,,,,,,,,,,,,,,,,No
,,,,,,,Tools,Industrial,General,,543300276,8' Black Select Classic Horiz - Rail w/Rnd Black Alum Baluster,TREX,-- No Unilog Brand --,-- No DIB Brand --,Boise Cascade Building Materials (BOICA),,,,543300276,543300276,Tools > Industrial > General,Boise Cascade Building Materials 543300276 8' Black Select Classic Horiz - Rail w/Rnd Black Alum Bal,BOISE CASCADE BUILDING MATERIALS 543300276 8' BLACK SELECT C,Boise Cascade Building Materials 543300276 8' Black Select Classic Horiz - Rail w/Rnd Black Alum Baluster,Boise Cascade Building Materials 8' Black Select Classic Horiz - Rail w/Rnd Black Alum Baluster (MPN: 543300276) in the Tools > Industrial > General category.,Boise Cascade Building Materials 8' Black Select Classic Horiz - Rail w/Rnd Black Alum Baluster (543300276) in Industrial.,Boise Cascade Building Materials 8' Black Select Classic Horiz - Rail w/Rnd Black Alum Baluster (543300276) in Industrial.,,,,,,,,,,,,,,,,,,,,,,,,,,,,,,,,,,,,,,,,,,,,,,,,,,,,,,,,,,,,,,,,,,,,,,,,,,,,,,,,,,,,,,,,,,,,,,,,,,,,,,,,,,,,,,,,,,,,,,,,,,,,,,,,,,,,,,,,,,,,,,,,,,,,,,,,,,,,,,,,,,,,,,,,,,,,,,,,,,,,,,,,,,,,,,,,,,,,,,,,,,,,,,,,,,,,,,,,,,,,,,,No
,,,,,,,Tools,Industrial,General,,73045028,Custom Finyline Wh Gate Sq Bal,-- Unbranded --,-- No Unilog Brand --,-- No DIB Brand --,-,,,,73045028,73045028,Tools > Industrial > General,73045028 Custom Finyline Wh Gate Sq Bal,73045028 CUSTOM FINYLINE WH GATE SQ BAL,73045028 Custom Finyline Wh Gate Sq Bal,Custom Finyline Wh Gate Sq Bal (MPN: 73045028) in the Tools > Industrial > General category.,Custom Finyline Wh Gate Sq Bal (73045028) in Industrial.,Custom Finyline Wh Gate Sq Bal (73045028) in Industrial.,,,,,,,,,,,,,,,,,,,,,,,,,,,,,,,,,,,,,,,,,,,,,,,,,,,,,,,,,,,,,,,,,,,,,,,,,,,,,,,,,,,,,,,,,,,,,,,,,,,,,,,,,,,,,,,,,,,,,,,,,,,,,,,,,,,,,,,,,,,,,,,,,,,,,,,,,,,,,,,,,,,,,,,,,,,,,,,,,,,,,,,,,,,,,,,,,,,,,,,,,,,,,,,,,,,,,,,,,,,,,,,No
,,,,,,,Tools,Industrial,General,,73045031,Custom Finyline Wh Gate Rd - w/Black Alum Balusters,-- Unbranded --,-- No Unilog Brand --,-- No DIB Brand --,-,,,,73045031,73045031,Tools > Industrial > General,73045031 Custom Finyline Wh Gate Rd - w/Black Alum Balusters,73045031 CUSTOM FINYLINE WH GATE RD - W/BLACK ALUM BALUSTERS,73045031 Custom Finyline Wh Gate Rd - w/Black Alum Balusters,Custom Finyline Wh Gate Rd - w/Black Alum Balusters (MPN: 73045031) in the Tools > Industrial > General category.,Custom Finyline Wh Gate Rd - w/Black Alum Balusters (73045031) in Industrial.,Custom Finyline Wh Gate Rd - w/Black Alum Balusters (73045031) in Industrial.,,,,,,,,,,,,,,,,,,,,,,,,,,,,,,,,,,,,,,,,,,,,,,,,,,,,,,,,,,,,,,,,,,,,,,,,,,,,,,,,,,,,,,,,,,,,,,,,,,,,,,,,,,,,,,,,,,,,,,,,,,,,,,,,,,,,,,,,,,,,,,,,,,,,,,,,,,,,,,,,,,,,,,,,,,,,,,,,,,,,,,,,,,,,,,,,,,,,,,,,,,,,,,,,,,,,,,,,,,,,,,,No
,,,,,,,Tools,Industrial,General,,543340126,"6'x36"" Select Alm w/Sq Bal Hor - Assembled Black Rail Panel",TREX,-- No Unilog Brand --,-- No DIB Brand --,Boise Cascade Building Materials (BOICA),,,,543340126,543340126,Tools > Industrial > General,"Boise Cascade Building Materials 543340126 6'x36"" Select Alm w/Sq Bal Hor - Assembled Black Rail Pan","BOISE CASCADE BUILDING MATERIALS 543340126 6'X36"" SELECT ALM","Boise Cascade Building Materials 543340126 6'x36"" Select Alm w/Sq Bal Hor - Assembled Black Rail Panel","Boise Cascade Building Materials 6'x36"" Select Alm w/Sq Bal Hor - Assembled Black Rail Panel (MPN: 543340126) in the Tools > Industrial > General category.","Boise Cascade Building Materials 6'x36"" Select Alm w/Sq Bal Hor - Assembled Black Rail Panel (543340126) in Industrial.","Boise Cascade Building Materials 6'x36"" Select Alm w/Sq Bal Hor - Assembled Black Rail Panel (543340126) in Industrial.",,,,,,,,,,,,,,,,,,,,,,,,,,,,,,,,,,,,,,,,,,,,,,,,,,,,,,,,,,,,,,,,,,,,,,,,,,,,,,,,,,,,,,,,,,,,,,,,,,,,,,,,,,,,,,,,,,,,,,,,,,,,,,,,,,,,,,,,,,,,,,,,,,,,,,,,,,,,,,,,,,,,,,,,,,,,,,,,,,,,,,,,,,,,,,,,,,,,,,,,,,,,,,,,,,,,,,,,,,,,,,,No
,,,,,,,Tools,Industrial,General,,543340127,"6'x36"" Select Alm w/Sq Bal Str - Assembled Black Rail Panel",TREX,-- No Unilog Brand --,-- No DIB Brand --,Boise Cascade Building Materials (BOICA),,,,543340127,543340127,Tools > Industrial > General,"Boise Cascade Building Materials 543340127 6'x36"" Select Alm w/Sq Bal Str - Assembled Black Rail Pan","BOISE CASCADE BUILDING MATERIALS 543340127 6'X36"" SELECT ALM","Boise Cascade Building Materials 543340127 6'x36"" Select Alm w/Sq Bal Str - Assembled Black Rail Panel","Boise Cascade Building Materials 6'x36"" Select Alm w/Sq Bal Str - Assembled Black Rail Panel (MPN: 543340127) in the Tools > Industrial > General category.","Boise Cascade Building Materials 6'x36"" Select Alm w/Sq Bal Str - Assembled Black Rail Panel (543340127) in Industrial.","Boise Cascade Building Materials 6'x36"" Select Alm w/Sq Bal Str - Assembled Black Rail Panel (543340127) in Industrial.",,,,,,,,,,,,,,,,,,,,,,,,,,,,,,,,,,,,,,,,,,,,,,,,,,,,,,,,,,,,,,,,,,,,,,,,,,,,,,,,,,,,,,,,,,,,,,,,,,,,,,,,,,,,,,,,,,,,,,,,,,,,,,,,,,,,,,,,,,,,,,,,,,,,,,,,,,,,,,,,,,,,,,,,,,,,,,,,,,,,,,,,,,,,,,,,,,,,,,,,,,,,,,,,,,,,,,,,,,,,,,,No
,,,,,,,Tools,Industrial,General,,543340146,"8'x36"" Select Alm w/Sq Bal Hor - Assembled Black Rail Panel",TREX,-- No Unilog Brand --,-- No DIB Brand --,Boise Cascade Building Materials (BOICA),,,,543340146,543340146,Tools > Industrial > General,"Boise Cascade Building Materials 543340146 8'x36"" Select Alm w/Sq Bal Hor - Assembled Black Rail Pan","BOISE CASCADE BUILDING MATERIALS 543340146 8'X36"" SELECT ALM","Boise Cascade Building Materials 543340146 8'x36"" Select Alm w/Sq Bal Hor - Assembled Black Rail Panel","Boise Cascade Building Materials 8'x36"" Select Alm w/Sq Bal Hor - Assembled Black Rail Panel (MPN: 543340146) in the Tools > Industrial > General category.","Boise Cascade Building Materials 8'x36"" Select Alm w/Sq Bal Hor - Assembled Black Rail Panel (543340146) in Industrial.","Boise Cascade Building Materials 8'x36"" Select Alm w/Sq Bal Hor - Assembled Black Rail Panel (543340146) in Industrial.",,,,,,,,,,,,,,,,,,,,,,,,,,,,,,,,,,,,,,,,,,,,,,,,,,,,,,,,,,,,,,,,,,,,,,,,,,,,,,,,,,,,,,,,,,,,,,,,,,,,,,,,,,,,,,,,,,,,,,,,,,,,,,,,,,,,,,,,,,,,,,,,,,,,,,,,,,,,,,,,,,,,,,,,,,,,,,,,,,,,,,,,,,,,,,,,,,,,,,,,,,,,,,,,,,,,,,,,,,,,,,,No
,,,,,,,Tools,Industrial,General,,543340147,"8'x36"" Select Alm w/Sq Bal Str - Assembled Black Rail Panel",TREX,-- No Unilog Brand --,-- No DIB Brand --,Boise Cascade Building Materials (BOICA),,,,543340147,543340147,Tools > Industrial > General,"Boise Cascade Building Materials 543340147 8'x36"" Select Alm w/Sq Bal Str - Assembled Black Rail Pan","BOISE CASCADE BUILDING MATERIALS 543340147 8'X36"" SELECT ALM","Boise Cascade Building Materials 543340147 8'x36"" Select Alm w/Sq Bal Str - Assembled Black Rail Panel","Boise Cascade Building Materials 8'x36"" Select Alm w/Sq Bal Str - Assembled Black Rail Panel (MPN: 543340147) in the Tools > Industrial > General category.","Boise Cascade Building Materials 8'x36"" Select Alm w/Sq Bal Str - Assembled Black Rail Panel (543340147) in Industrial.","Boise Cascade Building Materials 8'x36"" Select Alm w/Sq Bal Str - Assembled Black Rail Panel (543340147) in Industrial.",,,,,,,,,,,,,,,,,,,,,,,,,,,,,,,,,,,,,,,,,,,,,,,,,,,,,,,,,,,,,,,,,,,,,,,,,,,,,,,,,,,,,,,,,,,,,,,,,,,,,,,,,,,,,,,,,,,,,,,,,,,,,,,,,,,,,,,,,,,,,,,,,,,,,,,,,,,,,,,,,,,,,,,,,,,,,,,,,,,,,,,,,,,,,,,,,,,,,,,,,,,,,,,,,,,,,,,,,,,,,,,No
,,,,,,,Tools,Industrial,General,,ADB15516CS,1x6-16' Coastline Sq Edge - Vintage Azek PVC Decking,TIMBERTECH,-- No Unilog Brand --,-- No DIB Brand --,Parksite (6151),azek,Azek,,ADB15516CS,ADB15516CS,Tools > Industrial > General,Parksite ADB15516CS 1x6-16' Coastline Sq Edge - Vintage Azek PVC Decking,PARKSITE ADB15516CS 1X6-16' COASTLINE SQ EDGE - VINTAGE AZEK,Parksite ADB15516CS 1x6-16' Coastline Sq Edge - Vintage Azek PVC Decking,Parksite 1x6-16' Coastline Sq Edge - Vintage Azek PVC Decking (MPN: ADB15516CS) in the Tools > Industrial > General category.,Parksite 1x6-16' Coastline Sq Edge - Vintage Azek PVC Decking (ADB15516CS) in Industrial.,Parksite 1x6-16' Coastline Sq Edge - Vintage Azek PVC Decking (ADB15516CS) in Industrial.,,,,,,,,,,,,,,,,,,,,,,,,,,,,,,,,,,,,,,,,,,,,,,,,,,,,,,,,,,,,,,,,,,,,,,,,,,,,,,,,,,,,,,,,,,,,,,,,,,,,,,,,,,,,,,,,,,,,,,,,,,,,,,,,,,,,,,,,,,,,,,,,,,,,,,,,,,,,,,,,,,,,,,,,,,,,,,,,,,,,,,,,,,,,,,,,,,,,,,,,,,,,,,,,,,,,,,,,,,,,,,,No
,,,,,,,Tools,Industrial,General,,ADB15520CS,1x6-20' Coastline Sq Edge - Vintage Azek PVC Decking,TIMBERTECH,-- No Unilog Brand --,-- No DIB Brand --,Parksite (6151),azek,Azek,,ADB15520CS,ADB15520CS,Tools > Industrial > General,Parksite ADB15520CS 1x6-20' Coastline Sq Edge - Vintage Azek PVC Decking,PARKSITE ADB15520CS 1X6-20' COASTLINE SQ EDGE - VINTAGE AZEK,Parksite ADB15520CS 1x6-20' Coastline Sq Edge - Vintage Azek PVC Decking,Parksite 1x6-20' Coastline Sq Edge - Vintage Azek PVC Decking (MPN: ADB15520CS) in the Tools > Industrial > General category.,Parksite 1x6-20' Coastline Sq Edge - Vintage Azek PVC Decking (ADB15520CS) in Industrial.,Parksite 1x6-20' Coastline Sq Edge - Vintage Azek PVC Decking (ADB15520CS) in Industrial.,,,,,,,,,,,,,,,,,,,,,,,,,,,,,,,,,,,,,,,,,,,,,,,,,,,,,,,,,,,,,,,,,,,,,,,,,,,,,,,,,,,,,,,,,,,,,,,,,,,,,,,,,,,,,,,,,,,,,,,,,,,,,,,,,,,,,,,,,,,,,,,,,,,,,,,,,,,,,,,,,,,,,,,,,,,,,,,,,,,,,,,,,,,,,,,,,,,,,,,,,,,,,,,,,,,,,,,,,,,,,,,No
,,,,,,,Tools,Industrial,General,,ADB15516EW,1x6-16' English Walnut Sq Edge - Vintage Azek PVC Decking,TIMBERTECH,-- No Unilog Brand --,-- No DIB Brand --,Parksite (6151),azek,Azek,,ADB15516EW,ADB15516EW,Tools > Industrial > General,Parksite ADB15516EW 1x6-16' English Walnut Sq Edge - Vintage Azek PVC Decking,PARKSITE ADB15516EW 1X6-16' ENGLISH WALNUT SQ EDGE - VINTAGE,Parksite ADB15516EW 1x6-16' English Walnut Sq Edge - Vintage Azek PVC Decking,Parksite 1x6-16' English Walnut Sq Edge - Vintage Azek PVC Decking (MPN: ADB15516EW) in the Tools > Industrial > General category.,Parksite 1x6-16' English Walnut Sq Edge - Vintage Azek PVC Decking (ADB15516EW) in Industrial.,Parksite 1x6-16' English Walnut Sq Edge - Vintage Azek PVC Decking (ADB15516EW) in Industrial.,,,,,,,,,,,,,,,,,,,,,,,,,,,,,,,,,,,,,,,,,,,,,,,,,,,,,,,,,,,,,,,,,,,,,,,,,,,,,,,,,,,,,,,,,,,,,,,,,,,,,,,,,,,,,,,,,,,,,,,,,,,,,,,,,,,,,,,,,,,,,,,,,,,,,,,,,,,,,,,,,,,,,,,,,,,,,,,,,,,,,,,,,,,,,,,,,,,,,,,,,,,,,,,,,,,,,,,,,,,,,,,No
,,,,,,,Tools,Industrial,General,,ADB15520EW,1x6-20' English Walnut Sq Edge - Vintage Azek PVC Decking,TIMBERTECH,-- No Unilog Brand --,-- No DIB Brand --,Parksite (6151),azek,Azek,,ADB15520EW,ADB15520EW,Tools > Industrial > General,Parksite ADB15520EW 1x6-20' English Walnut Sq Edge - Vintage Azek PVC Decking,PARKSITE ADB15520EW 1X6-20' ENGLISH WALNUT SQ EDGE - VINTAGE,Parksite ADB15520EW 1x6-20' English Walnut Sq Edge - Vintage Azek PVC Decking,Parksite 1x6-20' English Walnut Sq Edge - Vintage Azek PVC Decking (MPN: ADB15520EW) in the Tools > Industrial > General category.,Parksite 1x6-20' English Walnut Sq Edge - Vintage Azek PVC Decking (ADB15520EW) in Industrial.,Parksite 1x6-20' English Walnut Sq Edge - Vintage Azek PVC Decking (ADB15520EW) in Industrial.,,,,,,,,,,,,,,,,,,,,,,,,,,,,,,,,,,,,,,,,,,,,,,,,,,,,,,,,,,,,,,,,,,,,,,,,,,,,,,,,,,,,,,,,,,,,,,,,,,,,,,,,,,,,,,,,,,,,,,,,,,,,,,,,,,,,,,,,,,,,,,,,,,,,,,,,,,,,,,,,,,,,,,,,,,,,,,,,,,,,,,,,,,,,,,,,,,,,,,,,,,,,,,,,,,,,,,,,,,,,,,,No
,,,,,,,Tools,Industrial,General,,ADB15516MH,1x6-16' Mahogany Sq Edge - Vintage Azek PVC Decking,TIMBERTECH,-- No Unilog Brand --,-- No DIB Brand --,Parksite (6151),azek,Azek,,ADB15516MH,ADB15516MH,Tools > Industrial > General,Parksite ADB15516MH 1x6-16' Mahogany Sq Edge - Vintage Azek PVC Decking,PARKSITE ADB15516MH 1X6-16' MAHOGANY SQ EDGE - VINTAGE AZEK,Parksite ADB15516MH 1x6-16' Mahogany Sq Edge - Vintage Azek PVC Decking,Parksite 1x6-16' Mahogany Sq Edge - Vintage Azek PVC Decking (MPN: ADB15516MH) in the Tools > Industrial > General category.,Parksite 1x6-16' Mahogany Sq Edge - Vintage Azek PVC Decking (ADB15516MH) in Industrial.,Parksite 1x6-16' Mahogany Sq Edge - Vintage Azek PVC Decking (ADB15516MH) in Industrial.,,,,,,,,,,,,,,,,,,,,,,,,,,,,,,,,,,,,,,,,,,,,,,,,,,,,,,,,,,,,,,,,,,,,,,,,,,,,,,,,,,,,,,,,,,,,,,,,,,,,,,,,,,,,,,,,,,,,,,,,,,,,,,,,,,,,,,,,,,,,,,,,,,,,,,,,,,,,,,,,,,,,,,,,,,,,,,,,,,,,,,,,,,,,,,,,,,,,,,,,,,,,,,,,,,,,,,,,,,,,,,,No
,,,,,,,Tools,Industrial,General,,ADB15520MH,1x6-20' Mahogany Sq Edge - Vintage Azek PVC Decking,TIMBERTECH,-- No Unilog Brand --,-- No DIB Brand --,Parksite (6151),azek,Azek,,ADB15520MH,ADB15520MH,Tools > Industrial > General,Parksite ADB15520MH 1x6-20' Mahogany Sq Edge - Vintage Azek PVC Decking,PARKSITE ADB15520MH 1X6-20' MAHOGANY SQ EDGE - VINTAGE AZEK,Parksite ADB15520MH 1x6-20' Mahogany Sq Edge - Vintage Azek PVC Decking,Parksite 1x6-20' Mahogany Sq Edge - Vintage Azek PVC Decking (MPN: ADB15520MH) in the Tools > Industrial > General category.,Parksite 1x6-20' Mahogany Sq Edge - Vintage Azek PVC Decking (ADB15520MH) in Industrial.,Parksite 1x6-20' Mahogany Sq Edge - Vintage Azek PVC Decking (ADB15520MH) in Industrial.,,,,,,,,,,,,,,,,,,,,,,,,,,,,,,,,,,,,,,,,,,,,,,,,,,,,,,,,,,,,,,,,,,,,,,,,,,,,,,,,,,,,,,,,,,,,,,,,,,,,,,,,,,,,,,,,,,,,,,,,,,,,,,,,,,,,,,,,,,,,,,,,,,,,,,,,,,,,,,,,,,,,,,,,,,,,,,,,,,,,,,,,,,,,,,,,,,,,,,,,,,,,,,,,,,,,,,,,,,,,,,,No
,,,,,,,Tools,Industrial,General,,ADB15516WT,1x6-16' Weathered Teak Sq Edge - Vintage Azek PVC Decking,TIMBERTECH,-- No Unilog Brand --,-- No DIB Brand --,Parksite (6151),azek,Azek,,ADB15516WT,ADB15516WT,Tools > Industrial > General,Parksite ADB15516WT 1x6-16' Weathered Teak Sq Edge - Vintage Azek PVC Decking,PARKSITE ADB15516WT 1X6-16' WEATHERED TEAK SQ EDGE - VINTAGE,Parksite ADB15516WT 1x6-16' Weathered Teak Sq Edge - Vintage Azek PVC Decking,Parksite 1x6-16' Weathered Teak Sq Edge - Vintage Azek PVC Decking (MPN: ADB15516WT) in the Tools > Industrial > General category.,Parksite 1x6-16' Weathered Teak Sq Edge - Vintage Azek PVC Decking (ADB15516WT) in Industrial.,Parksite 1x6-16' Weathered Teak Sq Edge - Vintage Azek PVC Decking (ADB15516WT) in Industrial.,,,,,,,,,,,,,,,,,,,,,,,,,,,,,,,,,,,,,,,,,,,,,,,,,,,,,,,,,,,,,,,,,,,,,,,,,,,,,,,,,,,,,,,,,,,,,,,,,,,,,,,,,,,,,,,,,,,,,,,,,,,,,,,,,,,,,,,,,,,,,,,,,,,,,,,,,,,,,,,,,,,,,,,,,,,,,,,,,,,,,,,,,,,,,,,,,,,,,,,,,,,,,,,,,,,,,,,,,,,,,,,No
,,,,,,,Tools,Industrial,General,,ADB15520WT,1x6-20' Weathered Teak Sq Edge - Vintage Azek PVC Decking,TIMBERTECH,-- No Unilog Brand --,-- No DIB Brand --,Parksite (6151),azek,Azek,,ADB15520WT,ADB15520WT,Tools > Industrial > General,Parksite ADB15520WT 1x6-20' Weathered Teak Sq Edge - Vintage Azek PVC Decking,PARKSITE ADB15520WT 1X6-20' WEATHERED TEAK SQ EDGE - VINTAGE,Parksite ADB15520WT 1x6-20' Weathered Teak Sq Edge - Vintage Azek PVC Decking,Parksite 1x6-20' Weathered Teak Sq Edge - Vintage Azek PVC Decking (MPN: ADB15520WT) in the Tools > Industrial > General category.,Parksite 1x6-20' Weathered Teak Sq Edge - Vintage Azek PVC Decking (ADB15520WT) in Industrial.,Parksite 1x6-20' Weathered Teak Sq Edge - Vintage Azek PVC Decking (ADB15520WT) in Industrial.,,,,,,,,,,,,,,,,,,,,,,,,,,,,,,,,,,,,,,,,,,,,,,,,,,,,,,,,,,,,,,,,,,,,,,,,,,,,,,,,,,,,,,,,,,,,,,,,,,,,,,,,,,,,,,,,,,,,,,,,,,,,,,,,,,,,,,,,,,,,,,,,,,,,,,,,,,,,,,,,,,,,,,,,,,,,,,,,,,,,,,,,,,,,,,,,,,,,,,,,,,,,,,,,,,,,,,,,,,,,,,,No
,,,,,,,Tools,Industrial,General,,AGB15512CS,1x6-12' Coastline Grooved - Vintage Azek PVC Decking,TIMBERTECH,-- No Unilog Brand --,-- No DIB Brand --,Parksite (6151),azek,Azek,,AGB15512CS,AGB15512CS,Tools > Industrial > General,Parksite AGB15512CS 1x6-12' Coastline Grooved - Vintage Azek PVC Decking,PARKSITE AGB15512CS 1X6-12' COASTLINE GROOVED - VINTAGE AZEK,Parksite AGB15512CS 1x6-12' Coastline Grooved - Vintage Azek PVC Decking,Parksite 1x6-12' Coastline Grooved - Vintage Azek PVC Decking (MPN: AGB15512CS) in the Tools > Industrial > General category.,Parksite 1x6-12' Coastline Grooved - Vintage Azek PVC Decking (AGB15512CS) in Industrial.,Parksite 1x6-12' Coastline Grooved - Vintage Azek PVC Decking (AGB15512CS) in Industrial.,,,,,,,,,,,,,,,,,,,,,,,,,,,,,,,,,,,,,,,,,,,,,,,,,,,,,,,,,,,,,,,,,,,,,,,,,,,,,,,,,,,,,,,,,,,,,,,,,,,,,,,,,,,,,,,,,,,,,,,,,,,,,,,,,,,,,,,,,,,,,,,,,,,,,,,,,,,,,,,,,,,,,,,,,,,,,,,,,,,,,,,,,,,,,,,,,,,,,,,,,,,,,,,,,,,,,,,,,,,,,,,No
,,,,,,,Tools,Industrial,General,,AGB15516CS,1x6-16' Coastline Grooved - Vintage Azek PVC Decking,TIMBERTECH,-- No Unilog Brand --,-- No DIB Brand --,Parksite (6151),azek,Azek,,AGB15516CS,AGB15516CS,Tools > Industrial > General,Parksite AGB15516CS 1x6-16' Coastline Grooved - Vintage Azek PVC Decking,PARKSITE AGB15516CS 1X6-16' COASTLINE GROOVED - VINTAGE AZEK,Parksite AGB15516CS 1x6-16' Coastline Grooved - Vintage Azek PVC Decking,Parksite 1x6-16' Coastline Grooved - Vintage Azek PVC Decking (MPN: AGB15516CS) in the Tools > Industrial > General category.,Parksite 1x6-16' Coastline Grooved - Vintage Azek PVC Decking (AGB15516CS) in Industrial.,Parksite 1x6-16' Coastline Grooved - Vintage Azek PVC Decking (AGB15516CS) in Industrial.,,,,,,,,,,,,,,,,,,,,,,,,,,,,,,,,,,,,,,,,,,,,,,,,,,,,,,,,,,,,,,,,,,,,,,,,,,,,,,,,,,,,,,,,,,,,,,,,,,,,,,,,,,,,,,,,,,,,,,,,,,,,,,,,,,,,,,,,,,,,,,,,,,,,,,,,,,,,,,,,,,,,,,,,,,,,,,,,,,,,,,,,,,,,,,,,,,,,,,,,,,,,,,,,,,,,,,,,,,,,,,,No
,,,,,,,Tools,Industrial,General,,AGB15520CS,1x6-20' Coastline Grooved - Vintage Azek PVC Decking,TIMBERTECH,-- No Unilog Brand --,-- No DIB Brand --,Parksite (6151),azek,Azek,,AGB15520CS,AGB15520CS,Tools > Industrial > General,Parksite AGB15520CS 1x6-20' Coastline Grooved - Vintage Azek PVC Decking,PARKSITE AGB15520CS 1X6-20' COASTLINE GROOVED - VINTAGE AZEK,Parksite AGB15520CS 1x6-20' Coastline Grooved - Vintage Azek PVC Decking,Parksite 1x6-20' Coastline Grooved - Vintage Azek PVC Decking (MPN: AGB15520CS) in the Tools > Industrial > General category.,Parksite 1x6-20' Coastline Grooved - Vintage Azek PVC Decking (AGB15520CS) in Industrial.,Parksite 1x6-20' Coastline Grooved - Vintage Azek PVC Decking (AGB15520CS) in Industrial.,,,,,,,,,,,,,,,,,,,,,,,,,,,,,,,,,,,,,,,,,,,,,,,,,,,,,,,,,,,,,,,,,,,,,,,,,,,,,,,,,,,,,,,,,,,,,,,,,,,,,,,,,,,,,,,,,,,,,,,,,,,,,,,,,,,,,,,,,,,,,,,,,,,,,,,,,,,,,,,,,,,,,,,,,,,,,,,,,,,,,,,,,,,,,,,,,,,,,,,,,,,,,,,,,,,,,,,,,,,,,,,No
,,,,,,,Tools,Industrial,General,,AGB15512EW,1x6-12' English Walnut Grooved - Vintage Azek PVC Decking,TIMBERTECH,-- No Unilog Brand --,-- No DIB Brand --,Parksite (6151),azek,Azek,,AGB15512EW,AGB15512EW,Tools > Industrial > General,Parksite AGB15512EW 1x6-12' English Walnut Grooved - Vintage Azek PVC Decking,PARKSITE AGB15512EW 1X6-12' ENGLISH WALNUT GROOVED - VINTAGE,Parksite AGB15512EW 1x6-12' English Walnut Grooved - Vintage Azek PVC Decking,Parksite 1x6-12' English Walnut Grooved - Vintage Azek PVC Decking (MPN: AGB15512EW) in the Tools > Industrial > General category.,Parksite 1x6-12' English Walnut Grooved - Vintage Azek PVC Decking (AGB15512EW) in Industrial.,Parksite 1x6-12' English Walnut Grooved - Vintage Azek PVC Decking (AGB15512EW) in Industrial.,,,,,,,,,,,,,,,,,,,,,,,,,,,,,,,,,,,,,,,,,,,,,,,,,,,,,,,,,,,,,,,,,,,,,,,,,,,,,,,,,,,,,,,,,,,,,,,,,,,,,,,,,,,,,,,,,,,,,,,,,,,,,,,,,,,,,,,,,,,,,,,,,,,,,,,,,,,,,,,,,,,,,,,,,,,,,,,,,,,,,,,,,,,,,,,,,,,,,,,,,,,,,,,,,,,,,,,,,,,,,,,No
,,,,,,,Tools,Industrial,General,,AGB15516EW,1x6-16' English Walnut Grooved - Vintage Azek PVC Decking,TIMBERTECH,-- No Unilog Brand --,-- No DIB Brand --,Parksite (6151),azek,Azek,,AGB15516EW,AGB15516EW,Tools > Industrial > General,Parksite AGB15516EW 1x6-16' English Walnut Grooved - Vintage Azek PVC Decking,PARKSITE AGB15516EW 1X6-16' ENGLISH WALNUT GROOVED - VINTAGE,Parksite AGB15516EW 1x6-16' English Walnut Grooved - Vintage Azek PVC Decking,Parksite 1x6-16' English Walnut Grooved - Vintage Azek PVC Decking (MPN: AGB15516EW) in the Tools > Industrial > General category.,Parksite 1x6-16' English Walnut Grooved - Vintage Azek PVC Decking (AGB15516EW) in Industrial.,Parksite 1x6-16' English Walnut Grooved - Vintage Azek PVC Decking (AGB15516EW) in Industrial.,,,,,,,,,,,,,,,,,,,,,,,,,,,,,,,,,,,,,,,,,,,,,,,,,,,,,,,,,,,,,,,,,,,,,,,,,,,,,,,,,,,,,,,,,,,,,,,,,,,,,,,,,,,,,,,,,,,,,,,,,,,,,,,,,,,,,,,,,,,,,,,,,,,,,,,,,,,,,,,,,,,,,,,,,,,,,,,,,,,,,,,,,,,,,,,,,,,,,,,,,,,,,,,,,,,,,,,,,,,,,,,No
,,,,,,,Tools,Industrial,General,,AGB15520EW,1x6-20' English Walnut Grooved - Vintage Azek PVC Decking,TIMBERTECH,-- No Unilog Brand --,-- No DIB Brand --,Parksite (6151),azek,Azek,,AGB15520EW,AGB15520EW,Tools > Industrial > General,Parksite AGB15520EW 1x6-20' English Walnut Grooved - Vintage Azek PVC Decking,PARKSITE AGB15520EW 1X6-20' ENGLISH WALNUT GROOVED - VINTAGE,Parksite AGB15520EW 1x6-20' English Walnut Grooved - Vintage Azek PVC Decking,Parksite 1x6-20' English Walnut Grooved - Vintage Azek PVC Decking (MPN: AGB15520EW) in the Tools > Industrial > General category.,Parksite 1x6-20' English Walnut Grooved - Vintage Azek PVC Decking (AGB15520EW) in Industrial.,Parksite 1x6-20' English Walnut Grooved - Vintage Azek PVC Decking (AGB15520EW) in Industrial.,,,,,,,,,,,,,,,,,,,,,,,,,,,,,,,,,,,,,,,,,,,,,,,,,,,,,,,,,,,,,,,,,,,,,,,,,,,,,,,,,,,,,,,,,,,,,,,,,,,,,,,,,,,,,,,,,,,,,,,,,,,,,,,,,,,,,,,,,,,,,,,,,,,,,,,,,,,,,,,,,,,,,,,,,,,,,,,,,,,,,,,,,,,,,,,,,,,,,,,,,,,,,,,,,,,,,,,,,,,,,,,No
,,,,,,,Tools,Industrial,General,,AGB15512MH,1x6-12' Mahogany Grooved - Vintage Azek PVC Decking,TIMBERTECH,-- No Unilog Brand --,-- No DIB Brand --,Parksite (6151),azek,Azek,,AGB15512MH,AGB15512MH,Tools > Industrial > General,Parksite AGB15512MH 1x6-12' Mahogany Grooved - Vintage Azek PVC Decking,PARKSITE AGB15512MH 1X6-12' MAHOGANY GROOVED - VINTAGE AZEK,Parksite AGB15512MH 1x6-12' Mahogany Grooved - Vintage Azek PVC Decking,Parksite 1x6-12' Mahogany Grooved - Vintage Azek PVC Decking (MPN: AGB15512MH) in the Tools > Industrial > General category.,Parksite 1x6-12' Mahogany Grooved - Vintage Azek PVC Decking (AGB15512MH) in Industrial.,Parksite 1x6-12' Mahogany Grooved - Vintage Azek PVC Decking (AGB15512MH) in Industrial.,,,,,,,,,,,,,,,,,,,,,,,,,,,,,,,,,,,,,,,,,,,,,,,,,,,,,,,,,,,,,,,,,,,,,,,,,,,,,,,,,,,,,,,,,,,,,,,,,,,,,,,,,,,,,,,,,,,,,,,,,,,,,,,,,,,,,,,,,,,,,,,,,,,,,,,,,,,,,,,,,,,,,,,,,,,,,,,,,,,,,,,,,,,,,,,,,,,,,,,,,,,,,,,,,,,,,,,,,,,,,,,No
,,,,,,,Tools,Industrial,General,,AGB15516MH,1x6-16' Mahogany Grooved - Vintage Azek PVC Decking,TIMBERTECH,-- No Unilog Brand --,-- No DIB Brand --,Parksite (6151),azek,Azek,,AGB15516MH,AGB15516MH,Tools > Industrial > General,Parksite AGB15516MH 1x6-16' Mahogany Grooved - Vintage Azek PVC Decking,PARKSITE AGB15516MH 1X6-16' MAHOGANY GROOVED - VINTAGE AZEK,Parksite AGB15516MH 1x6-16' Mahogany Grooved - Vintage Azek PVC Decking,Parksite 1x6-16' Mahogany Grooved - Vintage Azek PVC Decking (MPN: AGB15516MH) in the Tools > Industrial > General category.,Parksite 1x6-16' Mahogany Grooved - Vintage Azek PVC Decking (AGB15516MH) in Industrial.,Parksite 1x6-16' Mahogany Grooved - Vintage Azek PVC Decking (AGB15516MH) in Industrial.,,,,,,,,,,,,,,,,,,,,,,,,,,,,,,,,,,,,,,,,,,,,,,,,,,,,,,,,,,,,,,,,,,,,,,,,,,,,,,,,,,,,,,,,,,,,,,,,,,,,,,,,,,,,,,,,,,,,,,,,,,,,,,,,,,,,,,,,,,,,,,,,,,,,,,,,,,,,,,,,,,,,,,,,,,,,,,,,,,,,,,,,,,,,,,,,,,,,,,,,,,,,,,,,,,,,,,,,,,,,,,,No
,,,,,,,Tools,Industrial,General,,AGB15520MH,1x6-20' Mahogany Grooved - Vintage Azek PVC Decking,TIMBERTECH,-- No Unilog Brand --,-- No DIB Brand --,Parksite (6151),azek,Azek,,AGB15520MH,AGB15520MH,Tools > Industrial > General,Parksite AGB15520MH 1x6-20' Mahogany Grooved - Vintage Azek PVC Decking,PARKSITE AGB15520MH 1X6-20' MAHOGANY GROOVED - VINTAGE AZEK,Parksite AGB15520MH 1x6-20' Mahogany Grooved - Vintage Azek PVC Decking,Parksite 1x6-20' Mahogany Grooved - Vintage Azek PVC Decking (MPN: AGB15520MH) in the Tools > Industrial > General category.,Parksite 1x6-20' Mahogany Grooved - Vintage Azek PVC Decking (AGB15520MH) in Industrial.,Parksite 1x6-20' Mahogany Grooved - Vintage Azek PVC Decking (AGB15520MH) in Industrial.,,,,,,,,,,,,,,,,,,,,,,,,,,,,,,,,,,,,,,,,,,,,,,,,,,,,,,,,,,,,,,,,,,,,,,,,,,,,,,,,,,,,,,,,,,,,,,,,,,,,,,,,,,,,,,,,,,,,,,,,,,,,,,,,,,,,,,,,,,,,,,,,,,,,,,,,,,,,,,,,,,,,,,,,,,,,,,,,,,,,,,,,,,,,,,,,,,,,,,,,,,,,,,,,,,,,,,,,,,,,,,,No
,,,,,,,Tools,Industrial,General,,AGB15512WT,1x6-12' Weathered Teak Grooved - Vintage Azek PVC Decking,TIMBERTECH,-- No Unilog Brand --,-- No DIB Brand --,Parksite (6151),azek,Azek,,AGB15512WT,AGB15512WT,Tools > Industrial > General,Parksite AGB15512WT 1x6-12' Weathered Teak Grooved - Vintage Azek PVC Decking,PARKSITE AGB15512WT 1X6-12' WEATHERED TEAK GROOVED - VINTAGE,Parksite AGB15512WT 1x6-12' Weathered Teak Grooved - Vintage Azek PVC Decking,Parksite 1x6-12' Weathered Teak Grooved - Vintage Azek PVC Decking (MPN: AGB15512WT) in the Tools > Industrial > General category.,Parksite 1x6-12' Weathered Teak Grooved - Vintage Azek PVC Decking (AGB15512WT) in Industrial.,Parksite 1x6-12' Weathered Teak Grooved - Vintage Azek PVC Decking (AGB15512WT) in Industrial.,,,,,,,,,,,,,,,,,,,,,,,,,,,,,,,,,,,,,,,,,,,,,,,,,,,,,,,,,,,,,,,,,,,,,,,,,,,,,,,,,,,,,,,,,,,,,,,,,,,,,,,,,,,,,,,,,,,,,,,,,,,,,,,,,,,,,,,,,,,,,,,,,,,,,,,,,,,,,,,,,,,,,,,,,,,,,,,,,,,,,,,,,,,,,,,,,,,,,,,,,,,,,,,,,,,,,,,,,,,,,,,No
,,,,,,,Tools,Industrial,General,,AGB15516WT,1x6-16' Weathered Teak Grooved - Vintage Azek PVC Decking,TIMBERTECH,-- No Unilog Brand --,-- No DIB Brand --,Parksite (6151),azek,Azek,,AGB15516WT,AGB15516WT,Tools > Industrial > General,Parksite AGB15516WT 1x6-16' Weathered Teak Grooved - Vintage Azek PVC Decking,PARKSITE AGB15516WT 1X6-16' WEATHERED TEAK GROOVED - VINTAGE,Parksite AGB15516WT 1x6-16' Weathered Teak Grooved - Vintage Azek PVC Decking,Parksite 1x6-16' Weathered Teak Grooved - Vintage Azek PVC Decking (MPN: AGB15516WT) in the Tools > Industrial > General category.,Parksite 1x6-16' Weathered Teak Grooved - Vintage Azek PVC Decking (AGB15516WT) in Industrial.,Parksite 1x6-16' Weathered Teak Grooved - Vintage Azek PVC Decking (AGB15516WT) in Industrial.,,,,,,,,,,,,,,,,,,,,,,,,,,,,,,,,,,,,,,,,,,,,,,,,,,,,,,,,,,,,,,,,,,,,,,,,,,,,,,,,,,,,,,,,,,,,,,,,,,,,,,,,,,,,,,,,,,,,,,,,,,,,,,,,,,,,,,,,,,,,,,,,,,,,,,,,,,,,,,,,,,,,,,,,,,,,,,,,,,,,,,,,,,,,,,,,,,,,,,,,,,,,,,,,,,,,,,,,,,,,,,,No
,,,,,,,Tools,Industrial,General,,AGB15520WT,1x6-20' Weathered Teak Grooved - Vintage Azek PVC Decking,TIMBERTECH,-- No Unilog Brand --,-- No DIB Brand --,Parksite (6151),azek,Azek,,AGB15520WT,AGB15520WT,Tools > Industrial > General,Parksite AGB15520WT 1x6-20' Weathered Teak Grooved - Vintage Azek PVC Decking,PARKSITE AGB15520WT 1X6-20' WEATHERED TEAK GROOVED - VINTAGE,Parksite AGB15520WT 1x6-20' Weathered Teak Grooved - Vintage Azek PVC Decking,Parksite 1x6-20' Weathered Teak Grooved - Vintage Azek PVC Decking (MPN: AGB15520WT) in the Tools > Industrial > General category.,Parksite 1x6-20' Weathered Teak Grooved - Vintage Azek PVC Decking (AGB15520WT) in Industrial.,Parksite 1x6-20' Weathered Teak Grooved - Vintage Azek PVC Decking (AGB15520WT) in Industrial.,,,,,,,,,,,,,,,,,,,,,,,,,,,,,,,,,,,,,,,,,,,,,,,,,,,,,,,,,,,,,,,,,,,,,,,,,,,,,,,,,,,,,,,,,,,,,,,,,,,,,,,,,,,,,,,,,,,,,,,,,,,,,,,,,,,,,,,,,,,,,,,,,,,,,,,,,,,,,,,,,,,,,,,,,,,,,,,,,,,,,,,,,,,,,,,,,,,,,,,,,,,,,,,,,,,,,,,,,,,,,,,No
,,,,,,,Tools,Industrial,General,,ADB15516AW,1x6-16' American Walnut Sq Edg - Landmark Azek PVC Decking,TIMBERTECH,-- No Unilog Brand --,-- No DIB Brand --,Parksite (6151),azek,Azek,,ADB15516AW,ADB15516AW,Tools > Industrial > General,Parksite ADB15516AW 1x6-16' American Walnut Sq Edg - Landmark Azek PVC Decking,PARKSITE ADB15516AW 1X6-16' AMERICAN WALNUT SQ EDG - LANDMAR,Parksite ADB15516AW 1x6-16' American Walnut Sq Edg - Landmark Azek PVC Decking,Parksite 1x6-16' American Walnut Sq Edg - Landmark Azek PVC Decking (MPN: ADB15516AW) in the Tools > Industrial > General category.,Parksite 1x6-16' American Walnut Sq Edg - Landmark Azek PVC Decking (ADB15516AW) in Industrial.,Parksite 1x6-16' American Walnut Sq Edg - Landmark Azek PVC Decking (ADB15516AW) in Industrial.,,,,,,,,,,,,,,,,,,,,,,,,,,,,,,,,,,,,,,,,,,,,,,,,,,,,,,,,,,,,,,,,,,,,,,,,,,,,,,,,,,,,,,,,,,,,,,,,,,,,,,,,,,,,,,,,,,,,,,,,,,,,,,,,,,,,,,,,,,,,,,,,,,,,,,,,,,,,,,,,,,,,,,,,,,,,,,,,,,,,,,,,,,,,,,,,,,,,,,,,,,,,,,,,,,,,,,,,,,,,,,,No
,,,,,,,Tools,Industrial,General,,ADB15520AW,1x6-20' American Walnut Sq Edg - Landmark Azek PVC Decking,TIMBERTECH,-- No Unilog Brand --,-- No DIB Brand --,Parksite (6151),azek,Azek,,ADB15520AW,ADB15520AW,Tools > Industrial > General,Parksite ADB15520AW 1x6-20' American Walnut Sq Edg - Landmark Azek PVC Decking,PARKSITE ADB15520AW 1X6-20' AMERICAN WALNUT SQ EDG - LANDMAR,Parksite ADB15520AW 1x6-20' American Walnut Sq Edg - Landmark Azek PVC Decking,Parksite 1x6-20' American Walnut Sq Edg - Landmark Azek PVC Decking (MPN: ADB15520AW) in the Tools > Industrial > General category.,Parksite 1x6-20' American Walnut Sq Edg - Landmark Azek PVC Decking (ADB15520AW) in Industrial.,Parksite 1x6-20' American Walnut Sq Edg - Landmark Azek PVC Decking (ADB15520AW) in Industrial.,,,,,,,,,,,,,,,,,,,,,,,,,,,,,,,,,,,,,,,,,,,,,,,,,,,,,,,,,,,,,,,,,,,,,,,,,,,,,,,,,,,,,,,,,,,,,,,,,,,,,,,,,,,,,,,,,,,,,,,,,,,,,,,,,,,,,,,,,,,,,,,,,,,,,,,,,,,,,,,,,,,,,,,,,,,,,,,,,,,,,,,,,,,,,,,,,,,,,,,,,,,,,,,,,,,,,,,,,,,,,,,No
,,,,,,,Tools,Industrial,General,,ADB15516CG,1x6-16' Castle Gate Sq Edge - Landmark Azek PVC Decking,TIMBERTECH,-- No Unilog Brand --,-- No DIB Brand --,Parksite (6151),azek,Azek,,ADB15516CG,ADB15516CG,Tools > Industrial > General,Parksite ADB15516CG 1x6-16' Castle Gate Sq Edge - Landmark Azek PVC Decking,PARKSITE ADB15516CG 1X6-16' CASTLE GATE SQ EDGE - LANDMARK A,Parksite ADB15516CG 1x6-16' Castle Gate Sq Edge - Landmark Azek PVC Decking,Parksite 1x6-16' Castle Gate Sq Edge - Landmark Azek PVC Decking (MPN: ADB15516CG) in the Tools > Industrial > General category.,Parksite 1x6-16' Castle Gate Sq Edge - Landmark Azek PVC Decking (ADB15516CG) in Industrial.,Parksite 1x6-16' Castle Gate Sq Edge - Landmark Azek PVC Decking (ADB15516CG) in Industrial.,,,,,,,,,,,,,,,,,,,,,,,,,,,,,,,,,,,,,,,,,,,,,,,,,,,,,,,,,,,,,,,,,,,,,,,,,,,,,,,,,,,,,,,,,,,,,,,,,,,,,,,,,,,,,,,,,,,,,,,,,,,,,,,,,,,,,,,,,,,,,,,,,,,,,,,,,,,,,,,,,,,,,,,,,,,,,,,,,,,,,,,,,,,,,,,,,,,,,,,,,,,,,,,,,,,,,,,,,,,,,,,No
,,,,,,,Tools,Industrial,General,,ADB15520CG,1x6-20' Castle Gate Sq Edge - Landmark Azek PVC Decking,TIMBERTECH,-- No Unilog Brand --,-- No DIB Brand --,Parksite (6151),azek,Azek,,ADB15520CG,ADB15520CG,Tools > Industrial > General,Parksite ADB15520CG 1x6-20' Castle Gate Sq Edge - Landmark Azek PVC Decking,PARKSITE ADB15520CG 1X6-20' CASTLE GATE SQ EDGE - LANDMARK A,Parksite ADB15520CG 1x6-20' Castle Gate Sq Edge - Landmark Azek PVC Decking,Parksite 1x6-20' Castle Gate Sq Edge - Landmark Azek PVC Decking (MPN: ADB15520CG) in the Tools > Industrial > General category.,Parksite 1x6-20' Castle Gate Sq Edge - Landmark Azek PVC Decking (ADB15520CG) in Industrial.,Parksite 1x6-20' Castle Gate Sq Edge - Landmark Azek PVC Decking (ADB15520CG) in Industrial.,,,,,,,,,,,,,,,,,,,,,,,,,,,,,,,,,,,,,,,,,,,,,,,,,,,,,,,,,,,,,,,,,,,,,,,,,,,,,,,,,,,,,,,,,,,,,,,,,,,,,,,,,,,,,,,,,,,,,,,,,,,,,,,,,,,,,,,,,,,,,,,,,,,,,,,,,,,,,,,,,,,,,,,,,,,,,,,,,,,,,,,,,,,,,,,,,,,,,,,,,,,,,,,,,,,,,,,,,,,,,,,No
,,,,,,,Tools,Industrial,General,,ADB15516FW,1x6-16' French White Oak Sq Ed - Landmark Azek PVC Decking,TIMBERTECH,-- No Unilog Brand --,-- No DIB Brand --,Parksite (6151),azek,Azek,,ADB15516FW,ADB15516FW,Tools > Industrial > General,Parksite ADB15516FW 1x6-16' French White Oak Sq Ed - Landmark Azek PVC Decking,PARKSITE ADB15516FW 1X6-16' FRENCH WHITE OAK SQ ED - LANDMAR,Parksite ADB15516FW 1x6-16' French White Oak Sq Ed - Landmark Azek PVC Decking,Parksite 1x6-16' French White Oak Sq Ed - Landmark Azek PVC Decking (MPN: ADB15516FW) in the Tools > Industrial > General category.,Parksite 1x6-16' French White Oak Sq Ed - Landmark Azek PVC Decking (ADB15516FW) in Industrial.,Parksite 1x6-16' French White Oak Sq Ed - Landmark Azek PVC Decking (ADB15516FW) in Industrial.,,,,,,,,,,,,,,,,,,,,,,,,,,,,,,,,,,,,,,,,,,,,,,,,,,,,,,,,,,,,,,,,,,,,,,,,,,,,,,,,,,,,,,,,,,,,,,,,,,,,,,,,,,,,,,,,,,,,,,,,,,,,,,,,,,,,,,,,,,,,,,,,,,,,,,,,,,,,,,,,,,,,,,,,,,,,,,,,,,,,,,,,,,,,,,,,,,,,,,,,,,,,,,,,,,,,,,,,,,,,,,,No
,,,,,,,Tools,Industrial,General,,ADB15520FW,1x6-20' French White Oak Sq Ed - Landmark Azek PVC Decking,TIMBERTECH,-- No Unilog Brand --,-- No DIB Brand --,Parksite (6151),azek,Azek,,ADB15520FW,ADB15520FW,Tools > Industrial > General,Parksite ADB15520FW 1x6-20' French White Oak Sq Ed - Landmark Azek PVC Decking,PARKSITE ADB15520FW 1X6-20' FRENCH WHITE OAK SQ ED - LANDMAR,Parksite ADB15520FW 1x6-20' French White Oak Sq Ed - Landmark Azek PVC Decking,Parksite 1x6-20' French White Oak Sq Ed - Landmark Azek PVC Decking (MPN: ADB15520FW) in the Tools > Industrial > General category.,Parksite 1x6-20' French White Oak Sq Ed - Landmark Azek PVC Decking (ADB15520FW) in Industrial.,Parksite 1x6-20' French White Oak Sq Ed - Landmark Azek PVC Decking (ADB15520FW) in Industrial.,,,,,,,,,,,,,,,,,,,,,,,,,,,,,,,,,,,,,,,,,,,,,,,,,,,,,,,,,,,,,,,,,,,,,,,,,,,,,,,,,,,,,,,,,,,,,,,,,,,,,,,,,,,,,,,,,,,,,,,,,,,,,,,,,,,,,,,,,,,,,,,,,,,,,,,,,,,,,,,,,,,,,,,,,,,,,,,,,,,,,,,,,,,,,,,,,,,,,,,,,,,,,,,,,,,,,,,,,,,,,,,No
,,,,,,,Tools,Industrial,General,,AGB15512AW,1x6-12' American Walnut Groove - Landmark Azek PVC Decking,TIMBERTECH,-- No Unilog Brand --,-- No DIB Brand --,Parksite (6151),azek,Azek,,AGB15512AW,AGB15512AW,Tools > Industrial > General,Parksite AGB15512AW 1x6-12' American Walnut Groove - Landmark Azek PVC Decking,PARKSITE AGB15512AW 1X6-12' AMERICAN WALNUT GROOVE - LANDMAR,Parksite AGB15512AW 1x6-12' American Walnut Groove - Landmark Azek PVC Decking,Parksite 1x6-12' American Walnut Groove - Landmark Azek PVC Decking (MPN: AGB15512AW) in the Tools > Industrial > General category.,Parksite 1x6-12' American Walnut Groove - Landmark Azek PVC Decking (AGB15512AW) in Industrial.,Parksite 1x6-12' American Walnut Groove - Landmark Azek PVC Decking (AGB15512AW) in Industrial.,,,,,,,,,,,,,,,,,,,,,,,,,,,,,,,,,,,,,,,,,,,,,,,,,,,,,,,,,,,,,,,,,,,,,,,,,,,,,,,,,,,,,,,,,,,,,,,,,,,,,,,,,,,,,,,,,,,,,,,,,,,,,,,,,,,,,,,,,,,,,,,,,,,,,,,,,,,,,,,,,,,,,,,,,,,,,,,,,,,,,,,,,,,,,,,,,,,,,,,,,,,,,,,,,,,,,,,,,,,,,,,No
,,,,,,,Tools,Industrial,General,,AGB15516AW,1x6-16' American Walnut Groove - Landmark Azek PVC Decking,TIMBERTECH,-- No Unilog Brand --,-- No DIB Brand --,Parksite (6151),azek,Azek,,AGB15516AW,AGB15516AW,Tools > Industrial > General,Parksite AGB15516AW 1x6-16' American Walnut Groove - Landmark Azek PVC Decking,PARKSITE AGB15516AW 1X6-16' AMERICAN WALNUT GROOVE - LANDMAR,Parksite AGB15516AW 1x6-16' American Walnut Groove - Landmark Azek PVC Decking,Parksite 1x6-16' American Walnut Groove - Landmark Azek PVC Decking (MPN: AGB15516AW) in the Tools > Industrial > General category.,Parksite 1x6-16' American Walnut Groove - Landmark Azek PVC Decking (AGB15516AW) in Industrial.,Parksite 1x6-16' American Walnut Groove - Landmark Azek PVC Decking (AGB15516AW) in Industrial.,,,,,,,,,,,,,,,,,,,,,,,,,,,,,,,,,,,,,,,,,,,,,,,,,,,,,,,,,,,,,,,,,,,,,,,,,,,,,,,,,,,,,,,,,,,,,,,,,,,,,,,,,,,,,,,,,,,,,,,,,,,,,,,,,,,,,,,,,,,,,,,,,,,,,,,,,,,,,,,,,,,,,,,,,,,,,,,,,,,,,,,,,,,,,,,,,,,,,,,,,,,,,,,,,,,,,,,,,,,,,,,No
,,,,,,,Tools,Industrial,General,,AGB15520AW,1x6-20' American Walnut Groove - Landmark Azek PVC Decking,TIMBERTECH,-- No Unilog Brand --,-- No DIB Brand --,Parksite (6151),azek,Azek,,AGB15520AW,AGB15520AW,Tools > Industrial > General,Parksite AGB15520AW 1x6-20' American Walnut Groove - Landmark Azek PVC Decking,PARKSITE AGB15520AW 1X6-20' AMERICAN WALNUT GROOVE - LANDMAR,Parksite AGB15520AW 1x6-20' American Walnut Groove - Landmark Azek PVC Decking,Parksite 1x6-20' American Walnut Groove - Landmark Azek PVC Decking (MPN: AGB15520AW) in the Tools > Industrial > General category.,Parksite 1x6-20' American Walnut Groove - Landmark Azek PVC Decking (AGB15520AW) in Industrial.,Parksite 1x6-20' American Walnut Groove - Landmark Azek PVC Decking (AGB15520AW) in Industrial.,,,,,,,,,,,,,,,,,,,,,,,,,,,,,,,,,,,,,,,,,,,,,,,,,,,,,,,,,,,,,,,,,,,,,,,,,,,,,,,,,,,,,,,,,,,,,,,,,,,,,,,,,,,,,,,,,,,,,,,,,,,,,,,,,,,,,,,,,,,,,,,,,,,,,,,,,,,,,,,,,,,,,,,,,,,,,,,,,,,,,,,,,,,,,,,,,,,,,,,,,,,,,,,,,,,,,,,,,,,,,,,No
,,,,,,,Tools,Industrial,General,,AGB15512CG,1x6-12' Castle Gate Grooved - Landmark Azek PVC Decking,TIMBERTECH,-- No Unilog Brand --,-- No DIB Brand --,Parksite (6151),azek,Azek,,AGB15512CG,AGB15512CG,Tools > Industrial > General,Parksite AGB15512CG 1x6-12' Castle Gate Grooved - Landmark Azek PVC Decking,PARKSITE AGB15512CG 1X6-12' CASTLE GATE GROOVED - LANDMARK A,Parksite AGB15512CG 1x6-12' Castle Gate Grooved - Landmark Azek PVC Decking,Parksite 1x6-12' Castle Gate Grooved - Landmark Azek PVC Decking (MPN: AGB15512CG) in the Tools > Industrial > General category.,Parksite 1x6-12' Castle Gate Grooved - Landmark Azek PVC Decking (AGB15512CG) in Industrial.,Parksite 1x6-12' Castle Gate Grooved - Landmark Azek PVC Decking (AGB15512CG) in Industrial.,,,,,,,,,,,,,,,,,,,,,,,,,,,,,,,,,,,,,,,,,,,,,,,,,,,,,,,,,,,,,,,,,,,,,,,,,,,,,,,,,,,,,,,,,,,,,,,,,,,,,,,,,,,,,,,,,,,,,,,,,,,,,,,,,,,,,,,,,,,,,,,,,,,,,,,,,,,,,,,,,,,,,,,,,,,,,,,,,,,,,,,,,,,,,,,,,,,,,,,,,,,,,,,,,,,,,,,,,,,,,,,No
,,,,,,,Tools,Industrial,General,,AGB15516CG,1x6-16' Castle Gate Grooved - Landmark Azek PVC Decking,TIMBERTECH,-- No Unilog Brand --,-- No DIB Brand --,Parksite (6151),azek,Azek,,AGB15516CG,AGB15516CG,Tools > Industrial > General,Parksite AGB15516CG 1x6-16' Castle Gate Grooved - Landmark Azek PVC Decking,PARKSITE AGB15516CG 1X6-16' CASTLE GATE GROOVED - LANDMARK A,Parksite AGB15516CG 1x6-16' Castle Gate Grooved - Landmark Azek PVC Decking,Parksite 1x6-16' Castle Gate Grooved - Landmark Azek PVC Decking (MPN: AGB15516CG) in the Tools > Industrial > General category.,Parksite 1x6-16' Castle Gate Grooved - Landmark Azek PVC Decking (AGB15516CG) in Industrial.,Parksite 1x6-16' Castle Gate Grooved - Landmark Azek PVC Decking (AGB15516CG) in Industrial.,,,,,,,,,,,,,,,,,,,,,,,,,,,,,,,,,,,,,,,,,,,,,,,,,,,,,,,,,,,,,,,,,,,,,,,,,,,,,,,,,,,,,,,,,,,,,,,,,,,,,,,,,,,,,,,,,,,,,,,,,,,,,,,,,,,,,,,,,,,,,,,,,,,,,,,,,,,,,,,,,,,,,,,,,,,,,,,,,,,,,,,,,,,,,,,,,,,,,,,,,,,,,,,,,,,,,,,,,,,,,,,No
,,,,,,,Tools,Industrial,General,,AGB15520CG,1x6-20' Castle Gate Grooved - Landmark Azek PVC Decking,TIMBERTECH,-- No Unilog Brand --,-- No DIB Brand --,Parksite (6151),azek,Azek,,AGB15520CG,AGB15520CG,Tools > Industrial > General,Parksite AGB15520CG 1x6-20' Castle Gate Grooved - Landmark Azek PVC Decking,PARKSITE AGB15520CG 1X6-20' CASTLE GATE GROOVED - LANDMARK A,Parksite AGB15520CG 1x6-20' Castle Gate Grooved - Landmark Azek PVC Decking,Parksite 1x6-20' Castle Gate Grooved - Landmark Azek PVC Decking (MPN: AGB15520CG) in the Tools > Industrial > General category.,Parksite 1x6-20' Castle Gate Grooved - Landmark Azek PVC Decking (AGB15520CG) in Industrial.,Parksite 1x6-20' Castle Gate Grooved - Landmark Azek PVC Decking (AGB15520CG) in Industrial.,,,,,,,,,,,,,,,,,,,,,,,,,,,,,,,,,,,,,,,,,,,,,,,,,,,,,,,,,,,,,,,,,,,,,,,,,,,,,,,,,,,,,,,,,,,,,,,,,,,,,,,,,,,,,,,,,,,,,,,,,,,,,,,,,,,,,,,,,,,,,,,,,,,,,,,,,,,,,,,,,,,,,,,,,,,,,,,,,,,,,,,,,,,,,,,,,,,,,,,,,,,,,,,,,,,,,,,,,,,,,,,No
,,,,,,,Tools,Industrial,General,,AGB15512FW,1x6-12' French White Oak Groov - Landmark Azek PVC Decking,TIMBERTECH,-- No Unilog Brand --,-- No DIB Brand --,Parksite (6151),azek,Azek,,AGB15512FW,AGB15512FW,Tools > Industrial > General,Parksite AGB15512FW 1x6-12' French White Oak Groov - Landmark Azek PVC Decking,PARKSITE AGB15512FW 1X6-12' FRENCH WHITE OAK GROOV - LANDMAR,Parksite AGB15512FW 1x6-12' French White Oak Groov - Landmark Azek PVC Decking,Parksite 1x6-12' French White Oak Groov - Landmark Azek PVC Decking (MPN: AGB15512FW) in the Tools > Industrial > General category.,Parksite 1x6-12' French White Oak Groov - Landmark Azek PVC Decking (AGB15512FW) in Industrial.,Parksite 1x6-12' French White Oak Groov - Landmark Azek PVC Decking (AGB15512FW) in Industrial.,,,,,,,,,,,,,,,,,,,,,,,,,,,,,,,,,,,,,,,,,,,,,,,,,,,,,,,,,,,,,,,,,,,,,,,,,,,,,,,,,,,,,,,,,,,,,,,,,,,,,,,,,,,,,,,,,,,,,,,,,,,,,,,,,,,,,,,,,,,,,,,,,,,,,,,,,,,,,,,,,,,,,,,,,,,,,,,,,,,,,,,,,,,,,,,,,,,,,,,,,,,,,,,,,,,,,,,,,,,,,,,No
,,,,,,,Tools,Industrial,General,,AGB15516FW,1x6-16' French White Oak Groov - Landmark Azek PVC Decking,TIMBERTECH,-- No Unilog Brand --,-- No DIB Brand --,Parksite (6151),azek,Azek,,AGB15516FW,AGB15516FW,Tools > Industrial > General,Parksite AGB15516FW 1x6-16' French White Oak Groov - Landmark Azek PVC Decking,PARKSITE AGB15516FW 1X6-16' FRENCH WHITE OAK GROOV - LANDMAR,Parksite AGB15516FW 1x6-16' French White Oak Groov - Landmark Azek PVC Decking,Parksite 1x6-16' French White Oak Groov - Landmark Azek PVC Decking (MPN: AGB15516FW) in the Tools > Industrial > General category.,Parksite 1x6-16' French White Oak Groov - Landmark Azek PVC Decking (AGB15516FW) in Industrial.,Parksite 1x6-16' French White Oak Groov - Landmark Azek PVC Decking (AGB15516FW) in Industrial.,,,,,,,,,,,,,,,,,,,,,,,,,,,,,,,,,,,,,,,,,,,,,,,,,,,,,,,,,,,,,,,,,,,,,,,,,,,,,,,,,,,,,,,,,,,,,,,,,,,,,,,,,,,,,,,,,,,,,,,,,,,,,,,,,,,,,,,,,,,,,,,,,,,,,,,,,,,,,,,,,,,,,,,,,,,,,,,,,,,,,,,,,,,,,,,,,,,,,,,,,,,,,,,,,,,,,,,,,,,,,,,No
,,,,,,,Tools,Industrial,General,,AGB15520FW,1x6-20' French White Oak Groov - Landmark Azek PVC Decking,TIMBERTECH,-- No Unilog Brand --,-- No DIB Brand --,Parksite (6151),azek,Azek,,AGB15520FW,AGB15520FW,Tools > Industrial > General,Parksite AGB15520FW 1x6-20' French White Oak Groov - Landmark Azek PVC Decking,PARKSITE AGB15520FW 1X6-20' FRENCH WHITE OAK GROOV - LANDMAR,Parksite AGB15520FW 1x6-20' French White Oak Groov - Landmark Azek PVC Decking,Parksite 1x6-20' French White Oak Groov - Landmark Azek PVC Decking (MPN: AGB15520FW) in the Tools > Industrial > General category.,Parksite 1x6-20' French White Oak Groov - Landmark Azek PVC Decking (AGB15520FW) in Industrial.,Parksite 1x6-20' French White Oak Groov - Landmark Azek PVC Decking (AGB15520FW) in Industrial.,,,,,,,,,,,,,,,,,,,,,,,,,,,,,,,,,,,,,,,,,,,,,,,,,,,,,,,,,,,,,,,,,,,,,,,,,,,,,,,,,,,,,,,,,,,,,,,,,,,,,,,,,,,,,,,,,,,,,,,,,,,,,,,,,,,,,,,,,,,,,,,,,,,,,,,,,,,,,,,,,,,,,,,,,,,,,,,,,,,,,,,,,,,,,,,,,,,,,,,,,,,,,,,,,,,,,,,,,,,,,,,No
,,,,,,,Tools,Industrial,General,,ADCB15516BS,1x6-16' Brownstone Sq Edge - Harvest Azek PVC Decking,TIMBERTECH,-- No Unilog Brand --,-- No DIB Brand --,Parksite (6151),azek,Azek,,ADCB15516BS,ADCB15516BS,Tools > Industrial > General,Parksite ADCB15516BS 1x6-16' Brownstone Sq Edge - Harvest Azek PVC Decking,PARKSITE ADCB15516BS 1X6-16' BROWNSTONE SQ EDGE - HARVEST AZ,Parksite ADCB15516BS 1x6-16' Brownstone Sq Edge - Harvest Azek PVC Decking,Parksite 1x6-16' Brownstone Sq Edge - Harvest Azek PVC Decking (MPN: ADCB15516BS) in the Tools > Industrial > General category.,Parksite 1x6-16' Brownstone Sq Edge - Harvest Azek PVC Decking (ADCB15516BS) in Industrial.,Parksite 1x6-16' Brownstone Sq Edge - Harvest Azek PVC Decking (ADCB15516BS) in Industrial.,,,,,,,,,,,,,,,,,,,,,,,,,,,,,,,,,,,,,,,,,,,,,,,,,,,,,,,,,,,,,,,,,,,,,,,,,,,,,,,,,,,,,,,,,,,,,,,,,,,,,,,,,,,,,,,,,,,,,,,,,,,,,,,,,,,,,,,,,,,,,,,,,,,,,,,,,,,,,,,,,,,,,,,,,,,,,,,,,,,,,,,,,,,,,,,,,,,,,,,,,,,,,,,,,,,,,,,,,,,,,,,No
,,,,,,,Tools,Industrial,General,,ADCB15520BS,1x6-20' Brownstone Sq Edge - Harvest Azek PVC Decking,TIMBERTECH,-- No Unilog Brand --,-- No DIB Brand --,Parksite (6151),azek,Azek,,ADCB15520BS,ADCB15520BS,Tools > Industrial > General,Parksite ADCB15520BS 1x6-20' Brownstone Sq Edge - Harvest Azek PVC Decking,PARKSITE ADCB15520BS 1X6-20' BROWNSTONE SQ EDGE - HARVEST AZ,Parksite ADCB15520BS 1x6-20' Brownstone Sq Edge - Harvest Azek PVC Decking,Parksite 1x6-20' Brownstone Sq Edge - Harvest Azek PVC Decking (MPN: ADCB15520BS) in the Tools > Industrial > General category.,Parksite 1x6-20' Brownstone Sq Edge - Harvest Azek PVC Decking (ADCB15520BS) in Industrial.,Parksite 1x6-20' Brownstone Sq Edge - Harvest Azek PVC Decking (ADCB15520BS) in Industrial.,,,,,,,,,,,,,,,,,,,,,,,,,,,,,,,,,,,,,,,,,,,,,,,,,,,,,,,,,,,,,,,,,,,,,,,,,,,,,,,,,,,,,,,,,,,,,,,,,,,,,,,,,,,,,,,,,,,,,,,,,,,,,,,,,,,,,,,,,,,,,,,,,,,,,,,,,,,,,,,,,,,,,,,,,,,,,,,,,,,,,,,,,,,,,,,,,,,,,,,,,,,,,,,,,,,,,,,,,,,,,,,No
,,,,,,,Tools,Industrial,General,,ADCB15516SG,1x6-16' Slate Gray Sq Edge - Harvest Azek PVC Decking,TIMBERTECH,-- No Unilog Brand --,-- No DIB Brand --,Parksite (6151),azek,Azek,,ADCB15516SG,ADCB15516SG,Tools > Industrial > General,Parksite ADCB15516SG 1x6-16' Slate Gray Sq Edge - Harvest Azek PVC Decking,PARKSITE ADCB15516SG 1X6-16' SLATE GRAY SQ EDGE - HARVEST AZ,Parksite ADCB15516SG 1x6-16' Slate Gray Sq Edge - Harvest Azek PVC Decking,Parksite 1x6-16' Slate Gray Sq Edge - Harvest Azek PVC Decking (MPN: ADCB15516SG) in the Tools > Industrial > General category.,Parksite 1x6-16' Slate Gray Sq Edge - Harvest Azek PVC Decking (ADCB15516SG) in Industrial.,Parksite 1x6-16' Slate Gray Sq Edge - Harvest Azek PVC Decking (ADCB15516SG) in Industrial.,,,,,,,,,,,,,,,,,,,,,,,,,,,,,,,,,,,,,,,,,,,,,,,,,,,,,,,,,,,,,,,,,,,,,,,,,,,,,,,,,,,,,,,,,,,,,,,,,,,,,,,,,,,,,,,,,,,,,,,,,,,,,,,,,,,,,,,,,,,,,,,,,,,,,,,,,,,,,,,,,,,,,,,,,,,,,,,,,,,,,,,,,,,,,,,,,,,,,,,,,,,,,,,,,,,,,,,,,,,,,,,No
,,,,,,,Tools,Industrial,General,,ADCB15520SG,1x6-20' Slate Gray Sq Edge - Harvest Azek PVC Decking,TIMBERTECH,-- No Unilog Brand --,-- No DIB Brand --,Parksite (6151),azek,Azek,,ADCB15520SG,ADCB15520SG,Tools > Industrial > General,Parksite ADCB15520SG 1x6-20' Slate Gray Sq Edge - Harvest Azek PVC Decking,PARKSITE ADCB15520SG 1X6-20' SLATE GRAY SQ EDGE - HARVEST AZ,Parksite ADCB15520SG 1x6-20' Slate Gray Sq Edge - Harvest Azek PVC Decking,Parksite 1x6-20' Slate Gray Sq Edge - Harvest Azek PVC Decking (MPN: ADCB15520SG) in the Tools > Industrial > General category.,Parksite 1x6-20' Slate Gray Sq Edge - Harvest Azek PVC Decking (ADCB15520SG) in Industrial.,Parksite 1x6-20' Slate Gray Sq Edge - Harvest Azek PVC Decking (ADCB15520SG) in Industrial.,,,,,,,,,,,,,,,,,,,,,,,,,,,,,,,,,,,,,,,,,,,,,,,,,,,,,,,,,,,,,,,,,,,,,,,,,,,,,,,,,,,,,,,,,,,,,,,,,,,,,,,,,,,,,,,,,,,,,,,,,,,,,,,,,,,,,,,,,,,,,,,,,,,,,,,,,,,,,,,,,,,,,,,,,,,,,,,,,,,,,,,,,,,,,,,,,,,,,,,,,,,,,,,,,,,,,,,,,,,,,,,No
,,,,,,,Tools,Industrial,General,,AGB15512BS,1x6-12' Brownstone Grooved - Harvest Azek PVC Decking,TIMBERTECH,-- No Unilog Brand --,-- No DIB Brand --,Parksite (6151),azek,Azek,,AGB15512BS,AGB15512BS,Tools > Industrial > General,Parksite AGB15512BS 1x6-12' Brownstone Grooved - Harvest Azek PVC Decking,PARKSITE AGB15512BS 1X6-12' BROWNSTONE GROOVED - HARVEST AZE,Parksite AGB15512BS 1x6-12' Brownstone Grooved - Harvest Azek PVC Decking,Parksite 1x6-12' Brownstone Grooved - Harvest Azek PVC Decking (MPN: AGB15512BS) in the Tools > Industrial > General category.,Parksite 1x6-12' Brownstone Grooved - Harvest Azek PVC Decking (AGB15512BS) in Industrial.,Parksite 1x6-12' Brownstone Grooved - Harvest Azek PVC Decking (AGB15512BS) in Industrial.,,,,,,,,,,,,,,,,,,,,,,,,,,,,,,,,,,,,,,,,,,,,,,,,,,,,,,,,,,,,,,,,,,,,,,,,,,,,,,,,,,,,,,,,,,,,,,,,,,,,,,,,,,,,,,,,,,,,,,,,,,,,,,,,,,,,,,,,,,,,,,,,,,,,,,,,,,,,,,,,,,,,,,,,,,,,,,,,,,,,,,,,,,,,,,,,,,,,,,,,,,,,,,,,,,,,,,,,,,,,,,,No
,,,,,,,Tools,Industrial,General,,AGB15516BS,1x6-16' Brownstone Grooved - Harvest Azek PVC Decking,TIMBERTECH,-- No Unilog Brand --,-- No DIB Brand --,Parksite (6151),azek,Azek,,AGB15516BS,AGB15516BS,Tools > Industrial > General,Parksite AGB15516BS 1x6-16' Brownstone Grooved - Harvest Azek PVC Decking,PARKSITE AGB15516BS 1X6-16' BROWNSTONE GROOVED - HARVEST AZE,Parksite AGB15516BS 1x6-16' Brownstone Grooved - Harvest Azek PVC Decking,Parksite 1x6-16' Brownstone Grooved - Harvest Azek PVC Decking (MPN: AGB15516BS) in the Tools > Industrial > General category.,Parksite 1x6-16' Brownstone Grooved - Harvest Azek PVC Decking (AGB15516BS) in Industrial.,Parksite 1x6-16' Brownstone Grooved - Harvest Azek PVC Decking (AGB15516BS) in Industrial.,,,,,,,,,,,,,,,,,,,,,,,,,,,,,,,,,,,,,,,,,,,,,,,,,,,,,,,,,,,,,,,,,,,,,,,,,,,,,,,,,,,,,,,,,,,,,,,,,,,,,,,,,,,,,,,,,,,,,,,,,,,,,,,,,,,,,,,,,,,,,,,,,,,,,,,,,,,,,,,,,,,,,,,,,,,,,,,,,,,,,,,,,,,,,,,,,,,,,,,,,,,,,,,,,,,,,,,,,,,,,,,No
,,,,,,,Tools,Industrial,General,,AGB15520BS,1x6-20' Brownstone Grooved - Harvest Azek PVC Decking,TIMBERTECH,-- No Unilog Brand --,-- No DIB Brand --,Parksite (6151),azek,Azek,,AGB15520BS,AGB15520BS,Tools > Industrial > General,Parksite AGB15520BS 1x6-20' Brownstone Grooved - Harvest Azek PVC Decking,PARKSITE AGB15520BS 1X6-20' BROWNSTONE GROOVED - HARVEST AZE,Parksite AGB15520BS 1x6-20' Brownstone Grooved - Harvest Azek PVC Decking,Parksite 1x6-20' Brownstone Grooved - Harvest Azek PVC Decking (MPN: AGB15520BS) in the Tools > Industrial > General category.,Parksite 1x6-20' Brownstone Grooved - Harvest Azek PVC Decking (AGB15520BS) in Industrial.,Parksite 1x6-20' Brownstone Grooved - Harvest Azek PVC Decking (AGB15520BS) in Industrial.,,,,,,,,,,,,,,,,,,,,,,,,,,,,,,,,,,,,,,,,,,,,,,,,,,,,,,,,,,,,,,,,,,,,,,,,,,,,,,,,,,,,,,,,,,,,,,,,,,,,,,,,,,,,,,,,,,,,,,,,,,,,,,,,,,,,,,,,,,,,,,,,,,,,,,,,,,,,,,,,,,,,,,,,,,,,,,,,,,,,,,,,,,,,,,,,,,,,,,,,,,,,,,,,,,,,,,,,,,,,,,,No
,,,,,,,Tools,Industrial,General,,AGB15512SG,1x6-12' Slate Gray Grooved - Harvest Azek PVC Decking,TIMBERTECH,-- No Unilog Brand --,-- No DIB Brand --,Parksite (6151),azek,Azek,,AGB15512SG,AGB15512SG,Tools > Industrial > General,Parksite AGB15512SG 1x6-12' Slate Gray Grooved - Harvest Azek PVC Decking,PARKSITE AGB15512SG 1X6-12' SLATE GRAY GROOVED - HARVEST AZE,Parksite AGB15512SG 1x6-12' Slate Gray Grooved - Harvest Azek PVC Decking,Parksite 1x6-12' Slate Gray Grooved - Harvest Azek PVC Decking (MPN: AGB15512SG) in the Tools > Industrial > General category.,Parksite 1x6-12' Slate Gray Grooved - Harvest Azek PVC Decking (AGB15512SG) in Industrial.,Parksite 1x6-12' Slate Gray Grooved - Harvest Azek PVC Decking (AGB15512SG) in Industrial.,,,,,,,,,,,,,,,,,,,,,,,,,,,,,,,,,,,,,,,,,,,,,,,,,,,,,,,,,,,,,,,,,,,,,,,,,,,,,,,,,,,,,,,,,,,,,,,,,,,,,,,,,,,,,,,,,,,,,,,,,,,,,,,,,,,,,,,,,,,,,,,,,,,,,,,,,,,,,,,,,,,,,,,,,,,,,,,,,,,,,,,,,,,,,,,,,,,,,,,,,,,,,,,,,,,,,,,,,,,,,,,No
,,,,,,,Tools,Industrial,General,,AGB15516SG,1x6-16' Slate Gray Grooved - Harvest Azek PVC Decking,TIMBERTECH,-- No Unilog Brand --,-- No DIB Brand --,Parksite (6151),azek,Azek,,AGB15516SG,AGB15516SG,Tools > Industrial > General,Parksite AGB15516SG 1x6-16' Slate Gray Grooved - Harvest Azek PVC Decking,PARKSITE AGB15516SG 1X6-16' SLATE GRAY GROOVED - HARVEST AZE,Parksite AGB15516SG 1x6-16' Slate Gray Grooved - Harvest Azek PVC Decking,Parksite 1x6-16' Slate Gray Grooved - Harvest Azek PVC Decking (MPN: AGB15516SG) in the Tools > Industrial > General category.,Parksite 1x6-16' Slate Gray Grooved - Harvest Azek PVC Decking (AGB15516SG) in Industrial.,Parksite 1x6-16' Slate Gray Grooved - Harvest Azek PVC Decking (AGB15516SG) in Industrial.,,,,,,,,,,,,,,,,,,,,,,,,,,,,,,,,,,,,,,,,,,,,,,,,,,,,,,,,,,,,,,,,,,,,,,,,,,,,,,,,,,,,,,,,,,,,,,,,,,,,,,,,,,,,,,,,,,,,,,,,,,,,,,,,,,,,,,,,,,,,,,,,,,,,,,,,,,,,,,,,,,,,,,,,,,,,,,,,,,,,,,,,,,,,,,,,,,,,,,,,,,,,,,,,,,,,,,,,,,,,,,,No
,,,,,,,Tools,Industrial,General,,AGB15520SG,1x6-20' Slate Gray Grooved - Harvest Azek PVC Decking,TIMBERTECH,-- No Unilog Brand --,-- No DIB Brand --,Parksite (6151),azek,Azek,,AGB15520SG,AGB15520SG,Tools > Industrial > General,Parksite AGB15520SG 1x6-20' Slate Gray Grooved - Harvest Azek PVC Decking,PARKSITE AGB15520SG 1X6-20' SLATE GRAY GROOVED - HARVEST AZE,Parksite AGB15520SG 1x6-20' Slate Gray Grooved - Harvest Azek PVC Decking,Parksite 1x6-20' Slate Gray Grooved - Harvest Azek PVC Decking (MPN: AGB15520SG) in the Tools > Industrial > General category.,Parksite 1x6-20' Slate Gray Grooved - Harvest Azek PVC Decking (AGB15520SG) in Industrial.,Parksite 1x6-20' Slate Gray Grooved - Harvest Azek PVC Decking (AGB15520SG) in Industrial.,,,,,,,,,,,,,,,,,,,,,,,,,,,,,,,,,,,,,,,,,,,,,,,,,,,,,,,,,,,,,,,,,,,,,,,,,,,,,,,,,,,,,,,,,,,,,,,,,,,,,,,,,,,,,,,,,,,,,,,,,,,,,,,,,,,,,,,,,,,,,,,,,,,,,,,,,,,,,,,,,,,,,,,,,,,,,,,,,,,,,,,,,,,,,,,,,,,,,,,,,,,,,,,,,,,,,,,,,,,,,,,No
,,,,,,,Tools,Industrial,General,,543140016,1nx6-16' Biscayne Sq Edge - Trex Transcend Lineage Decking,TREX,-- No Unilog Brand --,-- No DIB Brand --,U S Lumber (3073),trex,Trex,,543140016,543140016,Tools > Industrial > General,U S Lumber 543140016 1nx6-16' Biscayne Sq Edge - Trex Transcend Lineage Decking,U S LUMBER 543140016 1NX6-16' BISCAYNE SQ EDGE - TREX TRANSC,U S Lumber 543140016 1nx6-16' Biscayne Sq Edge - Trex Transcend Lineage Decking,U S Lumber 1nx6-16' Biscayne Sq Edge - Trex Transcend Lineage Decking (MPN: 543140016) in the Tools > Industrial > General category.,U S Lumber 1nx6-16' Biscayne Sq Edge - Trex Transcend Lineage Decking (543140016) in Industrial.,U S Lumber 1nx6-16' Biscayne Sq Edge - Trex Transcend Lineage Decking (543140016) in Industrial.,,,,,,,,,,,,,,,,,,,,,,,,,,,,,,,,,,,,,,,,,,,,,,,,,,,,,,,,,,,,,,,,,,,,,,,,,,,,,,,,,,,,,,,,,,,,,,,,,,,,,,,,,,,,,,,,,,,,,,,,,,,,,,,,,,,,,,,,,,,,,,,,,,,,,,,,,,,,,,,,,,,,,,,,,,,,,,,,,,,,,,,,,,,,,,,,,,,,,,,,,,,,,,,,,,,,,,,,,,,,,,,No
,,,,,,,Tools,Industrial,General,,543140020,1nx6-20' Biscayne Sq Edge - Trex Transcend Lineage Decking,TREX,-- No Unilog Brand --,-- No DIB Brand --,U S Lumber (3073),trex,Trex,,543140020,543140020,Tools > Industrial > General,U S Lumber 543140020 1nx6-20' Biscayne Sq Edge - Trex Transcend Lineage Decking,U S LUMBER 543140020 1NX6-20' BISCAYNE SQ EDGE - TREX TRANSC,U S Lumber 543140020 1nx6-20' Biscayne Sq Edge - Trex Transcend Lineage Decking,U S Lumber 1nx6-20' Biscayne Sq Edge - Trex Transcend Lineage Decking (MPN: 543140020) in the Tools > Industrial > General category.,U S Lumber 1nx6-20' Biscayne Sq Edge - Trex Transcend Lineage Decking (543140020) in Industrial.,U S Lumber 1nx6-20' Biscayne Sq Edge - Trex Transcend Lineage Decking (543140020) in Industrial.,,,,,,,,,,,,,,,,,,,,,,,,,,,,,,,,,,,,,,,,,,,,,,,,,,,,,,,,,,,,,,,,,,,,,,,,,,,,,,,,,,,,,,,,,,,,,,,,,,,,,,,,,,,,,,,,,,,,,,,,,,,,,,,,,,,,,,,,,,,,,,,,,,,,,,,,,,,,,,,,,,,,,,,,,,,,,,,,,,,,,,,,,,,,,,,,,,,,,,,,,,,,,,,,,,,,,,,,,,,,,,,No
,,,,,,,Tools,Industrial,General,,543142016,1nx6-16' Carmel Sq Edge - Trex Transcend Lineage Decking,TREX,-- No Unilog Brand --,-- No DIB Brand --,U S Lumber (3073),trex,Trex,,543142016,543142016,Tools > Industrial > General,U S Lumber 543142016 1nx6-16' Carmel Sq Edge - Trex Transcend Lineage Decking,U S LUMBER 543142016 1NX6-16' CARMEL SQ EDGE - TREX TRANSCEN,U S Lumber 543142016 1nx6-16' Carmel Sq Edge - Trex Transcend Lineage Decking,U S Lumber 1nx6-16' Carmel Sq Edge - Trex Transcend Lineage Decking (MPN: 543142016) in the Tools > Industrial > General category.,U S Lumber 1nx6-16' Carmel Sq Edge - Trex Transcend Lineage Decking (543142016) in Industrial.,U S Lumber 1nx6-16' Carmel Sq Edge - Trex Transcend Lineage Decking (543142016) in Industrial.,,,,,,,,,,,,,,,,,,,,,,,,,,,,,,,,,,,,,,,,,,,,,,,,,,,,,,,,,,,,,,,,,,,,,,,,,,,,,,,,,,,,,,,,,,,,,,,,,,,,,,,,,,,,,,,,,,,,,,,,,,,,,,,,,,,,,,,,,,,,,,,,,,,,,,,,,,,,,,,,,,,,,,,,,,,,,,,,,,,,,,,,,,,,,,,,,,,,,,,,,,,,,,,,,,,,,,,,,,,,,,,No
,,,,,,,Tools,Industrial,General,,543142020,1nx6-20' Carmel Sq Edge - Trex Transcend Lineage Decking,TREX,-- No Unilog Brand --,-- No DIB Brand --,U S Lumber (3073),trex,Trex,,543142020,543142020,Tools > Industrial > General,U S Lumber 543142020 1nx6-20' Carmel Sq Edge - Trex Transcend Lineage Decking,U S LUMBER 543142020 1NX6-20' CARMEL SQ EDGE - TREX TRANSCEN,U S Lumber 543142020 1nx6-20' Carmel Sq Edge - Trex Transcend Lineage Decking,U S Lumber 1nx6-20' Carmel Sq Edge - Trex Transcend Lineage Decking (MPN: 543142020) in the Tools > Industrial > General category.,U S Lumber 1nx6-20' Carmel Sq Edge - Trex Transcend Lineage Decking (543142020) in Industrial.,U S Lumber 1nx6-20' Carmel Sq Edge - Trex Transcend Lineage Decking (543142020) in Industrial.,,,,,,,,,,,,,,,,,,,,,,,,,,,,,,,,,,,,,,,,,,,,,,,,,,,,,,,,,,,,,,,,,,,,,,,,,,,,,,,,,,,,,,,,,,,,,,,,,,,,,,,,,,,,,,,,,,,,,,,,,,,,,,,,,,,,,,,,,,,,,,,,,,,,,,,,,,,,,,,,,,,,,,,,,,,,,,,,,,,,,,,,,,,,,,,,,,,,,,,,,,,,,,,,,,,,,,,,,,,,,,,No
,,,,,,,Tools,Industrial,General,,543144016,1nx6-16' Island Mist Sq Edge - Trex Transcend Lineage Decking,TREX,-- No Unilog Brand --,-- No DIB Brand --,U S Lumber (3073),trex,Trex,,543144016,543144016,Tools > Industrial > General,U S Lumber 543144016 1nx6-16' Island Mist Sq Edge - Trex Transcend Lineage Decking,U S LUMBER 543144016 1NX6-16' ISLAND MIST SQ EDGE - TREX TRA,U S Lumber 543144016 1nx6-16' Island Mist Sq Edge - Trex Transcend Lineage Decking,U S Lumber 1nx6-16' Island Mist Sq Edge - Trex Transcend Lineage Decking (MPN: 543144016) in the Tools > Industrial > General category.,U S Lumber 1nx6-16' Island Mist Sq Edge - Trex Transcend Lineage Decking (543144016) in Industrial.,U S Lumber 1nx6-16' Island Mist Sq Edge - Trex Transcend Lineage Decking (543144016) in Industrial.,,,,,,,,,,,,,,,,,,,,,,,,,,,,,,,,,,,,,,,,,,,,,,,,,,,,,,,,,,,,,,,,,,,,,,,,,,,,,,,,,,,,,,,,,,,,,,,,,,,,,,,,,,,,,,,,,,,,,,,,,,,,,,,,,,,,,,,,,,,,,,,,,,,,,,,,,,,,,,,,,,,,,,,,,,,,,,,,,,,,,,,,,,,,,,,,,,,,,,,,,,,,,,,,,,,,,,,,,,,,,,,No
,,,,,,,Tools,Industrial,General,,543144020,1nx6-20' Island Mist Sq Edge - Trex Transcend Lineage Decking,TREX,-- No Unilog Brand --,-- No DIB Brand --,U S Lumber (3073),trex,Trex,,543144020,543144020,Tools > Industrial > General,U S Lumber 543144020 1nx6-20' Island Mist Sq Edge - Trex Transcend Lineage Decking,U S LUMBER 543144020 1NX6-20' ISLAND MIST SQ EDGE - TREX TRA,U S Lumber 543144020 1nx6-20' Island Mist Sq Edge - Trex Transcend Lineage Decking,U S Lumber 1nx6-20' Island Mist Sq Edge - Trex Transcend Lineage Decking (MPN: 543144020) in the Tools > Industrial > General category.,U S Lumber 1nx6-20' Island Mist Sq Edge - Trex Transcend Lineage Decking (543144020) in Industrial.,U S Lumber 1nx6-20' Island Mist Sq Edge - Trex Transcend Lineage Decking (543144020) in Industrial.,,,,,,,,,,,,,,,,,,,,,,,,,,,,,,,,,,,,,,,,,,,,,,,,,,,,,,,,,,,,,,,,,,,,,,,,,,,,,,,,,,,,,,,,,,,,,,,,,,,,,,,,,,,,,,,,,,,,,,,,,,,,,,,,,,,,,,,,,,,,,,,,,,,,,,,,,,,,,,,,,,,,,,,,,,,,,,,,,,,,,,,,,,,,,,,,,,,,,,,,,,,,,,,,,,,,,,,,,,,,,,,No
,,,,,,,Tools,Industrial,General,,543143016,1nx6-16' Jasper Sq Edge - Trex Transcend Lineage Decking,TREX,-- No Unilog Brand --,-- No DIB Brand --,U S Lumber (3073),trex,Trex,,543143016,543143016,Tools > Industrial > General,U S Lumber 543143016 1nx6-16' Jasper Sq Edge - Trex Transcend Lineage Decking,U S LUMBER 543143016 1NX6-16' JASPER SQ EDGE - TREX TRANSCEN,U S Lumber 543143016 1nx6-16' Jasper Sq Edge - Trex Transcend Lineage Decking,U S Lumber 1nx6-16' Jasper Sq Edge - Trex Transcend Lineage Decking (MPN: 543143016) in the Tools > Industrial > General category.,U S Lumber 1nx6-16' Jasper Sq Edge - Trex Transcend Lineage Decking (543143016) in Industrial.,U S Lumber 1nx6-16' Jasper Sq Edge - Trex Transcend Lineage Decking (543143016) in Industrial.,,,,,,,,,,,,,,,,,,,,,,,,,,,,,,,,,,,,,,,,,,,,,,,,,,,,,,,,,,,,,,,,,,,,,,,,,,,,,,,,,,,,,,,,,,,,,,,,,,,,,,,,,,,,,,,,,,,,,,,,,,,,,,,,,,,,,,,,,,,,,,,,,,,,,,,,,,,,,,,,,,,,,,,,,,,,,,,,,,,,,,,,,,,,,,,,,,,,,,,,,,,,,,,,,,,,,,,,,,,,,,,No
,,,,,,,Tools,Industrial,General,,543143020,1nx6-20' Jasper Sq Edge - Trex Transcend Lineage Decking,TREX,-- No Unilog Brand --,-- No DIB Brand --,U S Lumber (3073),trex,Trex,,543143020,543143020,Tools > Industrial > General,U S Lumber 543143020 1nx6-20' Jasper Sq Edge - Trex Transcend Lineage Decking,U S LUMBER 543143020 1NX6-20' JASPER SQ EDGE - TREX TRANSCEN,U S Lumber 543143020 1nx6-20' Jasper Sq Edge - Trex Transcend Lineage Decking,U S Lumber 1nx6-20' Jasper Sq Edge - Trex Transcend Lineage Decking (MPN: 543143020) in the Tools > Industrial > General category.,U S Lumber 1nx6-20' Jasper Sq Edge - Trex Transcend Lineage Decking (543143020) in Industrial.,U S Lumber 1nx6-20' Jasper Sq Edge - Trex Transcend Lineage Decking (543143020) in Industrial.,,,,,,,,,,,,,,,,,,,,,,,,,,,,,,,,,,,,,,,,,,,,,,,,,,,,,,,,,,,,,,,,,,,,,,,,,,,,,,,,,,,,,,,,,,,,,,,,,,,,,,,,,,,,,,,,,,,,,,,,,,,,,,,,,,,,,,,,,,,,,,,,,,,,,,,,,,,,,,,,,,,,,,,,,,,,,,,,,,,,,,,,,,,,,,,,,,,,,,,,,,,,,,,,,,,,,,,,,,,,,,,No
,,,,,,,Tools,Industrial,General,,543141016,1nx6-16' Rainier Sq Edge - Trex Transcend Lineage Decking,TREX,-- No Unilog Brand --,-- No DIB Brand --,U S Lumber (3073),trex,Trex,,543141016,543141016,Tools > Industrial > General,U S Lumber 543141016 1nx6-16' Rainier Sq Edge - Trex Transcend Lineage Decking,U S LUMBER 543141016 1NX6-16' RAINIER SQ EDGE - TREX TRANSCE,U S Lumber 543141016 1nx6-16' Rainier Sq Edge - Trex Transcend Lineage Decking,U S Lumber 1nx6-16' Rainier Sq Edge - Trex Transcend Lineage Decking (MPN: 543141016) in the Tools > Industrial > General category.,U S Lumber 1nx6-16' Rainier Sq Edge - Trex Transcend Lineage Decking (543141016) in Industrial.,U S Lumber 1nx6-16' Rainier Sq Edge - Trex Transcend Lineage Decking (543141016) in Industrial.,,,,,,,,,,,,,,,,,,,,,,,,,,,,,,,,,,,,,,,,,,,,,,,,,,,,,,,,,,,,,,,,,,,,,,,,,,,,,,,,,,,,,,,,,,,,,,,,,,,,,,,,,,,,,,,,,,,,,,,,,,,,,,,,,,,,,,,,,,,,,,,,,,,,,,,,,,,,,,,,,,,,,,,,,,,,,,,,,,,,,,,,,,,,,,,,,,,,,,,,,,,,,,,,,,,,,,,,,,,,,,,No
,,,,,,,Tools,Industrial,General,,543141020,1nx6-20' Rainier Sq Edge - Trex Transcend Lineage Decking,TREX,-- No Unilog Brand --,-- No DIB Brand --,U S Lumber (3073),trex,Trex,,543141020,543141020,Tools > Industrial > General,U S Lumber 543141020 1nx6-20' Rainier Sq Edge - Trex Transcend Lineage Decking,U S LUMBER 543141020 1NX6-20' RAINIER SQ EDGE - TREX TRANSCE,U S Lumber 543141020 1nx6-20' Rainier Sq Edge - Trex Transcend Lineage Decking,U S Lumber 1nx6-20' Rainier Sq Edge - Trex Transcend Lineage Decking (MPN: 543141020) in the Tools > Industrial > General category.,U S Lumber 1nx6-20' Rainier Sq Edge - Trex Transcend Lineage Decking (543141020) in Industrial.,U S Lumber 1nx6-20' Rainier Sq Edge - Trex Transcend Lineage Decking (543141020) in Industrial.,,,,,,,,,,,,,,,,,,,,,,,,,,,,,,,,,,,,,,,,,,,,,,,,,,,,,,,,,,,,,,,,,,,,,,,,,,,,,,,,,,,,,,,,,,,,,,,,,,,,,,,,,,,,,,,,,,,,,,,,,,,,,,,,,,,,,,,,,,,,,,,,,,,,,,,,,,,,,,,,,,,,,,,,,,,,,,,,,,,,,,,,,,,,,,,,,,,,,,,,,,,,,,,,,,,,,,,,,,,,,,,No
,,,,,,,Tools,Industrial,General,,543140412,1nx6-12' Biscayne Grooved - Trex Transcend Lineage Decking,TREX,-- No Unilog Brand --,-- No DIB Brand --,U S Lumber (3073),trex,Trex,,543140412,543140412,Tools > Industrial > General,U S Lumber 543140412 1nx6-12' Biscayne Grooved - Trex Transcend Lineage Decking,U S LUMBER 543140412 1NX6-12' BISCAYNE GROOVED - TREX TRANSC,U S Lumber 543140412 1nx6-12' Biscayne Grooved - Trex Transcend Lineage Decking,U S Lumber 1nx6-12' Biscayne Grooved - Trex Transcend Lineage Decking (MPN: 543140412) in the Tools > Industrial > General category.,U S Lumber 1nx6-12' Biscayne Grooved - Trex Transcend Lineage Decking (543140412) in Industrial.,U S Lumber 1nx6-12' Biscayne Grooved - Trex Transcend Lineage Decking (543140412) in Industrial.,,,,,,,,,,,,,,,,,,,,,,,,,,,,,,,,,,,,,,,,,,,,,,,,,,,,,,,,,,,,,,,,,,,,,,,,,,,,,,,,,,,,,,,,,,,,,,,,,,,,,,,,,,,,,,,,,,,,,,,,,,,,,,,,,,,,,,,,,,,,,,,,,,,,,,,,,,,,,,,,,,,,,,,,,,,,,,,,,,,,,,,,,,,,,,,,,,,,,,,,,,,,,,,,,,,,,,,,,,,,,,,No
,,,,,,,Tools,Industrial,General,,543140416,1nx6-16' Biscayne Grooved - Trex Transcend Lineage Decking,TREX,-- No Unilog Brand --,-- No DIB Brand --,U S Lumber (3073),trex,Trex,,543140416,543140416,Tools > Industrial > General,U S Lumber 543140416 1nx6-16' Biscayne Grooved - Trex Transcend Lineage Decking,U S LUMBER 543140416 1NX6-16' BISCAYNE GROOVED - TREX TRANSC,U S Lumber 543140416 1nx6-16' Biscayne Grooved - Trex Transcend Lineage Decking,U S Lumber 1nx6-16' Biscayne Grooved - Trex Transcend Lineage Decking (MPN: 543140416) in the Tools > Industrial > General category.,U S Lumber 1nx6-16' Biscayne Grooved - Trex Transcend Lineage Decking (543140416) in Industrial.,U S Lumber 1nx6-16' Biscayne Grooved - Trex Transcend Lineage Decking (543140416) in Industrial.,,,,,,,,,,,,,,,,,,,,,,,,,,,,,,,,,,,,,,,,,,,,,,,,,,,,,,,,,,,,,,,,,,,,,,,,,,,,,,,,,,,,,,,,,,,,,,,,,,,,,,,,,,,,,,,,,,,,,,,,,,,,,,,,,,,,,,,,,,,,,,,,,,,,,,,,,,,,,,,,,,,,,,,,,,,,,,,,,,,,,,,,,,,,,,,,,,,,,,,,,,,,,,,,,,,,,,,,,,,,,,,No
,,,,,,,Tools,Industrial,General,,543140420,1nx6-20' Biscayne Grooved - Trex Transcend Lineage Decking,TREX,-- No Unilog Brand --,-- No DIB Brand --,U S Lumber (3073),trex,Trex,,543140420,543140420,Tools > Industrial > General,U S Lumber 543140420 1nx6-20' Biscayne Grooved - Trex Transcend Lineage Decking,U S LUMBER 543140420 1NX6-20' BISCAYNE GROOVED - TREX TRANSC,U S Lumber 543140420 1nx6-20' Biscayne Grooved - Trex Transcend Lineage Decking,U S Lumber 1nx6-20' Biscayne Grooved - Trex Transcend Lineage Decking (MPN: 543140420) in the Tools > Industrial > General category.,U S Lumber 1nx6-20' Biscayne Grooved - Trex Transcend Lineage Decking (543140420) in Industrial.,U S Lumber 1nx6-20' Biscayne Grooved - Trex Transcend Lineage Decking (543140420) in Industrial.,,,,,,,,,,,,,,,,,,,,,,,,,,,,,,,,,,,,,,,,,,,,,,,,,,,,,,,,,,,,,,,,,,,,,,,,,,,,,,,,,,,,,,,,,,,,,,,,,,,,,,,,,,,,,,,,,,,,,,,,,,,,,,,,,,,,,,,,,,,,,,,,,,,,,,,,,,,,,,,,,,,,,,,,,,,,,,,,,,,,,,,,,,,,,,,,,,,,,,,,,,,,,,,,,,,,,,,,,,,,,,,No
,,,,,,,Tools,Industrial,General,,543142412,1nx6-12' Carmel Grooved - Trex Transcend Lineage Decking,TREX,-- No Unilog Brand --,-- No DIB Brand --,U S Lumber (3073),trex,Trex,,543142412,543142412,Tools > Industrial > General,U S Lumber 543142412 1nx6-12' Carmel Grooved - Trex Transcend Lineage Decking,U S LUMBER 543142412 1NX6-12' CARMEL GROOVED - TREX TRANSCEN,U S Lumber 543142412 1nx6-12' Carmel Grooved - Trex Transcend Lineage Decking,U S Lumber 1nx6-12' Carmel Grooved - Trex Transcend Lineage Decking (MPN: 543142412) in the Tools > Industrial > General category.,U S Lumber 1nx6-12' Carmel Grooved - Trex Transcend Lineage Decking (543142412) in Industrial.,U S Lumber 1nx6-12' Carmel Grooved - Trex Transcend Lineage Decking (543142412) in Industrial.,,,,,,,,,,,,,,,,,,,,,,,,,,,,,,,,,,,,,,,,,,,,,,,,,,,,,,,,,,,,,,,,,,,,,,,,,,,,,,,,,,,,,,,,,,,,,,,,,,,,,,,,,,,,,,,,,,,,,,,,,,,,,,,,,,,,,,,,,,,,,,,,,,,,,,,,,,,,,,,,,,,,,,,,,,,,,,,,,,,,,,,,,,,,,,,,,,,,,,,,,,,,,,,,,,,,,,,,,,,,,,,No
,,,,,,,Tools,Industrial,General,,543142416,1nx6-16' Carmel Grooved - Trex Transcend Lineage Decking,TREX,-- No Unilog Brand --,-- No DIB Brand --,U S Lumber (3073),trex,Trex,,543142416,543142416,Tools > Industrial > General,U S Lumber 543142416 1nx6-16' Carmel Grooved - Trex Transcend Lineage Decking,U S LUMBER 543142416 1NX6-16' CARMEL GROOVED - TREX TRANSCEN,U S Lumber 543142416 1nx6-16' Carmel Grooved - Trex Transcend Lineage Decking,U S Lumber 1nx6-16' Carmel Grooved - Trex Transcend Lineage Decking (MPN: 543142416) in the Tools > Industrial > General category.,U S Lumber 1nx6-16' Carmel Grooved - Trex Transcend Lineage Decking (543142416) in Industrial.,U S Lumber 1nx6-16' Carmel Grooved - Trex Transcend Lineage Decking (543142416) in Industrial.,,,,,,,,,,,,,,,,,,,,,,,,,,,,,,,,,,,,,,,,,,,,,,,,,,,,,,,,,,,,,,,,,,,,,,,,,,,,,,,,,,,,,,,,,,,,,,,,,,,,,,,,,,,,,,,,,,,,,,,,,,,,,,,,,,,,,,,,,,,,,,,,,,,,,,,,,,,,,,,,,,,,,,,,,,,,,,,,,,,,,,,,,,,,,,,,,,,,,,,,,,,,,,,,,,,,,,,,,,,,,,,No
,,,,,,,Tools,Industrial,General,,543142420,1nx6-20' Carmel Grooved - Trex Transcend Lineage Decking,TREX,-- No Unilog Brand --,-- No DIB Brand --,U S Lumber (3073),trex,Trex,,543142420,543142420,Tools > Industrial > General,U S Lumber 543142420 1nx6-20' Carmel Grooved - Trex Transcend Lineage Decking,U S LUMBER 543142420 1NX6-20' CARMEL GROOVED - TREX TRANSCEN,U S Lumber 543142420 1nx6-20' Carmel Grooved - Trex Transcend Lineage Decking,U S Lumber 1nx6-20' Carmel Grooved - Trex Transcend Lineage Decking (MPN: 543142420) in the Tools > Industrial > General category.,U S Lumber 1nx6-20' Carmel Grooved - Trex Transcend Lineage Decking (543142420) in Industrial.,U S Lumber 1nx6-20' Carmel Grooved - Trex Transcend Lineage Decking (543142420) in Industrial.,,,,,,,,,,,,,,,,,,,,,,,,,,,,,,,,,,,,,,,,,,,,,,,,,,,,,,,,,,,,,,,,,,,,,,,,,,,,,,,,,,,,,,,,,,,,,,,,,,,,,,,,,,,,,,,,,,,,,,,,,,,,,,,,,,,,,,,,,,,,,,,,,,,,,,,,,,,,,,,,,,,,,,,,,,,,,,,,,,,,,,,,,,,,,,,,,,,,,,,,,,,,,,,,,,,,,,,,,,,,,,,No
,,,,,,,Tools,Industrial,General,,543144412,1nx6-12' Island Mist Grooved - Trex Transcend Lineage Decking,TREX,-- No Unilog Brand --,-- No DIB Brand --,U S Lumber (3073),trex,Trex,,543144412,543144412,Tools > Industrial > General,U S Lumber 543144412 1nx6-12' Island Mist Grooved - Trex Transcend Lineage Decking,U S LUMBER 543144412 1NX6-12' ISLAND MIST GROOVED - TREX TRA,U S Lumber 543144412 1nx6-12' Island Mist Grooved - Trex Transcend Lineage Decking,U S Lumber 1nx6-12' Island Mist Grooved - Trex Transcend Lineage Decking (MPN: 543144412) in the Tools > Industrial > General category.,U S Lumber 1nx6-12' Island Mist Grooved - Trex Transcend Lineage Decking (543144412) in Industrial.,U S Lumber 1nx6-12' Island Mist Grooved - Trex Transcend Lineage Decking (543144412) in Industrial.,,,,,,,,,,,,,,,,,,,,,,,,,,,,,,,,,,,,,,,,,,,,,,,,,,,,,,,,,,,,,,,,,,,,,,,,,,,,,,,,,,,,,,,,,,,,,,,,,,,,,,,,,,,,,,,,,,,,,,,,,,,,,,,,,,,,,,,,,,,,,,,,,,,,,,,,,,,,,,,,,,,,,,,,,,,,,,,,,,,,,,,,,,,,,,,,,,,,,,,,,,,,,,,,,,,,,,,,,,,,,,,No
,,,,,,,Tools,Industrial,General,,543144416,1nx6-16' Island Mist Grooved - Trex Transcend Lineage Decking,TREX,-- No Unilog Brand --,-- No DIB Brand --,U S Lumber (3073),trex,Trex,,543144416,543144416,Tools > Industrial > General,U S Lumber 543144416 1nx6-16' Island Mist Grooved - Trex Transcend Lineage Decking,U S LUMBER 543144416 1NX6-16' ISLAND MIST GROOVED - TREX TRA,U S Lumber 543144416 1nx6-16' Island Mist Grooved - Trex Transcend Lineage Decking,U S Lumber 1nx6-16' Island Mist Grooved - Trex Transcend Lineage Decking (MPN: 543144416) in the Tools > Industrial > General category.,U S Lumber 1nx6-16' Island Mist Grooved - Trex Transcend Lineage Decking (543144416) in Industrial.,U S Lumber 1nx6-16' Island Mist Grooved - Trex Transcend Lineage Decking (543144416) in Industrial.,,,,,,,,,,,,,,,,,,,,,,,,,,,,,,,,,,,,,,,,,,,,,,,,,,,,,,,,,,,,,,,,,,,,,,,,,,,,,,,,,,,,,,,,,,,,,,,,,,,,,,,,,,,,,,,,,,,,,,,,,,,,,,,,,,,,,,,,,,,,,,,,,,,,,,,,,,,,,,,,,,,,,,,,,,,,,,,,,,,,,,,,,,,,,,,,,,,,,,,,,,,,,,,,,,,,,,,,,,,,,,,No
,,,,,,,Tools,Industrial,General,,543144420,1nx6-20' Island Mist Grooved - Trex Transcend Lineage Decking,TREX,-- No Unilog Brand --,-- No DIB Brand --,U S Lumber (3073),trex,Trex,,543144420,543144420,Tools > Industrial > General,U S Lumber 543144420 1nx6-20' Island Mist Grooved - Trex Transcend Lineage Decking,U S LUMBER 543144420 1NX6-20' ISLAND MIST GROOVED - TREX TRA,U S Lumber 543144420 1nx6-20' Island Mist Grooved - Trex Transcend Lineage Decking,U S Lumber 1nx6-20' Island Mist Grooved - Trex Transcend Lineage Decking (MPN: 543144420) in the Tools > Industrial > General category.,U S Lumber 1nx6-20' Island Mist Grooved - Trex Transcend Lineage Decking (543144420) in Industrial.,U S Lumber 1nx6-20' Island Mist Grooved - Trex Transcend Lineage Decking (543144420) in Industrial.,,,,,,,,,,,,,,,,,,,,,,,,,,,,,,,,,,,,,,,,,,,,,,,,,,,,,,,,,,,,,,,,,,,,,,,,,,,,,,,,,,,,,,,,,,,,,,,,,,,,,,,,,,,,,,,,,,,,,,,,,,,,,,,,,,,,,,,,,,,,,,,,,,,,,,,,,,,,,,,,,,,,,,,,,,,,,,,,,,,,,,,,,,,,,,,,,,,,,,,,,,,,,,,,,,,,,,,,,,,,,,,No
,,,,,,,Tools,Industrial,General,,543143412,1nx6-12' Jasper Grooved - Trex Transcend Lineage Decking,TREX,-- No Unilog Brand --,-- No DIB Brand --,U S Lumber (3073),trex,Trex,,543143412,543143412,Tools > Industrial > General,U S Lumber 543143412 1nx6-12' Jasper Grooved - Trex Transcend Lineage Decking,U S LUMBER 543143412 1NX6-12' JASPER GROOVED - TREX TRANSCEN,U S Lumber 543143412 1nx6-12' Jasper Grooved - Trex Transcend Lineage Decking,U S Lumber 1nx6-12' Jasper Grooved - Trex Transcend Lineage Decking (MPN: 543143412) in the Tools > Industrial > General category.,U S Lumber 1nx6-12' Jasper Grooved - Trex Transcend Lineage Decking (543143412) in Industrial.,U S Lumber 1nx6-12' Jasper Grooved - Trex Transcend Lineage Decking (543143412) in Industrial.,,,,,,,,,,,,,,,,,,,,,,,,,,,,,,,,,,,,,,,,,,,,,,,,,,,,,,,,,,,,,,,,,,,,,,,,,,,,,,,,,,,,,,,,,,,,,,,,,,,,,,,,,,,,,,,,,,,,,,,,,,,,,,,,,,,,,,,,,,,,,,,,,,,,,,,,,,,,,,,,,,,,,,,,,,,,,,,,,,,,,,,,,,,,,,,,,,,,,,,,,,,,,,,,,,,,,,,,,,,,,,,No
,,,,,,,Tools,Industrial,General,,543143416,1nx6-16' Jasper Grooved - Trex Transcend Lineage Decking,TREX,-- No Unilog Brand --,-- No DIB Brand --,U S Lumber (3073),trex,Trex,,543143416,543143416,Tools > Industrial > General,U S Lumber 543143416 1nx6-16' Jasper Grooved - Trex Transcend Lineage Decking,U S LUMBER 543143416 1NX6-16' JASPER GROOVED - TREX TRANSCEN,U S Lumber 543143416 1nx6-16' Jasper Grooved - Trex Transcend Lineage Decking,U S Lumber 1nx6-16' Jasper Grooved - Trex Transcend Lineage Decking (MPN: 543143416) in the Tools > Industrial > General category.,U S Lumber 1nx6-16' Jasper Grooved - Trex Transcend Lineage Decking (543143416) in Industrial.,U S Lumber 1nx6-16' Jasper Grooved - Trex Transcend Lineage Decking (543143416) in Industrial.,,,,,,,,,,,,,,,,,,,,,,,,,,,,,,,,,,,,,,,,,,,,,,,,,,,,,,,,,,,,,,,,,,,,,,,,,,,,,,,,,,,,,,,,,,,,,,,,,,,,,,,,,,,,,,,,,,,,,,,,,,,,,,,,,,,,,,,,,,,,,,,,,,,,,,,,,,,,,,,,,,,,,,,,,,,,,,,,,,,,,,,,,,,,,,,,,,,,,,,,,,,,,,,,,,,,,,,,,,,,,,,No
,,,,,,,Tools,Industrial,General,,543143420,1nx6-20' Jasper Grooved - Trex Transcend Lineage Decking,TREX,-- No Unilog Brand --,-- No DIB Brand --,U S Lumber (3073),trex,Trex,,543143420,543143420,Tools > Industrial > General,U S Lumber 543143420 1nx6-20' Jasper Grooved - Trex Transcend Lineage Decking,U S LUMBER 543143420 1NX6-20' JASPER GROOVED - TREX TRANSCEN,U S Lumber 543143420 1nx6-20' Jasper Grooved - Trex Transcend Lineage Decking,U S Lumber 1nx6-20' Jasper Grooved - Trex Transcend Lineage Decking (MPN: 543143420) in the Tools > Industrial > General category.,U S Lumber 1nx6-20' Jasper Grooved - Trex Transcend Lineage Decking (543143420) in Industrial.,U S Lumber 1nx6-20' Jasper Grooved - Trex Transcend Lineage Decking (543143420) in Industrial.,,,,,,,,,,,,,,,,,,,,,,,,,,,,,,,,,,,,,,,,,,,,,,,,,,,,,,,,,,,,,,,,,,,,,,,,,,,,,,,,,,,,,,,,,,,,,,,,,,,,,,,,,,,,,,,,,,,,,,,,,,,,,,,,,,,,,,,,,,,,,,,,,,,,,,,,,,,,,,,,,,,,,,,,,,,,,,,,,,,,,,,,,,,,,,,,,,,,,,,,,,,,,,,,,,,,,,,,,,,,,,,No
,,,,,,,Tools,Industrial,General,,543141412,1nx6-12' Rainier Grooved - Trex Transcend Lineage Decking,TREX,-- No Unilog Brand --,-- No DIB Brand --,U S Lumber (3073),trex,Trex,,543141412,543141412,Tools > Industrial > General,U S Lumber 543141412 1nx6-12' Rainier Grooved - Trex Transcend Lineage Decking,U S LUMBER 543141412 1NX6-12' RAINIER GROOVED - TREX TRANSCE,U S Lumber 543141412 1nx6-12' Rainier Grooved - Trex Transcend Lineage Decking,U S Lumber 1nx6-12' Rainier Grooved - Trex Transcend Lineage Decking (MPN: 543141412) in the Tools > Industrial > General category.,U S Lumber 1nx6-12' Rainier Grooved - Trex Transcend Lineage Decking (543141412) in Industrial.,U S Lumber 1nx6-12' Rainier Grooved - Trex Transcend Lineage Decking (543141412) in Industrial.,,,,,,,,,,,,,,,,,,,,,,,,,,,,,,,,,,,,,,,,,,,,,,,,,,,,,,,,,,,,,,,,,,,,,,,,,,,,,,,,,,,,,,,,,,,,,,,,,,,,,,,,,,,,,,,,,,,,,,,,,,,,,,,,,,,,,,,,,,,,,,,,,,,,,,,,,,,,,,,,,,,,,,,,,,,,,,,,,,,,,,,,,,,,,,,,,,,,,,,,,,,,,,,,,,,,,,,,,,,,,,,No
,,,,,,,Tools,Industrial,General,,543141416,1nx6-16' Rainier Grooved - Trex Transcend Lineage Decking,TREX,-- No Unilog Brand --,-- No DIB Brand --,U S Lumber (3073),trex,Trex,,543141416,543141416,Tools > Industrial > General,U S Lumber 543141416 1nx6-16' Rainier Grooved - Trex Transcend Lineage Decking,U S LUMBER 543141416 1NX6-16' RAINIER GROOVED - TREX TRANSCE,U S Lumber 543141416 1nx6-16' Rainier Grooved - Trex Transcend Lineage Decking,U S Lumber 1nx6-16' Rainier Grooved - Trex Transcend Lineage Decking (MPN: 543141416) in the Tools > Industrial > General category.,U S Lumber 1nx6-16' Rainier Grooved - Trex Transcend Lineage Decking (543141416) in Industrial.,U S Lumber 1nx6-16' Rainier Grooved - Trex Transcend Lineage Decking (543141416) in Industrial.,,,,,,,,,,,,,,,,,,,,,,,,,,,,,,,,,,,,,,,,,,,,,,,,,,,,,,,,,,,,,,,,,,,,,,,,,,,,,,,,,,,,,,,,,,,,,,,,,,,,,,,,,,,,,,,,,,,,,,,,,,,,,,,,,,,,,,,,,,,,,,,,,,,,,,,,,,,,,,,,,,,,,,,,,,,,,,,,,,,,,,,,,,,,,,,,,,,,,,,,,,,,,,,,,,,,,,,,,,,,,,,No
,,,,,,,Tools,Industrial,General,,543141420,1nx6-20' Rainier Grooved - Trex Transcend Lineage Decking,TREX,-- No Unilog Brand --,-- No DIB Brand --,U S Lumber (3073),trex,Trex,,543141420,543141420,Tools > Industrial > General,U S Lumber 543141420 1nx6-20' Rainier Grooved - Trex Transcend Lineage Decking,U S LUMBER 543141420 1NX6-20' RAINIER GROOVED - TREX TRANSCE,U S Lumber 543141420 1nx6-20' Rainier Grooved - Trex Transcend Lineage Decking,U S Lumber 1nx6-20' Rainier Grooved - Trex Transcend Lineage Decking (MPN: 543141420) in the Tools > Industrial > General category.,U S Lumber 1nx6-20' Rainier Grooved - Trex Transcend Lineage Decking (543141420) in Industrial.,U S Lumber 1nx6-20' Rainier Grooved - Trex Transcend Lineage Decking (543141420) in Industrial.,,,,,,,,,,,,,,,,,,,,,,,,,,,,,,,,,,,,,,,,,,,,,,,,,,,,,,,,,,,,,,,,,,,,,,,,,,,,,,,,,,,,,,,,,,,,,,,,,,,,,,,,,,,,,,,,,,,,,,,,,,,,,,,,,,,,,,,,,,,,,,,,,,,,,,,,,,,,,,,,,,,,,,,,,,,,,,,,,,,,,,,,,,,,,,,,,,,,,,,,,,,,,,,,,,,,,,,,,,,,,,,No
,,,,,,,Tools,Industrial,General,,1513703,1nx6-16' Hatteras Sq Edge - Trex Transcend Lineage Decking,TREX,-- No Unilog Brand --,-- No DIB Brand --,Boise Cascade Building Materials (BOICA),trex,Trex,,1513703,1513703,Tools > Industrial > General,Boise Cascade Building Materials 1513703 1nx6-16' Hatteras Sq Edge - Trex Transcend Lineage Decking,BOISE CASCADE BUILDING MATERIALS 1513703 1NX6-16' HATTERAS S,Boise Cascade Building Materials 1513703 1nx6-16' Hatteras Sq Edge - Trex Transcend Lineage Decking,Boise Cascade Building Materials 1nx6-16' Hatteras Sq Edge - Trex Transcend Lineage Decking (MPN: 1513703) in the Tools > Industrial > General category.,Boise Cascade Building Materials 1nx6-16' Hatteras Sq Edge - Trex Transcend Lineage Decking (1513703) in Industrial.,Boise Cascade Building Materials 1nx6-16' Hatteras Sq Edge - Trex Transcend Lineage Decking (1513703) in Industrial.,,,,,,,,,,,,,,,,,,,,,,,,,,,,,,,,,,,,,,,,,,,,,,,,,,,,,,,,,,,,,,,,,,,,,,,,,,,,,,,,,,,,,,,,,,,,,,,,,,,,,,,,,,,,,,,,,,,,,,,,,,,,,,,,,,,,,,,,,,,,,,,,,,,,,,,,,,,,,,,,,,,,,,,,,,,,,,,,,,,,,,,,,,,,,,,,,,,,,,,,,,,,,,,,,,,,,,,,,,,,,,,No
,,,,,,,Tools,Industrial,General,,1513704,1nx6-20' Hatteras Sq Edge - Trex Transcend Lineage Decking,TREX,-- No Unilog Brand --,-- No DIB Brand --,Boise Cascade Building Materials (BOICA),trex,Trex,,1513704,1513704,Tools > Industrial > General,Boise Cascade Building Materials 1513704 1nx6-20' Hatteras Sq Edge - Trex Transcend Lineage Decking,BOISE CASCADE BUILDING MATERIALS 1513704 1NX6-20' HATTERAS S,Boise Cascade Building Materials 1513704 1nx6-20' Hatteras Sq Edge - Trex Transcend Lineage Decking,Boise Cascade Building Materials 1nx6-20' Hatteras Sq Edge - Trex Transcend Lineage Decking (MPN: 1513704) in the Tools > Industrial > General category.,Boise Cascade Building Materials 1nx6-20' Hatteras Sq Edge - Trex Transcend Lineage Decking (1513704) in Industrial.,Boise Cascade Building Materials 1nx6-20' Hatteras Sq Edge - Trex Transcend Lineage Decking (1513704) in Industrial.,,,,,,,,,,,,,,,,,,,,,,,,,,,,,,,,,,,,,,,,,,,,,,,,,,,,,,,,,,,,,,,,,,,,,,,,,,,,,,,,,,,,,,,,,,,,,,,,,,,,,,,,,,,,,,,,,,,,,,,,,,,,,,,,,,,,,,,,,,,,,,,,,,,,,,,,,,,,,,,,,,,,,,,,,,,,,,,,,,,,,,,,,,,,,,,,,,,,,,,,,,,,,,,,,,,,,,,,,,,,,,,No
,,,,,,,Tools,Industrial,General,,1513705,1nx6-12' Hatteras Grooved - Trex Transcend Lineage Decking,TREX,-- No Unilog Brand --,-- No DIB Brand --,Boise Cascade Building Materials (BOICA),trex,Trex,,1513705,1513705,Tools > Industrial > General,Boise Cascade Building Materials 1513705 1nx6-12' Hatteras Grooved - Trex Transcend Lineage Decking,BOISE CASCADE BUILDING MATERIALS 1513705 1NX6-12' HATTERAS G,Boise Cascade Building Materials 1513705 1nx6-12' Hatteras Grooved - Trex Transcend Lineage Decking,Boise Cascade Building Materials 1nx6-12' Hatteras Grooved - Trex Transcend Lineage Decking (MPN: 1513705) in the Tools > Industrial > General category.,Boise Cascade Building Materials 1nx6-12' Hatteras Grooved - Trex Transcend Lineage Decking (1513705) in Industrial.,Boise Cascade Building Materials 1nx6-12' Hatteras Grooved - Trex Transcend Lineage Decking (1513705) in Industrial.,,,,,,,,,,,,,,,,,,,,,,,,,,,,,,,,,,,,,,,,,,,,,,,,,,,,,,,,,,,,,,,,,,,,,,,,,,,,,,,,,,,,,,,,,,,,,,,,,,,,,,,,,,,,,,,,,,,,,,,,,,,,,,,,,,,,,,,,,,,,,,,,,,,,,,,,,,,,,,,,,,,,,,,,,,,,,,,,,,,,,,,,,,,,,,,,,,,,,,,,,,,,,,,,,,,,,,,,,,,,,,,No
,,,,,,,Tools,Industrial,General,,1513706,1nx6-16' Hatteras Grooved - Trex Transcend Lineage Decking,TREX,-- No Unilog Brand --,-- No DIB Brand --,Boise Cascade Building Materials (BOICA),trex,Trex,,1513706,1513706,Tools > Industrial > General,Boise Cascade Building Materials 1513706 1nx6-16' Hatteras Grooved - Trex Transcend Lineage Decking,BOISE CASCADE BUILDING MATERIALS 1513706 1NX6-16' HATTERAS G,Boise Cascade Building Materials 1513706 1nx6-16' Hatteras Grooved - Trex Transcend Lineage Decking,Boise Cascade Building Materials 1nx6-16' Hatteras Grooved - Trex Transcend Lineage Decking (MPN: 1513706) in the Tools > Industrial > General category.,Boise Cascade Building Materials 1nx6-16' Hatteras Grooved - Trex Transcend Lineage Decking (1513706) in Industrial.,Boise Cascade Building Materials 1nx6-16' Hatteras Grooved - Trex Transcend Lineage Decking (1513706) in Industrial.,,,,,,,,,,,,,,,,,,,,,,,,,,,,,,,,,,,,,,,,,,,,,,,,,,,,,,,,,,,,,,,,,,,,,,,,,,,,,,,,,,,,,,,,,,,,,,,,,,,,,,,,,,,,,,,,,,,,,,,,,,,,,,,,,,,,,,,,,,,,,,,,,,,,,,,,,,,,,,,,,,,,,,,,,,,,,,,,,,,,,,,,,,,,,,,,,,,,,,,,,,,,,,,,,,,,,,,,,,,,,,,No
,,,,,,,Tools,Industrial,General,,1513707,1nx6-20' Hatteras Grooved - Trex Transcend Lineage Decking,TREX,-- No Unilog Brand --,-- No DIB Brand --,Boise Cascade Building Materials (BOICA),trex,Trex,,1513707,1513707,Tools > Industrial > General,Boise Cascade Building Materials 1513707 1nx6-20' Hatteras Grooved - Trex Transcend Lineage Decking,BOISE CASCADE BUILDING MATERIALS 1513707 1NX6-20' HATTERAS G,Boise Cascade Building Materials 1513707 1nx6-20' Hatteras Grooved - Trex Transcend Lineage Decking,Boise Cascade Building Materials 1nx6-20' Hatteras Grooved - Trex Transcend Lineage Decking (MPN: 1513707) in the Tools > Industrial > General category.,Boise Cascade Building Materials 1nx6-20' Hatteras Grooved - Trex Transcend Lineage Decking (1513707) in Industrial.,Boise Cascade Building Materials 1nx6-20' Hatteras Grooved - Trex Transcend Lineage Decking (1513707) in Industrial.,,,,,,,,,,,,,,,,,,,,,,,,,,,,,,,,,,,,,,,,,,,,,,,,,,,,,,,,,,,,,,,,,,,,,,,,,,,,,,,,,,,,,,,,,,,,,,,,,,,,,,,,,,,,,,,,,,,,,,,,,,,,,,,,,,,,,,,,,,,,,,,,,,,,,,,,,,,,,,,,,,,,,,,,,,,,,,,,,,,,,,,,,,,,,,,,,,,,,,,,,,,,,,,,,,,,,,,,,,,,,,,No
,,,,,,,Tools,Industrial,General,,1513708,1nx6-16' Salt Flat Sq Edge - Trex Transcend Lineage Decking,TREX,-- No Unilog Brand --,-- No DIB Brand --,Boise Cascade Building Materials (BOICA),trex,Trex,,1513708,1513708,Tools > Industrial > General,Boise Cascade Building Materials 1513708 1nx6-16' Salt Flat Sq Edge - Trex Transcend Lineage Decking,BOISE CASCADE BUILDING MATERIALS 1513708 1NX6-16' SALT FLAT,Boise Cascade Building Materials 1513708 1nx6-16' Salt Flat Sq Edge - Trex Transcend Lineage Decking,Boise Cascade Building Materials 1nx6-16' Salt Flat Sq Edge - Trex Transcend Lineage Decking (MPN: 1513708) in the Tools > Industrial > General category.,Boise Cascade Building Materials 1nx6-16' Salt Flat Sq Edge - Trex Transcend Lineage Decking (1513708) in Industrial.,Boise Cascade Building Materials 1nx6-16' Salt Flat Sq Edge - Trex Transcend Lineage Decking (1513708) in Industrial.,,,,,,,,,,,,,,,,,,,,,,,,,,,,,,,,,,,,,,,,,,,,,,,,,,,,,,,,,,,,,,,,,,,,,,,,,,,,,,,,,,,,,,,,,,,,,,,,,,,,,,,,,,,,,,,,,,,,,,,,,,,,,,,,,,,,,,,,,,,,,,,,,,,,,,,,,,,,,,,,,,,,,,,,,,,,,,,,,,,,,,,,,,,,,,,,,,,,,,,,,,,,,,,,,,,,,,,,,,,,,,,No
,,,,,,,Tools,Industrial,General,,1513709,1nx6-20' Salt Flat Sq Edge - Trex Transcend Lineage Decking,TREX,-- No Unilog Brand --,-- No DIB Brand --,Boise Cascade Building Materials (BOICA),trex,Trex,,1513709,1513709,Tools > Industrial > General,Boise Cascade Building Materials 1513709 1nx6-20' Salt Flat Sq Edge - Trex Transcend Lineage Decking,BOISE CASCADE BUILDING MATERIALS 1513709 1NX6-20' SALT FLAT,Boise Cascade Building Materials 1513709 1nx6-20' Salt Flat Sq Edge - Trex Transcend Lineage Decking,Boise Cascade Building Materials 1nx6-20' Salt Flat Sq Edge - Trex Transcend Lineage Decking (MPN: 1513709) in the Tools > Industrial > General category.,Boise Cascade Building Materials 1nx6-20' Salt Flat Sq Edge - Trex Transcend Lineage Decking (1513709) in Industrial.,Boise Cascade Building Materials 1nx6-20' Salt Flat Sq Edge - Trex Transcend Lineage Decking (1513709) in Industrial.,,,,,,,,,,,,,,,,,,,,,,,,,,,,,,,,,,,,,,,,,,,,,,,,,,,,,,,,,,,,,,,,,,,,,,,,,,,,,,,,,,,,,,,,,,,,,,,,,,,,,,,,,,,,,,,,,,,,,,,,,,,,,,,,,,,,,,,,,,,,,,,,,,,,,,,,,,,,,,,,,,,,,,,,,,,,,,,,,,,,,,,,,,,,,,,,,,,,,,,,,,,,,,,,,,,,,,,,,,,,,,,No
,,,,,,,Tools,Industrial,General,,1513710,1nx6-12' Salt Flat Grooved - Trex Transcend Lineage Decking,TREX,-- No Unilog Brand --,-- No DIB Brand --,Boise Cascade Building Materials (BOICA),trex,Trex,,1513710,1513710,Tools > Industrial > General,Boise Cascade Building Materials 1513710 1nx6-12' Salt Flat Grooved - Trex Transcend Lineage Decking,BOISE CASCADE BUILDING MATERIALS 1513710 1NX6-12' SALT FLAT,Boise Cascade Building Materials 1513710 1nx6-12' Salt Flat Grooved - Trex Transcend Lineage Decking,Boise Cascade Building Materials 1nx6-12' Salt Flat Grooved - Trex Transcend Lineage Decking (MPN: 1513710) in the Tools > Industrial > General category.,Boise Cascade Building Materials 1nx6-12' Salt Flat Grooved - Trex Transcend Lineage Decking (1513710) in Industrial.,Boise Cascade Building Materials 1nx6-12' Salt Flat Grooved - Trex Transcend Lineage Decking (1513710) in Industrial.,,,,,,,,,,,,,,,,,,,,,,,,,,,,,,,,,,,,,,,,,,,,,,,,,,,,,,,,,,,,,,,,,,,,,,,,,,,,,,,,,,,,,,,,,,,,,,,,,,,,,,,,,,,,,,,,,,,,,,,,,,,,,,,,,,,,,,,,,,,,,,,,,,,,,,,,,,,,,,,,,,,,,,,,,,,,,,,,,,,,,,,,,,,,,,,,,,,,,,,,,,,,,,,,,,,,,,,,,,,,,,,No
,,,,,,,Tools,Industrial,General,,1513711,1nx6-16' Salt Flat Grooved - Trex Transcend Lineage Decking,TREX,-- No Unilog Brand --,-- No DIB Brand --,Boise Cascade Building Materials (BOICA),trex,Trex,,1513711,1513711,Tools > Industrial > General,Boise Cascade Building Materials 1513711 1nx6-16' Salt Flat Grooved - Trex Transcend Lineage Decking,BOISE CASCADE BUILDING MATERIALS 1513711 1NX6-16' SALT FLAT,Boise Cascade Building Materials 1513711 1nx6-16' Salt Flat Grooved - Trex Transcend Lineage Decking,Boise Cascade Building Materials 1nx6-16' Salt Flat Grooved - Trex Transcend Lineage Decking (MPN: 1513711) in the Tools > Industrial > General category.,Boise Cascade Building Materials 1nx6-16' Salt Flat Grooved - Trex Transcend Lineage Decking (1513711) in Industrial.,Boise Cascade Building Materials 1nx6-16' Salt Flat Grooved - Trex Transcend Lineage Decking (1513711) in Industrial.,,,,,,,,,,,,,,,,,,,,,,,,,,,,,,,,,,,,,,,,,,,,,,,,,,,,,,,,,,,,,,,,,,,,,,,,,,,,,,,,,,,,,,,,,,,,,,,,,,,,,,,,,,,,,,,,,,,,,,,,,,,,,,,,,,,,,,,,,,,,,,,,,,,,,,,,,,,,,,,,,,,,,,,,,,,,,,,,,,,,,,,,,,,,,,,,,,,,,,,,,,,,,,,,,,,,,,,,,,,,,,,No
,,,,,,,Tools,Industrial,General,,1513712,1nx6-20' Salt Flat Grooved - Trex Transcend Lineage Decking,TREX,-- No Unilog Brand --,-- No DIB Brand --,Boise Cascade Building Materials (BOICA),trex,Trex,,1513712,1513712,Tools > Industrial > General,Boise Cascade Building Materials 1513712 1nx6-20' Salt Flat Grooved - Trex Transcend Lineage Decking,BOISE CASCADE BUILDING MATERIALS 1513712 1NX6-20' SALT FLAT,Boise Cascade Building Materials 1513712 1nx6-20' Salt Flat Grooved - Trex Transcend Lineage Decking,Boise Cascade Building Materials 1nx6-20' Salt Flat Grooved - Trex Transcend Lineage Decking (MPN: 1513712) in the Tools > Industrial > General category.,Boise Cascade Building Materials 1nx6-20' Salt Flat Grooved - Trex Transcend Lineage Decking (1513712) in Industrial.,Boise Cascade Building Materials 1nx6-20' Salt Flat Grooved - Trex Transcend Lineage Decking (1513712) in Industrial.,,,,,,,,,,,,,,,,,,,,,,,,,,,,,,,,,,,,,,,,,,,,,,,,,,,,,,,,,,,,,,,,,,,,,,,,,,,,,,,,,,,,,,,,,,,,,,,,,,,,,,,,,,,,,,,,,,,,,,,,,,,,,,,,,,,,,,,,,,,,,,,,,,,,,,,,,,,,,,,,,,,,,,,,,,,,,,,,,,,,,,,,,,,,,,,,,,,,,,,,,,,,,,,,,,,,,,,,,,,,,,,No
,,,,,,,Tools,Industrial,General,,1513717,1nx6-16' Honey Grove Sq Edge - Trex Enhance Naturals Decking,TREX,-- No Unilog Brand --,-- No DIB Brand --,Boise Cascade Building Materials (BOICA),trex,Trex,,1513717,1513717,Tools > Industrial > General,Boise Cascade Building Materials 1513717 1nx6-16' Honey Grove Sq Edge - Trex Enhance Naturals Deckin,BOISE CASCADE BUILDING MATERIALS 1513717 1NX6-16' HONEY GROV,Boise Cascade Building Materials 1513717 1nx6-16' Honey Grove Sq Edge - Trex Enhance Naturals Decking,Boise Cascade Building Materials 1nx6-16' Honey Grove Sq Edge - Trex Enhance Naturals Decking (MPN: 1513717) in the Tools > Industrial > General category.,Boise Cascade Building Materials 1nx6-16' Honey Grove Sq Edge - Trex Enhance Naturals Decking (1513717) in Industrial.,Boise Cascade Building Materials 1nx6-16' Honey Grove Sq Edge - Trex Enhance Naturals Decking (1513717) in Industrial.,,,,,,,,,,,,,,,,,,,,,,,,,,,,,,,,,,,,,,,,,,,,,,,,,,,,,,,,,,,,,,,,,,,,,,,,,,,,,,,,,,,,,,,,,,,,,,,,,,,,,,,,,,,,,,,,,,,,,,,,,,,,,,,,,,,,,,,,,,,,,,,,,,,,,,,,,,,,,,,,,,,,,,,,,,,,,,,,,,,,,,,,,,,,,,,,,,,,,,,,,,,,,,,,,,,,,,,,,,,,,,,No
,,,,,,,Tools,Industrial,General,,1513718,1nx6-20' Honey Grove Sq Edge - Trex Enhance Naturals Decking,TREX,-- No Unilog Brand --,-- No DIB Brand --,Boise Cascade Building Materials (BOICA),trex,Trex,,1513718,1513718,Tools > Industrial > General,Boise Cascade Building Materials 1513718 1nx6-20' Honey Grove Sq Edge - Trex Enhance Naturals Deckin,BOISE CASCADE BUILDING MATERIALS 1513718 1NX6-20' HONEY GROV,Boise Cascade Building Materials 1513718 1nx6-20' Honey Grove Sq Edge - Trex Enhance Naturals Decking,Boise Cascade Building Materials 1nx6-20' Honey Grove Sq Edge - Trex Enhance Naturals Decking (MPN: 1513718) in the Tools > Industrial > General category.,Boise Cascade Building Materials 1nx6-20' Honey Grove Sq Edge - Trex Enhance Naturals Decking (1513718) in Industrial.,Boise Cascade Building Materials 1nx6-20' Honey Grove Sq Edge - Trex Enhance Naturals Decking (1513718) in Industrial.,,,,,,,,,,,,,,,,,,,,,,,,,,,,,,,,,,,,,,,,,,,,,,,,,,,,,,,,,,,,,,,,,,,,,,,,,,,,,,,,,,,,,,,,,,,,,,,,,,,,,,,,,,,,,,,,,,,,,,,,,,,,,,,,,,,,,,,,,,,,,,,,,,,,,,,,,,,,,,,,,,,,,,,,,,,,,,,,,,,,,,,,,,,,,,,,,,,,,,,,,,,,,,,,,,,,,,,,,,,,,,,No
,,,,,,,Tools,Industrial,General,,1513719,1nx6-12' Honey Grove Grooved - Trex Enhance Naturals Decking,TREX,-- No Unilog Brand --,-- No DIB Brand --,Boise Cascade Building Materials (BOICA),trex,Trex,,1513719,1513719,Tools > Industrial > General,Boise Cascade Building Materials 1513719 1nx6-12' Honey Grove Grooved - Trex Enhance Naturals Deckin,BOISE CASCADE BUILDING MATERIALS 1513719 1NX6-12' HONEY GROV,Boise Cascade Building Materials 1513719 1nx6-12' Honey Grove Grooved - Trex Enhance Naturals Decking,Boise Cascade Building Materials 1nx6-12' Honey Grove Grooved - Trex Enhance Naturals Decking (MPN: 1513719) in the Tools > Industrial > General category.,Boise Cascade Building Materials 1nx6-12' Honey Grove Grooved - Trex Enhance Naturals Decking (1513719) in Industrial.,Boise Cascade Building Materials 1nx6-12' Honey Grove Grooved - Trex Enhance Naturals Decking (1513719) in Industrial.,,,,,,,,,,,,,,,,,,,,,,,,,,,,,,,,,,,,,,,,,,,,,,,,,,,,,,,,,,,,,,,,,,,,,,,,,,,,,,,,,,,,,,,,,,,,,,,,,,,,,,,,,,,,,,,,,,,,,,,,,,,,,,,,,,,,,,,,,,,,,,,,,,,,,,,,,,,,,,,,,,,,,,,,,,,,,,,,,,,,,,,,,,,,,,,,,,,,,,,,,,,,,,,,,,,,,,,,,,,,,,,No
,,,,,,,Tools,Industrial,General,,1513720,1nx6-16' Honey Grove Grooved - Trex Enhance Naturals Decking,TREX,-- No Unilog Brand --,-- No DIB Brand --,Boise Cascade Building Materials (BOICA),trex,Trex,,1513720,1513720,Tools > Industrial > General,Boise Cascade Building Materials 1513720 1nx6-16' Honey Grove Grooved - Trex Enhance Naturals Deckin,BOISE CASCADE BUILDING MATERIALS 1513720 1NX6-16' HONEY GROV,Boise Cascade Building Materials 1513720 1nx6-16' Honey Grove Grooved - Trex Enhance Naturals Decking,Boise Cascade Building Materials 1nx6-16' Honey Grove Grooved - Trex Enhance Naturals Decking (MPN: 1513720) in the Tools > Industrial > General category.,Boise Cascade Building Materials 1nx6-16' Honey Grove Grooved - Trex Enhance Naturals Decking (1513720) in Industrial.,Boise Cascade Building Materials 1nx6-16' Honey Grove Grooved - Trex Enhance Naturals Decking (1513720) in Industrial.,,,,,,,,,,,,,,,,,,,,,,,,,,,,,,,,,,,,,,,,,,,,,,,,,,,,,,,,,,,,,,,,,,,,,,,,,,,,,,,,,,,,,,,,,,,,,,,,,,,,,,,,,,,,,,,,,,,,,,,,,,,,,,,,,,,,,,,,,,,,,,,,,,,,,,,,,,,,,,,,,,,,,,,,,,,,,,,,,,,,,,,,,,,,,,,,,,,,,,,,,,,,,,,,,,,,,,,,,,,,,,,No
,,,,,,,Tools,Industrial,General,,1513721,1nx6-20' Honey Grove Grooved - Trex Enhance Naturals Decking,TREX,-- No Unilog Brand --,-- No DIB Brand --,Boise Cascade Building Materials (BOICA),trex,Trex,,1513721,1513721,Tools > Industrial > General,Boise Cascade Building Materials 1513721 1nx6-20' Honey Grove Grooved - Trex Enhance Naturals Deckin,BOISE CASCADE BUILDING MATERIALS 1513721 1NX6-20' HONEY GROV,Boise Cascade Building Materials 1513721 1nx6-20' Honey Grove Grooved - Trex Enhance Naturals Decking,Boise Cascade Building Materials 1nx6-20' Honey Grove Grooved - Trex Enhance Naturals Decking (MPN: 1513721) in the Tools > Industrial > General category.,Boise Cascade Building Materials 1nx6-20' Honey Grove Grooved - Trex Enhance Naturals Decking (1513721) in Industrial.,Boise Cascade Building Materials 1nx6-20' Honey Grove Grooved - Trex Enhance Naturals Decking (1513721) in Industrial.,,,,,,,,,,,,,,,,,,,,,,,,,,,,,,,,,,,,,,,,,,,,,,,,,,,,,,,,,,,,,,,,,,,,,,,,,,,,,,,,,,,,,,,,,,,,,,,,,,,,,,,,,,,,,,,,,,,,,,,,,,,,,,,,,,,,,,,,,,,,,,,,,,,,,,,,,,,,,,,,,,,,,,,,,,,,,,,,,,,,,,,,,,,,,,,,,,,,,,,,,,,,,,,,,,,,,,,,,,,,,,,No
,,,,,,,Tools,Industrial,General,,1513724,1nx6-16' Tide Pool Sq Edge - Trex Enhance Basics Decking,TREX,-- No Unilog Brand --,-- No DIB Brand --,Boise Cascade Building Materials (BOICA),trex,Trex,,1513724,1513724,Tools > Industrial > General,Boise Cascade Building Materials 1513724 1nx6-16' Tide Pool Sq Edge - Trex Enhance Basics Decking,BOISE CASCADE BUILDING MATERIALS 1513724 1NX6-16' TIDE POOL,Boise Cascade Building Materials 1513724 1nx6-16' Tide Pool Sq Edge - Trex Enhance Basics Decking,Boise Cascade Building Materials 1nx6-16' Tide Pool Sq Edge - Trex Enhance Basics Decking (MPN: 1513724) in the Tools > Industrial > General category.,Boise Cascade Building Materials 1nx6-16' Tide Pool Sq Edge - Trex Enhance Basics Decking (1513724) in Industrial.,Boise Cascade Building Materials 1nx6-16' Tide Pool Sq Edge - Trex Enhance Basics Decking (1513724) in Industrial.,,,,,,,,,,,,,,,,,,,,,,,,,,,,,,,,,,,,,,,,,,,,,,,,,,,,,,,,,,,,,,,,,,,,,,,,,,,,,,,,,,,,,,,,,,,,,,,,,,,,,,,,,,,,,,,,,,,,,,,,,,,,,,,,,,,,,,,,,,,,,,,,,,,,,,,,,,,,,,,,,,,,,,,,,,,,,,,,,,,,,,,,,,,,,,,,,,,,,,,,,,,,,,,,,,,,,,,,,,,,,,,No
,,,,,,,Tools,Industrial,General,,1513725,1nx6-20' Tide Pool Sq Edge - Trex Enhance Basics Decking,TREX,-- No Unilog Brand --,-- No DIB Brand --,Boise Cascade Building Materials (BOICA),trex,Trex,,1513725,1513725,Tools > Industrial > General,Boise Cascade Building Materials 1513725 1nx6-20' Tide Pool Sq Edge - Trex Enhance Basics Decking,BOISE CASCADE BUILDING MATERIALS 1513725 1NX6-20' TIDE POOL,Boise Cascade Building Materials 1513725 1nx6-20' Tide Pool Sq Edge - Trex Enhance Basics Decking,Boise Cascade Building Materials 1nx6-20' Tide Pool Sq Edge - Trex Enhance Basics Decking (MPN: 1513725) in the Tools > Industrial > General category.,Boise Cascade Building Materials 1nx6-20' Tide Pool Sq Edge - Trex Enhance Basics Decking (1513725) in Industrial.,Boise Cascade Building Materials 1nx6-20' Tide Pool Sq Edge - Trex Enhance Basics Decking (1513725) in Industrial.,,,,,,,,,,,,,,,,,,,,,,,,,,,,,,,,,,,,,,,,,,,,,,,,,,,,,,,,,,,,,,,,,,,,,,,,,,,,,,,,,,,,,,,,,,,,,,,,,,,,,,,,,,,,,,,,,,,,,,,,,,,,,,,,,,,,,,,,,,,,,,,,,,,,,,,,,,,,,,,,,,,,,,,,,,,,,,,,,,,,,,,,,,,,,,,,,,,,,,,,,,,,,,,,,,,,,,,,,,,,,,,No
,,,,,,,Tools,Industrial,General,,1513726,1nx6-12' Tide Pool Grooved - Trex Enhance Basics Decking,TREX,-- No Unilog Brand --,-- No DIB Brand --,Boise Cascade Building Materials (BOICA),trex,Trex,,1513726,1513726,Tools > Industrial > General,Boise Cascade Building Materials 1513726 1nx6-12' Tide Pool Grooved - Trex Enhance Basics Decking,BOISE CASCADE BUILDING MATERIALS 1513726 1NX6-12' TIDE POOL,Boise Cascade Building Materials 1513726 1nx6-12' Tide Pool Grooved - Trex Enhance Basics Decking,Boise Cascade Building Materials 1nx6-12' Tide Pool Grooved - Trex Enhance Basics Decking (MPN: 1513726) in the Tools > Industrial > General category.,Boise Cascade Building Materials 1nx6-12' Tide Pool Grooved - Trex Enhance Basics Decking (1513726) in Industrial.,Boise Cascade Building Materials 1nx6-12' Tide Pool Grooved - Trex Enhance Basics Decking (1513726) in Industrial.,,,,,,,,,,,,,,,,,,,,,,,,,,,,,,,,,,,,,,,,,,,,,,,,,,,,,,,,,,,,,,,,,,,,,,,,,,,,,,,,,,,,,,,,,,,,,,,,,,,,,,,,,,,,,,,,,,,,,,,,,,,,,,,,,,,,,,,,,,,,,,,,,,,,,,,,,,,,,,,,,,,,,,,,,,,,,,,,,,,,,,,,,,,,,,,,,,,,,,,,,,,,,,,,,,,,,,,,,,,,,,,No
,,,,,,,Tools,Industrial,General,,1513727,1nx6-16' Tide Pool Grooved - Trex Enhance Basics Decking,TREX,-- No Unilog Brand --,-- No DIB Brand --,Boise Cascade Building Materials (BOICA),trex,Trex,,1513727,1513727,Tools > Industrial > General,Boise Cascade Building Materials 1513727 1nx6-16' Tide Pool Grooved - Trex Enhance Basics Decking,BOISE CASCADE BUILDING MATERIALS 1513727 1NX6-16' TIDE POOL,Boise Cascade Building Materials 1513727 1nx6-16' Tide Pool Grooved - Trex Enhance Basics Decking,Boise Cascade Building Materials 1nx6-16' Tide Pool Grooved - Trex Enhance Basics Decking (MPN: 1513727) in the Tools > Industrial > General category.,Boise Cascade Building Materials 1nx6-16' Tide Pool Grooved - Trex Enhance Basics Decking (1513727) in Industrial.,Boise Cascade Building Materials 1nx6-16' Tide Pool Grooved - Trex Enhance Basics Decking (1513727) in Industrial.,,,,,,,,,,,,,,,,,,,,,,,,,,,,,,,,,,,,,,,,,,,,,,,,,,,,,,,,,,,,,,,,,,,,,,,,,,,,,,,,,,,,,,,,,,,,,,,,,,,,,,,,,,,,,,,,,,,,,,,,,,,,,,,,,,,,,,,,,,,,,,,,,,,,,,,,,,,,,,,,,,,,,,,,,,,,,,,,,,,,,,,,,,,,,,,,,,,,,,,,,,,,,,,,,,,,,,,,,,,,,,,No
,,,,,,,Tools,Industrial,General,,1513728,1nx6-20' Tide Pool Grooved - Trex Enhance Basics Decking,TREX,-- No Unilog Brand --,-- No DIB Brand --,Boise Cascade Building Materials (BOICA),trex,Trex,,1513728,1513728,Tools > Industrial > General,Boise Cascade Building Materials 1513728 1nx6-20' Tide Pool Grooved - Trex Enhance Basics Decking,BOISE CASCADE BUILDING MATERIALS 1513728 1NX6-20' TIDE POOL,Boise Cascade Building Materials 1513728 1nx6-20' Tide Pool Grooved - Trex Enhance Basics Decking,Boise Cascade Building Materials 1nx6-20' Tide Pool Grooved - Trex Enhance Basics Decking (MPN: 1513728) in the Tools > Industrial > General category.,Boise Cascade Building Materials 1nx6-20' Tide Pool Grooved - Trex Enhance Basics Decking (1513728) in Industrial.,Boise Cascade Building Materials 1nx6-20' Tide Pool Grooved - Trex Enhance Basics Decking (1513728) in Industrial.,,,,,,,,,,,,,,,,,,,,,,,,,,,,,,,,,,,,,,,,,,,,,,,,,,,,,,,,,,,,,,,,,,,,,,,,,,,,,,,,,,,,,,,,,,,,,,,,,,,,,,,,,,,,,,,,,,,,,,,,,,,,,,,,,,,,,,,,,,,,,,,,,,,,,,,,,,,,,,,,,,,,,,,,,,,,,,,,,,,,,,,,,,,,,,,,,,,,,,,,,,,,,,,,,,,,,,,,,,,,,,,No
,,,,,,,Tools,Industrial,General,,543076016,1nx6-16' Cinnamon Cove Sq Edge - Trex Enhance Naturals Decking,TREX,-- No Unilog Brand --,-- No DIB Brand --,Boise Cascade Building Materials (BOICA),trex,Trex,,543076016,543076016,Tools > Industrial > General,Boise Cascade Building Materials 543076016 1nx6-16' Cinnamon Cove Sq Edge - Trex Enhance Naturals De,BOISE CASCADE BUILDING MATERIALS 543076016 1NX6-16' CINNAMON,Boise Cascade Building Materials 543076016 1nx6-16' Cinnamon Cove Sq Edge - Trex Enhance Naturals Decking,Boise Cascade Building Materials 1nx6-16' Cinnamon Cove Sq Edge - Trex Enhance Naturals Decking (MPN: 543076016) in the Tools > Industrial > General category.,Boise Cascade Building Materials 1nx6-16' Cinnamon Cove Sq Edge - Trex Enhance Naturals Decking (543076016) in Industrial.,Boise Cascade Building Materials 1nx6-16' Cinnamon Cove Sq Edge - Trex Enhance Naturals Decking (543076016) in Industrial.,,,,,,,,,,,,,,,,,,,,,,,,,,,,,,,,,,,,,,,,,,,,,,,,,,,,,,,,,,,,,,,,,,,,,,,,,,,,,,,,,,,,,,,,,,,,,,,,,,,,,,,,,,,,,,,,,,,,,,,,,,,,,,,,,,,,,,,,,,,,,,,,,,,,,,,,,,,,,,,,,,,,,,,,,,,,,,,,,,,,,,,,,,,,,,,,,,,,,,,,,,,,,,,,,,,,,,,,,,,,,,,No
,,,,,,,Tools,Industrial,General,,543076020,1nx6-20' Cinnamon Cove Sq Edge - Trex Enhance Naturals Decking,TREX,-- No Unilog Brand --,-- No DIB Brand --,Boise Cascade Building Materials (BOICA),trex,Trex,,543076020,543076020,Tools > Industrial > General,Boise Cascade Building Materials 543076020 1nx6-20' Cinnamon Cove Sq Edge - Trex Enhance Naturals De,BOISE CASCADE BUILDING MATERIALS 543076020 1NX6-20' CINNAMON,Boise Cascade Building Materials 543076020 1nx6-20' Cinnamon Cove Sq Edge - Trex Enhance Naturals Decking,Boise Cascade Building Materials 1nx6-20' Cinnamon Cove Sq Edge - Trex Enhance Naturals Decking (MPN: 543076020) in the Tools > Industrial > General category.,Boise Cascade Building Materials 1nx6-20' Cinnamon Cove Sq Edge - Trex Enhance Naturals Decking (543076020) in Industrial.,Boise Cascade Building Materials 1nx6-20' Cinnamon Cove Sq Edge - Trex Enhance Naturals Decking (543076020) in Industrial.,,,,,,,,,,,,,,,,,,,,,,,,,,,,,,,,,,,,,,,,,,,,,,,,,,,,,,,,,,,,,,,,,,,,,,,,,,,,,,,,,,,,,,,,,,,,,,,,,,,,,,,,,,,,,,,,,,,,,,,,,,,,,,,,,,,,,,,,,,,,,,,,,,,,,,,,,,,,,,,,,,,,,,,,,,,,,,,,,,,,,,,,,,,,,,,,,,,,,,,,,,,,,,,,,,,,,,,,,,,,,,,No
,,,,,,,Tools,Industrial,General,,543076412,1nx6-12' Cinnamon Cove Grooved - Trex Enhance Naturals Decking,TREX,-- No Unilog Brand --,-- No DIB Brand --,Boise Cascade Building Materials (BOICA),trex,Trex,,543076412,543076412,Tools > Industrial > General,Boise Cascade Building Materials 543076412 1nx6-12' Cinnamon Cove Grooved - Trex Enhance Naturals De,BOISE CASCADE BUILDING MATERIALS 543076412 1NX6-12' CINNAMON,Boise Cascade Building Materials 543076412 1nx6-12' Cinnamon Cove Grooved - Trex Enhance Naturals Decking,Boise Cascade Building Materials 1nx6-12' Cinnamon Cove Grooved - Trex Enhance Naturals Decking (MPN: 543076412) in the Tools > Industrial > General category.,Boise Cascade Building Materials 1nx6-12' Cinnamon Cove Grooved - Trex Enhance Naturals Decking (543076412) in Industrial.,Boise Cascade Building Materials 1nx6-12' Cinnamon Cove Grooved - Trex Enhance Naturals Decking (543076412) in Industrial.,,,,,,,,,,,,,,,,,,,,,,,,,,,,,,,,,,,,,,,,,,,,,,,,,,,,,,,,,,,,,,,,,,,,,,,,,,,,,,,,,,,,,,,,,,,,,,,,,,,,,,,,,,,,,,,,,,,,,,,,,,,,,,,,,,,,,,,,,,,,,,,,,,,,,,,,,,,,,,,,,,,,,,,,,,,,,,,,,,,,,,,,,,,,,,,,,,,,,,,,,,,,,,,,,,,,,,,,,,,,,,,No
,,,,,,,Tools,Industrial,General,,543076416,1nx6-16' Cinnamon Cove Grooved - Trex Enhance Naturals Decking,TREX,-- No Unilog Brand --,-- No DIB Brand --,Boise Cascade Building Materials (BOICA),trex,Trex,,543076416,543076416,Tools > Industrial > General,Boise Cascade Building Materials 543076416 1nx6-16' Cinnamon Cove Grooved - Trex Enhance Naturals De,BOISE CASCADE BUILDING MATERIALS 543076416 1NX6-16' CINNAMON,Boise Cascade Building Materials 543076416 1nx6-16' Cinnamon Cove Grooved - Trex Enhance Naturals Decking,Boise Cascade Building Materials 1nx6-16' Cinnamon Cove Grooved - Trex Enhance Naturals Decking (MPN: 543076416) in the Tools > Industrial > General category.,Boise Cascade Building Materials 1nx6-16' Cinnamon Cove Grooved - Trex Enhance Naturals Decking (543076416) in Industrial.,Boise Cascade Building Materials 1nx6-16' Cinnamon Cove Grooved - Trex Enhance Naturals Decking (543076416) in Industrial.,,,,,,,,,,,,,,,,,,,,,,,,,,,,,,,,,,,,,,,,,,,,,,,,,,,,,,,,,,,,,,,,,,,,,,,,,,,,,,,,,,,,,,,,,,,,,,,,,,,,,,,,,,,,,,,,,,,,,,,,,,,,,,,,,,,,,,,,,,,,,,,,,,,,,,,,,,,,,,,,,,,,,,,,,,,,,,,,,,,,,,,,,,,,,,,,,,,,,,,,,,,,,,,,,,,,,,,,,,,,,,,No
,,,,,,,Tools,Industrial,General,,543076420,1nx6-20' Cinnamon Cove Grooved - Trex Enhance Naturals Decking,TREX,-- No Unilog Brand --,-- No DIB Brand --,Boise Cascade Building Materials (BOICA),trex,Trex,,543076420,543076420,Tools > Industrial > General,Boise Cascade Building Materials 543076420 1nx6-20' Cinnamon Cove Grooved - Trex Enhance Naturals De,BOISE CASCADE BUILDING MATERIALS 543076420 1NX6-20' CINNAMON,Boise Cascade Building Materials 543076420 1nx6-20' Cinnamon Cove Grooved - Trex Enhance Naturals Decking,Boise Cascade Building Materials 1nx6-20' Cinnamon Cove Grooved - Trex Enhance Naturals Decking (MPN: 543076420) in the Tools > Industrial > General category.,Boise Cascade Building Materials 1nx6-20' Cinnamon Cove Grooved - Trex Enhance Naturals Decking (543076420) in Industrial.,Boise Cascade Building Materials 1nx6-20' Cinnamon Cove Grooved - Trex Enhance Naturals Decking (543076420) in Industrial.,,,,,,,,,,,,,,,,,,,,,,,,,,,,,,,,,,,,,,,,,,,,,,,,,,,,,,,,,,,,,,,,,,,,,,,,,,,,,,,,,,,,,,,,,,,,,,,,,,,,,,,,,,,,,,,,,,,,,,,,,,,,,,,,,,,,,,,,,,,,,,,,,,,,,,,,,,,,,,,,,,,,,,,,,,,,,,,,,,,,,,,,,,,,,,,,,,,,,,,,,,,,,,,,,,,,,,,,,,,,,,,No
,,,,,,,Tools,Industrial,General,,1516870,1nx6-16' Golden Hour Sq Edge - Trex Enhance Naturals Decking,TREX,-- No Unilog Brand --,-- No DIB Brand --,Boise Cascade Building Materials (BOICA),trex,Trex,,1516870,1516870,Tools > Industrial > General,Boise Cascade Building Materials 1516870 1nx6-16' Golden Hour Sq Edge - Trex Enhance Naturals Deckin,BOISE CASCADE BUILDING MATERIALS 1516870 1NX6-16' GOLDEN HOU,Boise Cascade Building Materials 1516870 1nx6-16' Golden Hour Sq Edge - Trex Enhance Naturals Decking,Boise Cascade Building Materials 1nx6-16' Golden Hour Sq Edge - Trex Enhance Naturals Decking (MPN: 1516870) in the Tools > Industrial > General category.,Boise Cascade Building Materials 1nx6-16' Golden Hour Sq Edge - Trex Enhance Naturals Decking (1516870) in Industrial.,Boise Cascade Building Materials 1nx6-16' Golden Hour Sq Edge - Trex Enhance Naturals Decking (1516870) in Industrial.,,,,,,,,,,,,,,,,,,,,,,,,,,,,,,,,,,,,,,,,,,,,,,,,,,,,,,,,,,,,,,,,,,,,,,,,,,,,,,,,,,,,,,,,,,,,,,,,,,,,,,,,,,,,,,,,,,,,,,,,,,,,,,,,,,,,,,,,,,,,,,,,,,,,,,,,,,,,,,,,,,,,,,,,,,,,,,,,,,,,,,,,,,,,,,,,,,,,,,,,,,,,,,,,,,,,,,,,,,,,,,,No
,,,,,,,Tools,Industrial,General,,1516871,1nx6-20' Golden Hour Sq Edge - Trex Enhance Naturals Decking,TREX,-- No Unilog Brand --,-- No DIB Brand --,Boise Cascade Building Materials (BOICA),trex,Trex,,1516871,1516871,Tools > Industrial > General,Boise Cascade Building Materials 1516871 1nx6-20' Golden Hour Sq Edge - Trex Enhance Naturals Deckin,BOISE CASCADE BUILDING MATERIALS 1516871 1NX6-20' GOLDEN HOU,Boise Cascade Building Materials 1516871 1nx6-20' Golden Hour Sq Edge - Trex Enhance Naturals Decking,Boise Cascade Building Materials 1nx6-20' Golden Hour Sq Edge - Trex Enhance Naturals Decking (MPN: 1516871) in the Tools > Industrial > General category.,Boise Cascade Building Materials 1nx6-20' Golden Hour Sq Edge - Trex Enhance Naturals Decking (1516871) in Industrial.,Boise Cascade Building Materials 1nx6-20' Golden Hour Sq Edge - Trex Enhance Naturals Decking (1516871) in Industrial.,,,,,,,,,,,,,,,,,,,,,,,,,,,,,,,,,,,,,,,,,,,,,,,,,,,,,,,,,,,,,,,,,,,,,,,,,,,,,,,,,,,,,,,,,,,,,,,,,,,,,,,,,,,,,,,,,,,,,,,,,,,,,,,,,,,,,,,,,,,,,,,,,,,,,,,,,,,,,,,,,,,,,,,,,,,,,,,,,,,,,,,,,,,,,,,,,,,,,,,,,,,,,,,,,,,,,,,,,,,,,,,No
,,,,,,,Tools,Industrial,General,,1516872,1nx6-12' Golden Hour Grooved - Trex Enhance Naturals Decking,TREX,-- No Unilog Brand --,-- No DIB Brand --,Boise Cascade Building Materials (BOICA),trex,Trex,,1516872,1516872,Tools > Industrial > General,Boise Cascade Building Materials 1516872 1nx6-12' Golden Hour Grooved - Trex Enhance Naturals Deckin,BOISE CASCADE BUILDING MATERIALS 1516872 1NX6-12' GOLDEN HOU,Boise Cascade Building Materials 1516872 1nx6-12' Golden Hour Grooved - Trex Enhance Naturals Decking,Boise Cascade Building Materials 1nx6-12' Golden Hour Grooved - Trex Enhance Naturals Decking (MPN: 1516872) in the Tools > Industrial > General category.,Boise Cascade Building Materials 1nx6-12' Golden Hour Grooved - Trex Enhance Naturals Decking (1516872) in Industrial.,Boise Cascade Building Materials 1nx6-12' Golden Hour Grooved - Trex Enhance Naturals Decking (1516872) in Industrial.,,,,,,,,,,,,,,,,,,,,,,,,,,,,,,,,,,,,,,,,,,,,,,,,,,,,,,,,,,,,,,,,,,,,,,,,,,,,,,,,,,,,,,,,,,,,,,,,,,,,,,,,,,,,,,,,,,,,,,,,,,,,,,,,,,,,,,,,,,,,,,,,,,,,,,,,,,,,,,,,,,,,,,,,,,,,,,,,,,,,,,,,,,,,,,,,,,,,,,,,,,,,,,,,,,,,,,,,,,,,,,,No
,,,,,,,Tools,Industrial,General,,1516873,1nx6-16' Golden Hour Grooved - Trex Enhance Naturals Decking,TREX,-- No Unilog Brand --,-- No DIB Brand --,Boise Cascade Building Materials (BOICA),trex,Trex,,1516873,1516873,Tools > Industrial > General,Boise Cascade Building Materials 1516873 1nx6-16' Golden Hour Grooved - Trex Enhance Naturals Deckin,BOISE CASCADE BUILDING MATERIALS 1516873 1NX6-16' GOLDEN HOU,Boise Cascade Building Materials 1516873 1nx6-16' Golden Hour Grooved - Trex Enhance Naturals Decking,Boise Cascade Building Materials 1nx6-16' Golden Hour Grooved - Trex Enhance Naturals Decking (MPN: 1516873) in the Tools > Industrial > General category.,Boise Cascade Building Materials 1nx6-16' Golden Hour Grooved - Trex Enhance Naturals Decking (1516873) in Industrial.,Boise Cascade Building Materials 1nx6-16' Golden Hour Grooved - Trex Enhance Naturals Decking (1516873) in Industrial.,,,,,,,,,,,,,,,,,,,,,,,,,,,,,,,,,,,,,,,,,,,,,,,,,,,,,,,,,,,,,,,,,,,,,,,,,,,,,,,,,,,,,,,,,,,,,,,,,,,,,,,,,,,,,,,,,,,,,,,,,,,,,,,,,,,,,,,,,,,,,,,,,,,,,,,,,,,,,,,,,,,,,,,,,,,,,,,,,,,,,,,,,,,,,,,,,,,,,,,,,,,,,,,,,,,,,,,,,,,,,,,No
,,,,,,,Tools,Industrial,General,,1516874,1nx6-20' Golden Hour Grooved - Trex Enhance Naturals Decking,TREX,-- No Unilog Brand --,-- No DIB Brand --,Boise Cascade Building Materials (BOICA),trex,Trex,,1516874,1516874,Tools > Industrial > General,Boise Cascade Building Materials 1516874 1nx6-20' Golden Hour Grooved - Trex Enhance Naturals Deckin,BOISE CASCADE BUILDING MATERIALS 1516874 1NX6-20' GOLDEN HOU,Boise Cascade Building Materials 1516874 1nx6-20' Golden Hour Grooved - Trex Enhance Naturals Decking,Boise Cascade Building Materials 1nx6-20' Golden Hour Grooved - Trex Enhance Naturals Decking (MPN: 1516874) in the Tools > Industrial > General category.,Boise Cascade Building Materials 1nx6-20' Golden Hour Grooved - Trex Enhance Naturals Decking (1516874) in Industrial.,Boise Cascade Building Materials 1nx6-20' Golden Hour Grooved - Trex Enhance Naturals Decking (1516874) in Industrial.,,,,,,,,,,,,,,,,,,,,,,,,,,,,,,,,,,,,,,,,,,,,,,,,,,,,,,,,,,,,,,,,,,,,,,,,,,,,,,,,,,,,,,,,,,,,,,,,,,,,,,,,,,,,,,,,,,,,,,,,,,,,,,,,,,,,,,,,,,,,,,,,,,,,,,,,,,,,,,,,,,,,,,,,,,,,,,,,,,,,,,,,,,,,,,,,,,,,,,,,,,,,,,,,,,,,,,,,,,,,,,,No
,,,,,,,Tools,Industrial,General,,1516879,1nx6-16' Pebble Beach Sq Edge - Trex Enhance Basics Decking,TREX,-- No Unilog Brand --,-- No DIB Brand --,Boise Cascade Building Materials (BOICA),trex,Trex,,1516879,1516879,Tools > Industrial > General,Boise Cascade Building Materials 1516879 1nx6-16' Pebble Beach Sq Edge - Trex Enhance Basics Decking,BOISE CASCADE BUILDING MATERIALS 1516879 1NX6-16' PEBBLE BEA,Boise Cascade Building Materials 1516879 1nx6-16' Pebble Beach Sq Edge - Trex Enhance Basics Decking,Boise Cascade Building Materials 1nx6-16' Pebble Beach Sq Edge - Trex Enhance Basics Decking (MPN: 1516879) in the Tools > Industrial > General category.,Boise Cascade Building Materials 1nx6-16' Pebble Beach Sq Edge - Trex Enhance Basics Decking (1516879) in Industrial.,Boise Cascade Building Materials 1nx6-16' Pebble Beach Sq Edge - Trex Enhance Basics Decking (1516879) in Industrial.,,,,,,,,,,,,,,,,,,,,,,,,,,,,,,,,,,,,,,,,,,,,,,,,,,,,,,,,,,,,,,,,,,,,,,,,,,,,,,,,,,,,,,,,,,,,,,,,,,,,,,,,,,,,,,,,,,,,,,,,,,,,,,,,,,,,,,,,,,,,,,,,,,,,,,,,,,,,,,,,,,,,,,,,,,,,,,,,,,,,,,,,,,,,,,,,,,,,,,,,,,,,,,,,,,,,,,,,,,,,,,,No
,,,,,,,Tools,Industrial,General,,1516880,1nx6-20' Pebble Beach Sq Edge - Trex Enhance Basics Decking,TREX,-- No Unilog Brand --,-- No DIB Brand --,Boise Cascade Building Materials (BOICA),trex,Trex,,1516880,1516880,Tools > Industrial > General,Boise Cascade Building Materials 1516880 1nx6-20' Pebble Beach Sq Edge - Trex Enhance Basics Decking,BOISE CASCADE BUILDING MATERIALS 1516880 1NX6-20' PEBBLE BEA,Boise Cascade Building Materials 1516880 1nx6-20' Pebble Beach Sq Edge - Trex Enhance Basics Decking,Boise Cascade Building Materials 1nx6-20' Pebble Beach Sq Edge - Trex Enhance Basics Decking (MPN: 1516880) in the Tools > Industrial > General category.,Boise Cascade Building Materials 1nx6-20' Pebble Beach Sq Edge - Trex Enhance Basics Decking (1516880) in Industrial.,Boise Cascade Building Materials 1nx6-20' Pebble Beach Sq Edge - Trex Enhance Basics Decking (1516880) in Industrial.,,,,,,,,,,,,,,,,,,,,,,,,,,,,,,,,,,,,,,,,,,,,,,,,,,,,,,,,,,,,,,,,,,,,,,,,,,,,,,,,,,,,,,,,,,,,,,,,,,,,,,,,,,,,,,,,,,,,,,,,,,,,,,,,,,,,,,,,,,,,,,,,,,,,,,,,,,,,,,,,,,,,,,,,,,,,,,,,,,,,,,,,,,,,,,,,,,,,,,,,,,,,,,,,,,,,,,,,,,,,,,,No
,,,,,,,Tools,Industrial,General,,1516881,1nx6-12' Pebble Beach Grooved - Trex Enhance Basics Decking,TREX,-- No Unilog Brand --,-- No DIB Brand --,Boise Cascade Building Materials (BOICA),trex,Trex,,1516881,1516881,Tools > Industrial > General,Boise Cascade Building Materials 1516881 1nx6-12' Pebble Beach Grooved - Trex Enhance Basics Decking,BOISE CASCADE BUILDING MATERIALS 1516881 1NX6-12' PEBBLE BEA,Boise Cascade Building Materials 1516881 1nx6-12' Pebble Beach Grooved - Trex Enhance Basics Decking,Boise Cascade Building Materials 1nx6-12' Pebble Beach Grooved - Trex Enhance Basics Decking (MPN: 1516881) in the Tools > Industrial > General category.,Boise Cascade Building Materials 1nx6-12' Pebble Beach Grooved - Trex Enhance Basics Decking (1516881) in Industrial.,Boise Cascade Building Materials 1nx6-12' Pebble Beach Grooved - Trex Enhance Basics Decking (1516881) in Industrial.,,,,,,,,,,,,,,,,,,,,,,,,,,,,,,,,,,,,,,,,,,,,,,,,,,,,,,,,,,,,,,,,,,,,,,,,,,,,,,,,,,,,,,,,,,,,,,,,,,,,,,,,,,,,,,,,,,,,,,,,,,,,,,,,,,,,,,,,,,,,,,,,,,,,,,,,,,,,,,,,,,,,,,,,,,,,,,,,,,,,,,,,,,,,,,,,,,,,,,,,,,,,,,,,,,,,,,,,,,,,,,,No
,,,,,,,Tools,Industrial,General,,1516882,1nx6-16' Pebble Beach Grooved - Trex Enhance Basics Decking,TREX,-- No Unilog Brand --,-- No DIB Brand --,Boise Cascade Building Materials (BOICA),trex,Trex,,1516882,1516882,Tools > Industrial > General,Boise Cascade Building Materials 1516882 1nx6-16' Pebble Beach Grooved - Trex Enhance Basics Decking,BOISE CASCADE BUILDING MATERIALS 1516882 1NX6-16' PEBBLE BEA,Boise Cascade Building Materials 1516882 1nx6-16' Pebble Beach Grooved - Trex Enhance Basics Decking,Boise Cascade Building Materials 1nx6-16' Pebble Beach Grooved - Trex Enhance Basics Decking (MPN: 1516882) in the Tools > Industrial > General category.,Boise Cascade Building Materials 1nx6-16' Pebble Beach Grooved - Trex Enhance Basics Decking (1516882) in Industrial.,Boise Cascade Building Materials 1nx6-16' Pebble Beach Grooved - Trex Enhance Basics Decking (1516882) in Industrial.,,,,,,,,,,,,,,,,,,,,,,,,,,,,,,,,,,,,,,,,,,,,,,,,,,,,,,,,,,,,,,,,,,,,,,,,,,,,,,,,,,,,,,,,,,,,,,,,,,,,,,,,,,,,,,,,,,,,,,,,,,,,,,,,,,,,,,,,,,,,,,,,,,,,,,,,,,,,,,,,,,,,,,,,,,,,,,,,,,,,,,,,,,,,,,,,,,,,,,,,,,,,,,,,,,,,,,,,,,,,,,,No
,,,,,,,Tools,Industrial,General,,1516883,1nx6-20' Pebble Beach Grooved - Trex Enhance Basics Decking,TREX,-- No Unilog Brand --,-- No DIB Brand --,Boise Cascade Building Materials (BOICA),trex,Trex,,1516883,1516883,Tools > Industrial > General,Boise Cascade Building Materials 1516883 1nx6-20' Pebble Beach Grooved - Trex Enhance Basics Decking,BOISE CASCADE BUILDING MATERIALS 1516883 1NX6-20' PEBBLE BEA,Boise Cascade Building Materials 1516883 1nx6-20' Pebble Beach Grooved - Trex Enhance Basics Decking,Boise Cascade Building Materials 1nx6-20' Pebble Beach Grooved - Trex Enhance Basics Decking (MPN: 1516883) in the Tools > Industrial > General category.,Boise Cascade Building Materials 1nx6-20' Pebble Beach Grooved - Trex Enhance Basics Decking (1516883) in Industrial.,Boise Cascade Building Materials 1nx6-20' Pebble Beach Grooved - Trex Enhance Basics Decking (1516883) in Industrial.,,,,,,,,,,,,,,,,,,,,,,,,,,,,,,,,,,,,,,,,,,,,,,,,,,,,,,,,,,,,,,,,,,,,,,,,,,,,,,,,,,,,,,,,,,,,,,,,,,,,,,,,,,,,,,,,,,,,,,,,,,,,,,,,,,,,,,,,,,,,,,,,,,,,,,,,,,,,,,,,,,,,,,,,,,,,,,,,,,,,,,,,,,,,,,,,,,,,,,,,,,,,,,,,,,,,,,,,,,,,,,,No
,,,,,,,Tools,Industrial,General,,543005016,7/8nx6-16' Malted Barley Sq Edge - Trex Select 2.0 Decking,TREX,-- No Unilog Brand --,-- No DIB Brand --,Boise Cascade Building Materials (BOICA),trex,Trex,,543005016,543005016,Tools > Industrial > General,Boise Cascade Building Materials 543005016 7/8nx6-16' Malted Barley Sq Edge - Trex Select 2.0 Deckin,BOISE CASCADE BUILDING MATERIALS 543005016 7/8NX6-16' MALTED,Boise Cascade Building Materials 543005016 7/8nx6-16' Malted Barley Sq Edge - Trex Select 2.0 Decking,Boise Cascade Building Materials 7/8nx6-16' Malted Barley Sq Edge - Trex Select 2.0 Decking (MPN: 543005016) in the Tools > Industrial > General category.,Boise Cascade Building Materials 7/8nx6-16' Malted Barley Sq Edge - Trex Select 2.0 Decking (543005016) in Industrial.,Boise Cascade Building Materials 7/8nx6-16' Malted Barley Sq Edge - Trex Select 2.0 Decking (543005016) in Industrial.,,,,,,,,,,,,,,,,,,,,,,,,,,,,,,,,,,,,,,,,,,,,,,,,,,,,,,,,,,,,,,,,,,,,,,,,,,,,,,,,,,,,,,,,,,,,,,,,,,,,,,,,,,,,,,,,,,,,,,,,,,,,,,,,,,,,,,,,,,,,,,,,,,,,,,,,,,,,,,,,,,,,,,,,,,,,,,,,,,,,,,,,,,,,,,,,,,,,,,,,,,,,,,,,,,,,,,,,,,,,,,,No
,,,,,,,Tools,Industrial,General,,543005020,7/8nx6-20' Malted Barley Sq Edge - Trex Select 2.0 Decking,TREX,-- No Unilog Brand --,-- No DIB Brand --,Boise Cascade Building Materials (BOICA),trex,Trex,,543005020,543005020,Tools > Industrial > General,Boise Cascade Building Materials 543005020 7/8nx6-20' Malted Barley Sq Edge - Trex Select 2.0 Deckin,BOISE CASCADE BUILDING MATERIALS 543005020 7/8NX6-20' MALTED,Boise Cascade Building Materials 543005020 7/8nx6-20' Malted Barley Sq Edge - Trex Select 2.0 Decking,Boise Cascade Building Materials 7/8nx6-20' Malted Barley Sq Edge - Trex Select 2.0 Decking (MPN: 543005020) in the Tools > Industrial > General category.,Boise Cascade Building Materials 7/8nx6-20' Malted Barley Sq Edge - Trex Select 2.0 Decking (543005020) in Industrial.,Boise Cascade Building Materials 7/8nx6-20' Malted Barley Sq Edge - Trex Select 2.0 Decking (543005020) in Industrial.,,,,,,,,,,,,,,,,,,,,,,,,,,,,,,,,,,,,,,,,,,,,,,,,,,,,,,,,,,,,,,,,,,,,,,,,,,,,,,,,,,,,,,,,,,,,,,,,,,,,,,,,,,,,,,,,,,,,,,,,,,,,,,,,,,,,,,,,,,,,,,,,,,,,,,,,,,,,,,,,,,,,,,,,,,,,,,,,,,,,,,,,,,,,,,,,,,,,,,,,,,,,,,,,,,,,,,,,,,,,,,,No
,,,,,,,Tools,Industrial,General,,543005412,7/8nx6-12' Malted Barley Grooved - Trex Select 2.0 Decking,TREX,-- No Unilog Brand --,-- No DIB Brand --,Boise Cascade Building Materials (BOICA),trex,Trex,,543005412,543005412,Tools > Industrial > General,Boise Cascade Building Materials 543005412 7/8nx6-12' Malted Barley Grooved - Trex Select 2.0 Deckin,BOISE CASCADE BUILDING MATERIALS 543005412 7/8NX6-12' MALTED,Boise Cascade Building Materials 543005412 7/8nx6-12' Malted Barley Grooved - Trex Select 2.0 Decking,Boise Cascade Building Materials 7/8nx6-12' Malted Barley Grooved - Trex Select 2.0 Decking (MPN: 543005412) in the Tools > Industrial > General category.,Boise Cascade Building Materials 7/8nx6-12' Malted Barley Grooved - Trex Select 2.0 Decking (543005412) in Industrial.,Boise Cascade Building Materials 7/8nx6-12' Malted Barley Grooved - Trex Select 2.0 Decking (543005412) in Industrial.,,,,,,,,,,,,,,,,,,,,,,,,,,,,,,,,,,,,,,,,,,,,,,,,,,,,,,,,,,,,,,,,,,,,,,,,,,,,,,,,,,,,,,,,,,,,,,,,,,,,,,,,,,,,,,,,,,,,,,,,,,,,,,,,,,,,,,,,,,,,,,,,,,,,,,,,,,,,,,,,,,,,,,,,,,,,,,,,,,,,,,,,,,,,,,,,,,,,,,,,,,,,,,,,,,,,,,,,,,,,,,,No
,,,,,,,Tools,Industrial,General,,543005416,7/8nx6-16' Malted Barley Grooved - Trex Select 2.0 Decking,TREX,-- No Unilog Brand --,-- No DIB Brand --,Boise Cascade Building Materials (BOICA),trex,Trex,,543005416,543005416,Tools > Industrial > General,Boise Cascade Building Materials 543005416 7/8nx6-16' Malted Barley Grooved - Trex Select 2.0 Deckin,BOISE CASCADE BUILDING MATERIALS 543005416 7/8NX6-16' MALTED,Boise Cascade Building Materials 543005416 7/8nx6-16' Malted Barley Grooved - Trex Select 2.0 Decking,Boise Cascade Building Materials 7/8nx6-16' Malted Barley Grooved - Trex Select 2.0 Decking (MPN: 543005416) in the Tools > Industrial > General category.,Boise Cascade Building Materials 7/8nx6-16' Malted Barley Grooved - Trex Select 2.0 Decking (543005416) in Industrial.,Boise Cascade Building Materials 7/8nx6-16' Malted Barley Grooved - Trex Select 2.0 Decking (543005416) in Industrial.,,,,,,,,,,,,,,,,,,,,,,,,,,,,,,,,,,,,,,,,,,,,,,,,,,,,,,,,,,,,,,,,,,,,,,,,,,,,,,,,,,,,,,,,,,,,,,,,,,,,,,,,,,,,,,,,,,,,,,,,,,,,,,,,,,,,,,,,,,,,,,,,,,,,,,,,,,,,,,,,,,,,,,,,,,,,,,,,,,,,,,,,,,,,,,,,,,,,,,,,,,,,,,,,,,,,,,,,,,,,,,,No
,,,,,,,Tools,Industrial,General,,543005420,7/8nx6-20' Malted Barley Grooved - Trex Select 2.0 Decking,TREX,-- No Unilog Brand --,-- No DIB Brand --,Boise Cascade Building Materials (BOICA),trex,Trex,,543005420,543005420,Tools > Industrial > General,Boise Cascade Building Materials 543005420 7/8nx6-20' Malted Barley Grooved - Trex Select 2.0 Deckin,BOISE CASCADE BUILDING MATERIALS 543005420 7/8NX6-20' MALTED,Boise Cascade Building Materials 543005420 7/8nx6-20' Malted Barley Grooved - Trex Select 2.0 Decking,Boise Cascade Building Materials 7/8nx6-20' Malted Barley Grooved - Trex Select 2.0 Decking (MPN: 543005420) in the Tools > Industrial > General category.,Boise Cascade Building Materials 7/8nx6-20' Malted Barley Grooved - Trex Select 2.0 Decking (543005420) in Industrial.,Boise Cascade Building Materials 7/8nx6-20' Malted Barley Grooved - Trex Select 2.0 Decking (543005420) in Industrial.,,,,,,,,,,,,,,,,,,,,,,,,,,,,,,,,,,,,,,,,,,,,,,,,,,,,,,,,,,,,,,,,,,,,,,,,,,,,,,,,,,,,,,,,,,,,,,,,,,,,,,,,,,,,,,,,,,,,,,,,,,,,,,,,,,,,,,,,,,,,,,,,,,,,,,,,,,,,,,,,,,,,,,,,,,,,,,,,,,,,,,,,,,,,,,,,,,,,,,,,,,,,,,,,,,,,,,,,,,,,,,,No
,,,,,,,Tools,Industrial,General,,1516891,7/8nx6-16' Millstone Sq Edge - Trex Select 2.0 Decking,TREX,-- No Unilog Brand --,-- No DIB Brand --,Boise Cascade Building Materials (BOICA),trex,Trex,,1516891,1516891,Tools > Industrial > General,Boise Cascade Building Materials 1516891 7/8nx6-16' Millstone Sq Edge - Trex Select 2.0 Decking,BOISE CASCADE BUILDING MATERIALS 1516891 7/8NX6-16' MILLSTON,Boise Cascade Building Materials 1516891 7/8nx6-16' Millstone Sq Edge - Trex Select 2.0 Decking,Boise Cascade Building Materials 7/8nx6-16' Millstone Sq Edge - Trex Select 2.0 Decking (MPN: 1516891) in the Tools > Industrial > General category.,Boise Cascade Building Materials 7/8nx6-16' Millstone Sq Edge - Trex Select 2.0 Decking (1516891) in Industrial.,Boise Cascade Building Materials 7/8nx6-16' Millstone Sq Edge - Trex Select 2.0 Decking (1516891) in Industrial.,,,,,,,,,,,,,,,,,,,,,,,,,,,,,,,,,,,,,,,,,,,,,,,,,,,,,,,,,,,,,,,,,,,,,,,,,,,,,,,,,,,,,,,,,,,,,,,,,,,,,,,,,,,,,,,,,,,,,,,,,,,,,,,,,,,,,,,,,,,,,,,,,,,,,,,,,,,,,,,,,,,,,,,,,,,,,,,,,,,,,,,,,,,,,,,,,,,,,,,,,,,,,,,,,,,,,,,,,,,,,,,No
,,,,,,,Tools,Industrial,General,,1516892,7/8nx6-20' Millstone Sq Edge -Trex Select 2.0 Decking,TREX,-- No Unilog Brand --,-- No DIB Brand --,Boise Cascade Building Materials (BOICA),trex,Trex,,1516892,1516892,Tools > Industrial > General,Boise Cascade Building Materials 1516892 7/8nx6-20' Millstone Sq Edge -Trex Select 2.0 Decking,BOISE CASCADE BUILDING MATERIALS 1516892 7/8NX6-20' MILLSTON,Boise Cascade Building Materials 1516892 7/8nx6-20' Millstone Sq Edge -Trex Select 2.0 Decking,Boise Cascade Building Materials 7/8nx6-20' Millstone Sq Edge -Trex Select 2.0 Decking (MPN: 1516892) in the Tools > Industrial > General category.,Boise Cascade Building Materials 7/8nx6-20' Millstone Sq Edge -Trex Select 2.0 Decking (1516892) in Industrial.,Boise Cascade Building Materials 7/8nx6-20' Millstone Sq Edge -Trex Select 2.0 Decking (1516892) in Industrial.,,,,,,,,,,,,,,,,,,,,,,,,,,,,,,,,,,,,,,,,,,,,,,,,,,,,,,,,,,,,,,,,,,,,,,,,,,,,,,,,,,,,,,,,,,,,,,,,,,,,,,,,,,,,,,,,,,,,,,,,,,,,,,,,,,,,,,,,,,,,,,,,,,,,,,,,,,,,,,,,,,,,,,,,,,,,,,,,,,,,,,,,,,,,,,,,,,,,,,,,,,,,,,,,,,,,,,,,,,,,,,,No
,,,,,,,Tools,Industrial,General,,1516893,7/8nx6-12' Millstone Grooved - Trex Select 2.0 Decking,TREX,-- No Unilog Brand --,-- No DIB Brand --,Boise Cascade Building Materials (BOICA),trex,Trex,,1516893,1516893,Tools > Industrial > General,Boise Cascade Building Materials 1516893 7/8nx6-12' Millstone Grooved - Trex Select 2.0 Decking,BOISE CASCADE BUILDING MATERIALS 1516893 7/8NX6-12' MILLSTON,Boise Cascade Building Materials 1516893 7/8nx6-12' Millstone Grooved - Trex Select 2.0 Decking,Boise Cascade Building Materials 7/8nx6-12' Millstone Grooved - Trex Select 2.0 Decking (MPN: 1516893) in the Tools > Industrial > General category.,Boise Cascade Building Materials 7/8nx6-12' Millstone Grooved - Trex Select 2.0 Decking (1516893) in Industrial.,Boise Cascade Building Materials 7/8nx6-12' Millstone Grooved - Trex Select 2.0 Decking (1516893) in Industrial.,,,,,,,,,,,,,,,,,,,,,,,,,,,,,,,,,,,,,,,,,,,,,,,,,,,,,,,,,,,,,,,,,,,,,,,,,,,,,,,,,,,,,,,,,,,,,,,,,,,,,,,,,,,,,,,,,,,,,,,,,,,,,,,,,,,,,,,,,,,,,,,,,,,,,,,,,,,,,,,,,,,,,,,,,,,,,,,,,,,,,,,,,,,,,,,,,,,,,,,,,,,,,,,,,,,,,,,,,,,,,,,No
,,,,,,,Tools,Industrial,General,,1516894,7/8nx6-16' Millstone Grooved - Trex Select 2.0 Decking,TREX,-- No Unilog Brand --,-- No DIB Brand --,Boise Cascade Building Materials (BOICA),trex,Trex,,1516894,1516894,Tools > Industrial > General,Boise Cascade Building Materials 1516894 7/8nx6-16' Millstone Grooved - Trex Select 2.0 Decking,BOISE CASCADE BUILDING MATERIALS 1516894 7/8NX6-16' MILLSTON,Boise Cascade Building Materials 1516894 7/8nx6-16' Millstone Grooved - Trex Select 2.0 Decking,Boise Cascade Building Materials 7/8nx6-16' Millstone Grooved - Trex Select 2.0 Decking (MPN: 1516894) in the Tools > Industrial > General category.,Boise Cascade Building Materials 7/8nx6-16' Millstone Grooved - Trex Select 2.0 Decking (1516894) in Industrial.,Boise Cascade Building Materials 7/8nx6-16' Millstone Grooved - Trex Select 2.0 Decking (1516894) in Industrial.,,,,,,,,,,,,,,,,,,,,,,,,,,,,,,,,,,,,,,,,,,,,,,,,,,,,,,,,,,,,,,,,,,,,,,,,,,,,,,,,,,,,,,,,,,,,,,,,,,,,,,,,,,,,,,,,,,,,,,,,,,,,,,,,,,,,,,,,,,,,,,,,,,,,,,,,,,,,,,,,,,,,,,,,,,,,,,,,,,,,,,,,,,,,,,,,,,,,,,,,,,,,,,,,,,,,,,,,,,,,,,,No
,,,,,,,Tools,Industrial,General,,1516895,7/8nx6-20' Millstone Grooved - Trex Select 2.0 Decking,TREX,-- No Unilog Brand --,-- No DIB Brand --,Boise Cascade Building Materials (BOICA),trex,Trex,,1516895,1516895,Tools > Industrial > General,Boise Cascade Building Materials 1516895 7/8nx6-20' Millstone Grooved - Trex Select 2.0 Decking,BOISE CASCADE BUILDING MATERIALS 1516895 7/8NX6-20' MILLSTON,Boise Cascade Building Materials 1516895 7/8nx6-20' Millstone Grooved - Trex Select 2.0 Decking,Boise Cascade Building Materials 7/8nx6-20' Millstone Grooved - Trex Select 2.0 Decking (MPN: 1516895) in the Tools > Industrial > General category.,Boise Cascade Building Materials 7/8nx6-20' Millstone Grooved - Trex Select 2.0 Decking (1516895) in Industrial.,Boise Cascade Building Materials 7/8nx6-20' Millstone Grooved - Trex Select 2.0 Decking (1516895) in Industrial.,,,,,,,,,,,,,,,,,,,,,,,,,,,,,,,,,,,,,,,,,,,,,,,,,,,,,,,,,,,,,,,,,,,,,,,,,,,,,,,,,,,,,,,,,,,,,,,,,,,,,,,,,,,,,,,,,,,,,,,,,,,,,,,,,,,,,,,,,,,,,,,,,,,,,,,,,,,,,,,,,,,,,,,,,,,,,,,,,,,,,,,,,,,,,,,,,,,,,,,,,,,,,,,,,,,,,,,,,,,,,,,No
,,,,,,,Tools,Industrial,General,,543007016,7/8nx6-16' Whiskey Barrel Sq Edge - Trex Select 2.0 Decking,TREX,-- No Unilog Brand --,-- No DIB Brand --,Boise Cascade Building Materials (BOICA),trex,Trex,,543007016,543007016,Tools > Industrial > General,Boise Cascade Building Materials 543007016 7/8nx6-16' Whiskey Barrel Sq Edge - Trex Select 2.0 Decki,BOISE CASCADE BUILDING MATERIALS 543007016 7/8NX6-16' WHISKE,Boise Cascade Building Materials 543007016 7/8nx6-16' Whiskey Barrel Sq Edge - Trex Select 2.0 Decking,Boise Cascade Building Materials 7/8nx6-16' Whiskey Barrel Sq Edge - Trex Select 2.0 Decking (MPN: 543007016) in the Tools > Industrial > General category.,Boise Cascade Building Materials 7/8nx6-16' Whiskey Barrel Sq Edge - Trex Select 2.0 Decking (543007016) in Industrial.,Boise Cascade Building Materials 7/8nx6-16' Whiskey Barrel Sq Edge - Trex Select 2.0 Decking (543007016) in Industrial.,,,,,,,,,,,,,,,,,,,,,,,,,,,,,,,,,,,,,,,,,,,,,,,,,,,,,,,,,,,,,,,,,,,,,,,,,,,,,,,,,,,,,,,,,,,,,,,,,,,,,,,,,,,,,,,,,,,,,,,,,,,,,,,,,,,,,,,,,,,,,,,,,,,,,,,,,,,,,,,,,,,,,,,,,,,,,,,,,,,,,,,,,,,,,,,,,,,,,,,,,,,,,,,,,,,,,,,,,,,,,,,No
,,,,,,,Tools,Industrial,General,,543007020,7/8nx6-20' Whiskey Barrel Sq Edge - Trex Select 2.0 Decking,TREX,-- No Unilog Brand --,-- No DIB Brand --,Boise Cascade Building Materials (BOICA),trex,Trex,,543007020,543007020,Tools > Industrial > General,Boise Cascade Building Materials 543007020 7/8nx6-20' Whiskey Barrel Sq Edge - Trex Select 2.0 Decki,BOISE CASCADE BUILDING MATERIALS 543007020 7/8NX6-20' WHISKE,Boise Cascade Building Materials 543007020 7/8nx6-20' Whiskey Barrel Sq Edge - Trex Select 2.0 Decking,Boise Cascade Building Materials 7/8nx6-20' Whiskey Barrel Sq Edge - Trex Select 2.0 Decking (MPN: 543007020) in the Tools > Industrial > General category.,Boise Cascade Building Materials 7/8nx6-20' Whiskey Barrel Sq Edge - Trex Select 2.0 Decking (543007020) in Industrial.,Boise Cascade Building Materials 7/8nx6-20' Whiskey Barrel Sq Edge - Trex Select 2.0 Decking (543007020) in Industrial.,,,,,,,,,,,,,,,,,,,,,,,,,,,,,,,,,,,,,,,,,,,,,,,,,,,,,,,,,,,,,,,,,,,,,,,,,,,,,,,,,,,,,,,,,,,,,,,,,,,,,,,,,,,,,,,,,,,,,,,,,,,,,,,,,,,,,,,,,,,,,,,,,,,,,,,,,,,,,,,,,,,,,,,,,,,,,,,,,,,,,,,,,,,,,,,,,,,,,,,,,,,,,,,,,,,,,,,,,,,,,,,No
,,,,,,,Tools,Industrial,General,,543007412,7/8nx6-12' Whiskey Barrel Grooved - Trex Select 2.0 Decking,TREX,-- No Unilog Brand --,-- No DIB Brand --,Boise Cascade Building Materials (BOICA),trex,Trex,,543007412,543007412,Tools > Industrial > General,Boise Cascade Building Materials 543007412 7/8nx6-12' Whiskey Barrel Grooved - Trex Select 2.0 Decki,BOISE CASCADE BUILDING MATERIALS 543007412 7/8NX6-12' WHISKE,Boise Cascade Building Materials 543007412 7/8nx6-12' Whiskey Barrel Grooved - Trex Select 2.0 Decking,Boise Cascade Building Materials 7/8nx6-12' Whiskey Barrel Grooved - Trex Select 2.0 Decking (MPN: 543007412) in the Tools > Industrial > General category.,Boise Cascade Building Materials 7/8nx6-12' Whiskey Barrel Grooved - Trex Select 2.0 Decking (543007412) in Industrial.,Boise Cascade Building Materials 7/8nx6-12' Whiskey Barrel Grooved - Trex Select 2.0 Decking (543007412) in Industrial.,,,,,,,,,,,,,,,,,,,,,,,,,,,,,,,,,,,,,,,,,,,,,,,,,,,,,,,,,,,,,,,,,,,,,,,,,,,,,,,,,,,,,,,,,,,,,,,,,,,,,,,,,,,,,,,,,,,,,,,,,,,,,,,,,,,,,,,,,,,,,,,,,,,,,,,,,,,,,,,,,,,,,,,,,,,,,,,,,,,,,,,,,,,,,,,,,,,,,,,,,,,,,,,,,,,,,,,,,,,,,,,No
,,,,,,,Tools,Industrial,General,,543007416,7/8nx6-16' Whiskey Barrel Grooved - Trex Select 2.0 Decking,TREX,-- No Unilog Brand --,-- No DIB Brand --,Boise Cascade Building Materials (BOICA),trex,Trex,,543007416,543007416,Tools > Industrial > General,Boise Cascade Building Materials 543007416 7/8nx6-16' Whiskey Barrel Grooved - Trex Select 2.0 Decki,BOISE CASCADE BUILDING MATERIALS 543007416 7/8NX6-16' WHISKE,Boise Cascade Building Materials 543007416 7/8nx6-16' Whiskey Barrel Grooved - Trex Select 2.0 Decking,Boise Cascade Building Materials 7/8nx6-16' Whiskey Barrel Grooved - Trex Select 2.0 Decking (MPN: 543007416) in the Tools > Industrial > General category.,Boise Cascade Building Materials 7/8nx6-16' Whiskey Barrel Grooved - Trex Select 2.0 Decking (543007416) in Industrial.,Boise Cascade Building Materials 7/8nx6-16' Whiskey Barrel Grooved - Trex Select 2.0 Decking (543007416) in Industrial.,,,,,,,,,,,,,,,,,,,,,,,,,,,,,,,,,,,,,,,,,,,,,,,,,,,,,,,,,,,,,,,,,,,,,,,,,,,,,,,,,,,,,,,,,,,,,,,,,,,,,,,,,,,,,,,,,,,,,,,,,,,,,,,,,,,,,,,,,,,,,,,,,,,,,,,,,,,,,,,,,,,,,,,,,,,,,,,,,,,,,,,,,,,,,,,,,,,,,,,,,,,,,,,,,,,,,,,,,,,,,,,No
,,,,,,,Tools,Industrial,General,,543007420,7/8nx6-20' Whiskey Barrel Grooved - Trex Select 2.0 Decking,TREX,-- No Unilog Brand --,-- No DIB Brand --,Boise Cascade Building Materials (BOICA),trex,Trex,,543007420,543007420,Tools > Industrial > General,Boise Cascade Building Materials 543007420 7/8nx6-20' Whiskey Barrel Grooved - Trex Select 2.0 Decki,BOISE CASCADE BUILDING MATERIALS 543007420 7/8NX6-20' WHISKE,Boise Cascade Building Materials 543007420 7/8nx6-20' Whiskey Barrel Grooved - Trex Select 2.0 Decking,Boise Cascade Building Materials 7/8nx6-20' Whiskey Barrel Grooved - Trex Select 2.0 Decking (MPN: 543007420) in the Tools > Industrial > General category.,Boise Cascade Building Materials 7/8nx6-20' Whiskey Barrel Grooved - Trex Select 2.0 Decking (543007420) in Industrial.,Boise Cascade Building Materials 7/8nx6-20' Whiskey Barrel Grooved - Trex Select 2.0 Decking (543007420) in Industrial.,,,,,,,,,,,,,,,,,,,,,,,,,,,,,,,,,,,,,,,,,,,,,,,,,,,,,,,,,,,,,,,,,,,,,,,,,,,,,,,,,,,,,,,,,,,,,,,,,,,,,,,,,,,,,,,,,,,,,,,,,,,,,,,,,,,,,,,,,,,,,,,,,,,,,,,,,,,,,,,,,,,,,,,,,,,,,,,,,,,,,,,,,,,,,,,,,,,,,,,,,,,,,,,,,,,,,,,,,,,,,,,No
,,,,,,,Tools,Industrial,General,,ADR5117512CS,1x12-12' Coastline - Vintage Azek PVC Fascia,TIMBERTECH,-- No Unilog Brand --,-- No DIB Brand --,Parksite (6151),azek,Azek,,ADR5117512CS,ADR5117512CS,Tools > Industrial > General,Parksite ADR5117512CS 1x12-12' Coastline - Vintage Azek PVC Fascia,PARKSITE ADR5117512CS 1X12-12' COASTLINE - VINTAGE AZEK PVC,Parksite ADR5117512CS 1x12-12' Coastline - Vintage Azek PVC Fascia,Parksite 1x12-12' Coastline - Vintage Azek PVC Fascia (MPN: ADR5117512CS) in the Tools > Industrial > General category.,Parksite 1x12-12' Coastline - Vintage Azek PVC Fascia (ADR5117512CS) in Industrial.,Parksite 1x12-12' Coastline - Vintage Azek PVC Fascia (ADR5117512CS) in Industrial.,,,,,,,,,,,,,,,,,,,,,,,,,,,,,,,,,,,,,,,,,,,,,,,,,,,,,,,,,,,,,,,,,,,,,,,,,,,,,,,,,,,,,,,,,,,,,,,,,,,,,,,,,,,,,,,,,,,,,,,,,,,,,,,,,,,,,,,,,,,,,,,,,,,,,,,,,,,,,,,,,,,,,,,,,,,,,,,,,,,,,,,,,,,,,,,,,,,,,,,,,,,,,,,,,,,,,,,,,,,,,,,No
,,,,,,,Tools,Industrial,General,,ADR5117512MH,1x12-12' Mahogany - Vintage Azek PVC Fascia,TIMBERTECH,-- No Unilog Brand --,-- No DIB Brand --,Parksite (6151),azek,Azek,,ADR5117512MH,ADR5117512MH,Tools > Industrial > General,Parksite ADR5117512MH 1x12-12' Mahogany - Vintage Azek PVC Fascia,PARKSITE ADR5117512MH 1X12-12' MAHOGANY - VINTAGE AZEK PVC F,Parksite ADR5117512MH 1x12-12' Mahogany - Vintage Azek PVC Fascia,Parksite 1x12-12' Mahogany - Vintage Azek PVC Fascia (MPN: ADR5117512MH) in the Tools > Industrial > General category.,Parksite 1x12-12' Mahogany - Vintage Azek PVC Fascia (ADR5117512MH) in Industrial.,Parksite 1x12-12' Mahogany - Vintage Azek PVC Fascia (ADR5117512MH) in Industrial.,,,,,,,,,,,,,,,,,,,,,,,,,,,,,,,,,,,,,,,,,,,,,,,,,,,,,,,,,,,,,,,,,,,,,,,,,,,,,,,,,,,,,,,,,,,,,,,,,,,,,,,,,,,,,,,,,,,,,,,,,,,,,,,,,,,,,,,,,,,,,,,,,,,,,,,,,,,,,,,,,,,,,,,,,,,,,,,,,,,,,,,,,,,,,,,,,,,,,,,,,,,,,,,,,,,,,,,,,,,,,,,No
,,,,,,,Tools,Industrial,General,,ADR5117512WT,1x12-12' Weathered Teak - Vintage Azek PVC Fascia,TIMBERTECH,-- No Unilog Brand --,-- No DIB Brand --,Parksite (6151),azek,Azek,,ADR5117512WT,ADR5117512WT,Tools > Industrial > General,Parksite ADR5117512WT 1x12-12' Weathered Teak - Vintage Azek PVC Fascia,PARKSITE ADR5117512WT 1X12-12' WEATHERED TEAK - VINTAGE AZEK,Parksite ADR5117512WT 1x12-12' Weathered Teak - Vintage Azek PVC Fascia,Parksite 1x12-12' Weathered Teak - Vintage Azek PVC Fascia (MPN: ADR5117512WT) in the Tools > Industrial > General category.,Parksite 1x12-12' Weathered Teak - Vintage Azek PVC Fascia (ADR5117512WT) in Industrial.,Parksite 1x12-12' Weathered Teak - Vintage Azek PVC Fascia (ADR5117512WT) in Industrial.,,,,,,,,,,,,,,,,,,,,,,,,,,,,,,,,,,,,,,,,,,,,,,,,,,,,,,,,,,,,,,,,,,,,,,,,,,,,,,,,,,,,,,,,,,,,,,,,,,,,,,,,,,,,,,,,,,,,,,,,,,,,,,,,,,,,,,,,,,,,,,,,,,,,,,,,,,,,,,,,,,,,,,,,,,,,,,,,,,,,,,,,,,,,,,,,,,,,,,,,,,,,,,,,,,,,,,,,,,,,,,,No
,,,,,,,Tools,Industrial,General,,ADR5117512AW,1x12-12' American Walnut - Landmark Azek PVC Fascia,TIMBERTECH,-- No Unilog Brand --,-- No DIB Brand --,Parksite (6151),azek,Azek,,ADR5117512AW,ADR5117512AW,Tools > Industrial > General,Parksite ADR5117512AW 1x12-12' American Walnut - Landmark Azek PVC Fascia,PARKSITE ADR5117512AW 1X12-12' AMERICAN WALNUT - LANDMARK AZ,Parksite ADR5117512AW 1x12-12' American Walnut - Landmark Azek PVC Fascia,Parksite 1x12-12' American Walnut - Landmark Azek PVC Fascia (MPN: ADR5117512AW) in the Tools > Industrial > General category.,Parksite 1x12-12' American Walnut - Landmark Azek PVC Fascia (ADR5117512AW) in Industrial.,Parksite 1x12-12' American Walnut - Landmark Azek PVC Fascia (ADR5117512AW) in Industrial.,,,,,,,,,,,,,,,,,,,,,,,,,,,,,,,,,,,,,,,,,,,,,,,,,,,,,,,,,,,,,,,,,,,,,,,,,,,,,,,,,,,,,,,,,,,,,,,,,,,,,,,,,,,,,,,,,,,,,,,,,,,,,,,,,,,,,,,,,,,,,,,,,,,,,,,,,,,,,,,,,,,,,,,,,,,,,,,,,,,,,,,,,,,,,,,,,,,,,,,,,,,,,,,,,,,,,,,,,,,,,,,No
,,,,,,,Tools,Industrial,General,,ADR5117512CG,1x12-12' Castle Gate - Landmark Azek PVC Fascia,TIMBERTECH,-- No Unilog Brand --,-- No DIB Brand --,Parksite (6151),azek,Azek,,ADR5117512CG,ADR5117512CG,Tools > Industrial > General,Parksite ADR5117512CG 1x12-12' Castle Gate - Landmark Azek PVC Fascia,PARKSITE ADR5117512CG 1X12-12' CASTLE GATE - LANDMARK AZEK P,Parksite ADR5117512CG 1x12-12' Castle Gate - Landmark Azek PVC Fascia,Parksite 1x12-12' Castle Gate - Landmark Azek PVC Fascia (MPN: ADR5117512CG) in the Tools > Industrial > General category.,Parksite 1x12-12' Castle Gate - Landmark Azek PVC Fascia (ADR5117512CG) in Industrial.,Parksite 1x12-12' Castle Gate - Landmark Azek PVC Fascia (ADR5117512CG) in Industrial.,,,,,,,,,,,,,,,,,,,,,,,,,,,,,,,,,,,,,,,,,,,,,,,,,,,,,,,,,,,,,,,,,,,,,,,,,,,,,,,,,,,,,,,,,,,,,,,,,,,,,,,,,,,,,,,,,,,,,,,,,,,,,,,,,,,,,,,,,,,,,,,,,,,,,,,,,,,,,,,,,,,,,,,,,,,,,,,,,,,,,,,,,,,,,,,,,,,,,,,,,,,,,,,,,,,,,,,,,,,,,,,No
,,,,,,,Tools,Industrial,General,,ADR5117512FW,1x12-12' French White Oak - Landmark Azek PVC Fascia,TIMBERTECH,-- No Unilog Brand --,-- No DIB Brand --,Parksite (6151),azek,Azek,,ADR5117512FW,ADR5117512FW,Tools > Industrial > General,Parksite ADR5117512FW 1x12-12' French White Oak - Landmark Azek PVC Fascia,PARKSITE ADR5117512FW 1X12-12' FRENCH WHITE OAK - LANDMARK A,Parksite ADR5117512FW 1x12-12' French White Oak - Landmark Azek PVC Fascia,Parksite 1x12-12' French White Oak - Landmark Azek PVC Fascia (MPN: ADR5117512FW) in the Tools > Industrial > General category.,Parksite 1x12-12' French White Oak - Landmark Azek PVC Fascia (ADR5117512FW) in Industrial.,Parksite 1x12-12' French White Oak - Landmark Azek PVC Fascia (ADR5117512FW) in Industrial.,,,,,,,,,,,,,,,,,,,,,,,,,,,,,,,,,,,,,,,,,,,,,,,,,,,,,,,,,,,,,,,,,,,,,,,,,,,,,,,,,,,,,,,,,,,,,,,,,,,,,,,,,,,,,,,,,,,,,,,,,,,,,,,,,,,,,,,,,,,,,,,,,,,,,,,,,,,,,,,,,,,,,,,,,,,,,,,,,,,,,,,,,,,,,,,,,,,,,,,,,,,,,,,,,,,,,,,,,,,,,,,No
,,,,,,,Tools,Industrial,General,,1508395,1x8-12' Brownstone - Harvest Azek PVC Fascia,TIMBERTECH,-- No Unilog Brand --,-- No DIB Brand --,Parksite (6151),azek,Azek,,1508395,1508395,Tools > Industrial > General,Parksite 1508395 1x8-12' Brownstone - Harvest Azek PVC Fascia,PARKSITE 1508395 1X8-12' BROWNSTONE - HARVEST AZEK PVC FASCI,Parksite 1508395 1x8-12' Brownstone - Harvest Azek PVC Fascia,Parksite 1x8-12' Brownstone - Harvest Azek PVC Fascia (MPN: 1508395) in the Tools > Industrial > General category.,Parksite 1x8-12' Brownstone - Harvest Azek PVC Fascia (1508395) in Industrial.,Parksite 1x8-12' Brownstone - Harvest Azek PVC Fascia (1508395) in Industrial.,,,,,,,,,,,,,,,,,,,,,,,,,,,,,,,,,,,,,,,,,,,,,,,,,,,,,,,,,,,,,,,,,,,,,,,,,,,,,,,,,,,,,,,,,,,,,,,,,,,,,,,,,,,,,,,,,,,,,,,,,,,,,,,,,,,,,,,,,,,,,,,,,,,,,,,,,,,,,,,,,,,,,,,,,,,,,,,,,,,,,,,,,,,,,,,,,,,,,,,,,,,,,,,,,,,,,,,,,,,,,,,No
,,,,,,,Tools,Industrial,General,,1508396,1x8-12' Slate Gray - Harvest Azek PVC Fascia,TIMBERTECH,-- No Unilog Brand --,-- No DIB Brand --,Parksite (6151),azek,Azek,,1508396,1508396,Tools > Industrial > General,Parksite 1508396 1x8-12' Slate Gray - Harvest Azek PVC Fascia,PARKSITE 1508396 1X8-12' SLATE GRAY - HARVEST AZEK PVC FASCI,Parksite 1508396 1x8-12' Slate Gray - Harvest Azek PVC Fascia,Parksite 1x8-12' Slate Gray - Harvest Azek PVC Fascia (MPN: 1508396) in the Tools > Industrial > General category.,Parksite 1x8-12' Slate Gray - Harvest Azek PVC Fascia (1508396) in Industrial.,Parksite 1x8-12' Slate Gray - Harvest Azek PVC Fascia (1508396) in Industrial.,,,,,,,,,,,,,,,,,,,,,,,,,,,,,,,,,,,,,,,,,,,,,,,,,,,,,,,,,,,,,,,,,,,,,,,,,,,,,,,,,,,,,,,,,,,,,,,,,,,,,,,,,,,,,,,,,,,,,,,,,,,,,,,,,,,,,,,,,,,,,,,,,,,,,,,,,,,,,,,,,,,,,,,,,,,,,,,,,,,,,,,,,,,,,,,,,,,,,,,,,,,,,,,,,,,,,,,,,,,,,,,No
,,,,,,,Tools,Industrial,General,,ADCR5117512BS,1x12-12' Brownstone - Harvest Azek PVC Fascia,TIMBERTECH,-- No Unilog Brand --,-- No DIB Brand --,Parksite (6151),azek,Azek,,ADCR5117512BS,ADCR5117512BS,Tools > Industrial > General,Parksite ADCR5117512BS 1x12-12' Brownstone - Harvest Azek PVC Fascia,PARKSITE ADCR5117512BS 1X12-12' BROWNSTONE - HARVEST AZEK PV,Parksite ADCR5117512BS 1x12-12' Brownstone - Harvest Azek PVC Fascia,Parksite 1x12-12' Brownstone - Harvest Azek PVC Fascia (MPN: ADCR5117512BS) in the Tools > Industrial > General category.,Parksite 1x12-12' Brownstone - Harvest Azek PVC Fascia (ADCR5117512BS) in Industrial.,Parksite 1x12-12' Brownstone - Harvest Azek PVC Fascia (ADCR5117512BS) in Industrial.,,,,,,,,,,,,,,,,,,,,,,,,,,,,,,,,,,,,,,,,,,,,,,,,,,,,,,,,,,,,,,,,,,,,,,,,,,,,,,,,,,,,,,,,,,,,,,,,,,,,,,,,,,,,,,,,,,,,,,,,,,,,,,,,,,,,,,,,,,,,,,,,,,,,,,,,,,,,,,,,,,,,,,,,,,,,,,,,,,,,,,,,,,,,,,,,,,,,,,,,,,,,,,,,,,,,,,,,,,,,,,,No
,,,,,,,Tools,Industrial,General,,ADCR5117512SG,1x12-12' Slate Gray - Harvest Azek PVC Fascia,TIMBERTECH,-- No Unilog Brand --,-- No DIB Brand --,Parksite (6151),azek,Azek,,ADCR5117512SG,ADCR5117512SG,Tools > Industrial > General,Parksite ADCR5117512SG 1x12-12' Slate Gray - Harvest Azek PVC Fascia,PARKSITE ADCR5117512SG 1X12-12' SLATE GRAY - HARVEST AZEK PV,Parksite ADCR5117512SG 1x12-12' Slate Gray - Harvest Azek PVC Fascia,Parksite 1x12-12' Slate Gray - Harvest Azek PVC Fascia (MPN: ADCR5117512SG) in the Tools > Industrial > General category.,Parksite 1x12-12' Slate Gray - Harvest Azek PVC Fascia (ADCR5117512SG) in Industrial.,Parksite 1x12-12' Slate Gray - Harvest Azek PVC Fascia (ADCR5117512SG) in Industrial.,,,,,,,,,,,,,,,,,,,,,,,,,,,,,,,,,,,,,,,,,,,,,,,,,,,,,,,,,,,,,,,,,,,,,,,,,,,,,,,,,,,,,,,,,,,,,,,,,,,,,,,,,,,,,,,,,,,,,,,,,,,,,,,,,,,,,,,,,,,,,,,,,,,,,,,,,,,,,,,,,,,,,,,,,,,,,,,,,,,,,,,,,,,,,,,,,,,,,,,,,,,,,,,,,,,,,,,,,,,,,,,No
,,,,,,,Tools,Industrial,General,,543140908,1x8-12' Biscayne - Trex Lineage,TREX,-- No Unilog Brand --,-- No DIB Brand --,U S Lumber (3073),trex,Trex,,543140908,543140908,Tools > Industrial > General,U S Lumber 543140908 1x8-12' Biscayne - Trex Lineage,U S LUMBER 543140908 1X8-12' BISCAYNE - TREX LINEAGE,U S Lumber 543140908 1x8-12' Biscayne - Trex Lineage,U S Lumber 1x8-12' Biscayne - Trex Lineage (MPN: 543140908) in the Tools > Industrial > General category.,U S Lumber 1x8-12' Biscayne - Trex Lineage (543140908) in Industrial.,U S Lumber 1x8-12' Biscayne - Trex Lineage (543140908) in Industrial.,,,,,,,,,,,,,,,,,,,,,,,,,,,,,,,,,,,,,,,,,,,,,,,,,,,,,,,,,,,,,,,,,,,,,,,,,,,,,,,,,,,,,,,,,,,,,,,,,,,,,,,,,,,,,,,,,,,,,,,,,,,,,,,,,,,,,,,,,,,,,,,,,,,,,,,,,,,,,,,,,,,,,,,,,,,,,,,,,,,,,,,,,,,,,,,,,,,,,,,,,,,,,,,,,,,,,,,,,,,,,,,No
,,,,,,,Tools,Industrial,General,,543142908,1x8-12' Carmel - Trex Lineage,TREX,-- No Unilog Brand --,-- No DIB Brand --,U S Lumber (3073),trex,Trex,,543142908,543142908,Tools > Industrial > General,U S Lumber 543142908 1x8-12' Carmel - Trex Lineage,U S LUMBER 543142908 1X8-12' CARMEL - TREX LINEAGE,U S Lumber 543142908 1x8-12' Carmel - Trex Lineage,U S Lumber 1x8-12' Carmel - Trex Lineage (MPN: 543142908) in the Tools > Industrial > General category.,U S Lumber 1x8-12' Carmel - Trex Lineage (543142908) in Industrial.,U S Lumber 1x8-12' Carmel - Trex Lineage (543142908) in Industrial.,,,,,,,,,,,,,,,,,,,,,,,,,,,,,,,,,,,,,,,,,,,,,,,,,,,,,,,,,,,,,,,,,,,,,,,,,,,,,,,,,,,,,,,,,,,,,,,,,,,,,,,,,,,,,,,,,,,,,,,,,,,,,,,,,,,,,,,,,,,,,,,,,,,,,,,,,,,,,,,,,,,,,,,,,,,,,,,,,,,,,,,,,,,,,,,,,,,,,,,,,,,,,,,,,,,,,,,,,,,,,,,No
,,,,,,,Tools,Industrial,General,,543143908,1x8-12' Jasper - Trex Lineage,TREX,-- No Unilog Brand --,-- No DIB Brand --,U S Lumber (3073),trex,Trex,,543143908,543143908,Tools > Industrial > General,U S Lumber 543143908 1x8-12' Jasper - Trex Lineage,U S LUMBER 543143908 1X8-12' JASPER - TREX LINEAGE,U S Lumber 543143908 1x8-12' Jasper - Trex Lineage,U S Lumber 1x8-12' Jasper - Trex Lineage (MPN: 543143908) in the Tools > Industrial > General category.,U S Lumber 1x8-12' Jasper - Trex Lineage (543143908) in Industrial.,U S Lumber 1x8-12' Jasper - Trex Lineage (543143908) in Industrial.,,,,,,,,,,,,,,,,,,,,,,,,,,,,,,,,,,,,,,,,,,,,,,,,,,,,,,,,,,,,,,,,,,,,,,,,,,,,,,,,,,,,,,,,,,,,,,,,,,,,,,,,,,,,,,,,,,,,,,,,,,,,,,,,,,,,,,,,,,,,,,,,,,,,,,,,,,,,,,,,,,,,,,,,,,,,,,,,,,,,,,,,,,,,,,,,,,,,,,,,,,,,,,,,,,,,,,,,,,,,,,,No
,,,,,,,Tools,Industrial,General,,543140912,1x12-12' Biscayne - Trex Lineage,TREX,-- No Unilog Brand --,-- No DIB Brand --,U S Lumber (3073),trex,Trex,,543140912,543140912,Tools > Industrial > General,U S Lumber 543140912 1x12-12' Biscayne - Trex Lineage,U S LUMBER 543140912 1X12-12' BISCAYNE - TREX LINEAGE,U S Lumber 543140912 1x12-12' Biscayne - Trex Lineage,U S Lumber 1x12-12' Biscayne - Trex Lineage (MPN: 543140912) in the Tools > Industrial > General category.,U S Lumber 1x12-12' Biscayne - Trex Lineage (543140912) in Industrial.,U S Lumber 1x12-12' Biscayne - Trex Lineage (543140912) in Industrial.,,,,,,,,,,,,,,,,,,,,,,,,,,,,,,,,,,,,,,,,,,,,,,,,,,,,,,,,,,,,,,,,,,,,,,,,,,,,,,,,,,,,,,,,,,,,,,,,,,,,,,,,,,,,,,,,,,,,,,,,,,,,,,,,,,,,,,,,,,,,,,,,,,,,,,,,,,,,,,,,,,,,,,,,,,,,,,,,,,,,,,,,,,,,,,,,,,,,,,,,,,,,,,,,,,,,,,,,,,,,,,,No
,,,,,,,Tools,Industrial,General,,543142912,1x12-12' Carmel - Trex Lineage,TREX,-- No Unilog Brand --,-- No DIB Brand --,U S Lumber (3073),trex,Trex,,543142912,543142912,Tools > Industrial > General,U S Lumber 543142912 1x12-12' Carmel - Trex Lineage,U S LUMBER 543142912 1X12-12' CARMEL - TREX LINEAGE,U S Lumber 543142912 1x12-12' Carmel - Trex Lineage,U S Lumber 1x12-12' Carmel - Trex Lineage (MPN: 543142912) in the Tools > Industrial > General category.,U S Lumber 1x12-12' Carmel - Trex Lineage (543142912) in Industrial.,U S Lumber 1x12-12' Carmel - Trex Lineage (543142912) in Industrial.,,,,,,,,,,,,,,,,,,,,,,,,,,,,,,,,,,,,,,,,,,,,,,,,,,,,,,,,,,,,,,,,,,,,,,,,,,,,,,,,,,,,,,,,,,,,,,,,,,,,,,,,,,,,,,,,,,,,,,,,,,,,,,,,,,,,,,,,,,,,,,,,,,,,,,,,,,,,,,,,,,,,,,,,,,,,,,,,,,,,,,,,,,,,,,,,,,,,,,,,,,,,,,,,,,,,,,,,,,,,,,,No
,,,,,,,Tools,Industrial,General,,543143912,1x12-12' Jasper - Trex Lineage,TREX,-- No Unilog Brand --,-- No DIB Brand --,U S Lumber (3073),trex,Trex,,543143912,543143912,Tools > Industrial > General,U S Lumber 543143912 1x12-12' Jasper - Trex Lineage,U S LUMBER 543143912 1X12-12' JASPER - TREX LINEAGE,U S Lumber 543143912 1x12-12' Jasper - Trex Lineage,U S Lumber 1x12-12' Jasper - Trex Lineage (MPN: 543143912) in the Tools > Industrial > General category.,U S Lumber 1x12-12' Jasper - Trex Lineage (543143912) in Industrial.,U S Lumber 1x12-12' Jasper - Trex Lineage (543143912) in Industrial.,,,,,,,,,,,,,,,,,,,,,,,,,,,,,,,,,,,,,,,,,,,,,,,,,,,,,,,,,,,,,,,,,,,,,,,,,,,,,,,,,,,,,,,,,,,,,,,,,,,,,,,,,,,,,,,,,,,,,,,,,,,,,,,,,,,,,,,,,,,,,,,,,,,,,,,,,,,,,,,,,,,,,,,,,,,,,,,,,,,,,,,,,,,,,,,,,,,,,,,,,,,,,,,,,,,,,,,,,,,,,,,No
,,,,,,,Tools,Industrial,General,,1513715,1x12-12' Hatteras - Trex Lineage,TREX,-- No Unilog Brand --,-- No DIB Brand --,Boise Cascade Building Materials (BOICA),trex,Trex,,1513715,1513715,Tools > Industrial > General,Boise Cascade Building Materials 1513715 1x12-12' Hatteras - Trex Lineage,BOISE CASCADE BUILDING MATERIALS 1513715 1X12-12' HATTERAS -,Boise Cascade Building Materials 1513715 1x12-12' Hatteras - Trex Lineage,Boise Cascade Building Materials 1x12-12' Hatteras - Trex Lineage (MPN: 1513715) in the Tools > Industrial > General category.,Boise Cascade Building Materials 1x12-12' Hatteras - Trex Lineage (1513715) in Industrial.,Boise Cascade Building Materials 1x12-12' Hatteras - Trex Lineage (1513715) in Industrial.,,,,,,,,,,,,,,,,,,,,,,,,,,,,,,,,,,,,,,,,,,,,,,,,,,,,,,,,,,,,,,,,,,,,,,,,,,,,,,,,,,,,,,,,,,,,,,,,,,,,,,,,,,,,,,,,,,,,,,,,,,,,,,,,,,,,,,,,,,,,,,,,,,,,,,,,,,,,,,,,,,,,,,,,,,,,,,,,,,,,,,,,,,,,,,,,,,,,,,,,,,,,,,,,,,,,,,,,,,,,,,,No
,,,,,,,Tools,Industrial,General,,1513716,1x12-12' Salt Flat - Trex Lineage,TREX,-- No Unilog Brand --,-- No DIB Brand --,Boise Cascade Building Materials (BOICA),trex,Trex,,1513716,1513716,Tools > Industrial > General,Boise Cascade Building Materials 1513716 1x12-12' Salt Flat - Trex Lineage,BOISE CASCADE BUILDING MATERIALS 1513716 1X12-12' SALT FLAT,Boise Cascade Building Materials 1513716 1x12-12' Salt Flat - Trex Lineage,Boise Cascade Building Materials 1x12-12' Salt Flat - Trex Lineage (MPN: 1513716) in the Tools > Industrial > General category.,Boise Cascade Building Materials 1x12-12' Salt Flat - Trex Lineage (1513716) in Industrial.,Boise Cascade Building Materials 1x12-12' Salt Flat - Trex Lineage (1513716) in Industrial.,,,,,,,,,,,,,,,,,,,,,,,,,,,,,,,,,,,,,,,,,,,,,,,,,,,,,,,,,,,,,,,,,,,,,,,,,,,,,,,,,,,,,,,,,,,,,,,,,,,,,,,,,,,,,,,,,,,,,,,,,,,,,,,,,,,,,,,,,,,,,,,,,,,,,,,,,,,,,,,,,,,,,,,,,,,,,,,,,,,,,,,,,,,,,,,,,,,,,,,,,,,,,,,,,,,,,,,,,,,,,,,No
,,,,,,,Tools,Industrial,General,,1513722,1x8-12' Honey Grove - Trex Enhance Naturals Fascia,TREX,-- No Unilog Brand --,-- No DIB Brand --,Boise Cascade Building Materials (BOICA),trex,Trex,,1513722,1513722,Tools > Industrial > General,Boise Cascade Building Materials 1513722 1x8-12' Honey Grove - Trex Enhance Naturals Fascia,BOISE CASCADE BUILDING MATERIALS 1513722 1X8-12' HONEY GROVE,Boise Cascade Building Materials 1513722 1x8-12' Honey Grove - Trex Enhance Naturals Fascia,Boise Cascade Building Materials 1x8-12' Honey Grove - Trex Enhance Naturals Fascia (MPN: 1513722) in the Tools > Industrial > General category.,Boise Cascade Building Materials 1x8-12' Honey Grove - Trex Enhance Naturals Fascia (1513722) in Industrial.,Boise Cascade Building Materials 1x8-12' Honey Grove - Trex Enhance Naturals Fascia (1513722) in Industrial.,,,,,,,,,,,,,,,,,,,,,,,,,,,,,,,,,,,,,,,,,,,,,,,,,,,,,,,,,,,,,,,,,,,,,,,,,,,,,,,,,,,,,,,,,,,,,,,,,,,,,,,,,,,,,,,,,,,,,,,,,,,,,,,,,,,,,,,,,,,,,,,,,,,,,,,,,,,,,,,,,,,,,,,,,,,,,,,,,,,,,,,,,,,,,,,,,,,,,,,,,,,,,,,,,,,,,,,,,,,,,,,No
,,,,,,,Tools,Industrial,General,,1513723,1x12-12' Honey Grove - Trex Enhance Naturals Fascia,TREX,-- No Unilog Brand --,-- No DIB Brand --,Boise Cascade Building Materials (BOICA),trex,Trex,,1513723,1513723,Tools > Industrial > General,Boise Cascade Building Materials 1513723 1x12-12' Honey Grove - Trex Enhance Naturals Fascia,BOISE CASCADE BUILDING MATERIALS 1513723 1X12-12' HONEY GROV,Boise Cascade Building Materials 1513723 1x12-12' Honey Grove - Trex Enhance Naturals Fascia,Boise Cascade Building Materials 1x12-12' Honey Grove - Trex Enhance Naturals Fascia (MPN: 1513723) in the Tools > Industrial > General category.,Boise Cascade Building Materials 1x12-12' Honey Grove - Trex Enhance Naturals Fascia (1513723) in Industrial.,Boise Cascade Building Materials 1x12-12' Honey Grove - Trex Enhance Naturals Fascia (1513723) in Industrial.,,,,,,,,,,,,,,,,,,,,,,,,,,,,,,,,,,,,,,,,,,,,,,,,,,,,,,,,,,,,,,,,,,,,,,,,,,,,,,,,,,,,,,,,,,,,,,,,,,,,,,,,,,,,,,,,,,,,,,,,,,,,,,,,,,,,,,,,,,,,,,,,,,,,,,,,,,,,,,,,,,,,,,,,,,,,,,,,,,,,,,,,,,,,,,,,,,,,,,,,,,,,,,,,,,,,,,,,,,,,,,,No
,,,,,,,Tools,Industrial,General,,1513729,1x8-12' Tide Pool - Trex Enhance Basics Fascia,TREX,-- No Unilog Brand --,-- No DIB Brand --,Boise Cascade Building Materials (BOICA),trex,Trex,,1513729,1513729,Tools > Industrial > General,Boise Cascade Building Materials 1513729 1x8-12' Tide Pool - Trex Enhance Basics Fascia,BOISE CASCADE BUILDING MATERIALS 1513729 1X8-12' TIDE POOL -,Boise Cascade Building Materials 1513729 1x8-12' Tide Pool - Trex Enhance Basics Fascia,Boise Cascade Building Materials 1x8-12' Tide Pool - Trex Enhance Basics Fascia (MPN: 1513729) in the Tools > Industrial > General category.,Boise Cascade Building Materials 1x8-12' Tide Pool - Trex Enhance Basics Fascia (1513729) in Industrial.,Boise Cascade Building Materials 1x8-12' Tide Pool - Trex Enhance Basics Fascia (1513729) in Industrial.,,,,,,,,,,,,,,,,,,,,,,,,,,,,,,,,,,,,,,,,,,,,,,,,,,,,,,,,,,,,,,,,,,,,,,,,,,,,,,,,,,,,,,,,,,,,,,,,,,,,,,,,,,,,,,,,,,,,,,,,,,,,,,,,,,,,,,,,,,,,,,,,,,,,,,,,,,,,,,,,,,,,,,,,,,,,,,,,,,,,,,,,,,,,,,,,,,,,,,,,,,,,,,,,,,,,,,,,,,,,,,,No
,,,,,,,Tools,Industrial,General,,1513730,1x12-12' Tide Pool - Trex Enhance Basics Fascia,TREX,-- No Unilog Brand --,-- No DIB Brand --,Boise Cascade Building Materials (BOICA),trex,Trex,,1513730,1513730,Tools > Industrial > General,Boise Cascade Building Materials 1513730 1x12-12' Tide Pool - Trex Enhance Basics Fascia,BOISE CASCADE BUILDING MATERIALS 1513730 1X12-12' TIDE POOL,Boise Cascade Building Materials 1513730 1x12-12' Tide Pool - Trex Enhance Basics Fascia,Boise Cascade Building Materials 1x12-12' Tide Pool - Trex Enhance Basics Fascia (MPN: 1513730) in the Tools > Industrial > General category.,Boise Cascade Building Materials 1x12-12' Tide Pool - Trex Enhance Basics Fascia (1513730) in Industrial.,Boise Cascade Building Materials 1x12-12' Tide Pool - Trex Enhance Basics Fascia (1513730) in Industrial.,,,,,,,,,,,,,,,,,,,,,,,,,,,,,,,,,,,,,,,,,,,,,,,,,,,,,,,,,,,,,,,,,,,,,,,,,,,,,,,,,,,,,,,,,,,,,,,,,,,,,,,,,,,,,,,,,,,,,,,,,,,,,,,,,,,,,,,,,,,,,,,,,,,,,,,,,,,,,,,,,,,,,,,,,,,,,,,,,,,,,,,,,,,,,,,,,,,,,,,,,,,,,,,,,,,,,,,,,,,,,,,No
,,,,,,,Tools,Industrial,General,,543076916,1x8-12' Cinnamon Cove - Trex Enhance Naturals Fascia,TREX,-- No Unilog Brand --,-- No DIB Brand --,Boise Cascade Building Materials (BOICA),trex,Trex,,543076916,543076916,Tools > Industrial > General,Boise Cascade Building Materials 543076916 1x8-12' Cinnamon Cove - Trex Enhance Naturals Fascia,BOISE CASCADE BUILDING MATERIALS 543076916 1X8-12' CINNAMON,Boise Cascade Building Materials 543076916 1x8-12' Cinnamon Cove - Trex Enhance Naturals Fascia,Boise Cascade Building Materials 1x8-12' Cinnamon Cove - Trex Enhance Naturals Fascia (MPN: 543076916) in the Tools > Industrial > General category.,Boise Cascade Building Materials 1x8-12' Cinnamon Cove - Trex Enhance Naturals Fascia (543076916) in Industrial.,Boise Cascade Building Materials 1x8-12' Cinnamon Cove - Trex Enhance Naturals Fascia (543076916) in Industrial.,,,,,,,,,,,,,,,,,,,,,,,,,,,,,,,,,,,,,,,,,,,,,,,,,,,,,,,,,,,,,,,,,,,,,,,,,,,,,,,,,,,,,,,,,,,,,,,,,,,,,,,,,,,,,,,,,,,,,,,,,,,,,,,,,,,,,,,,,,,,,,,,,,,,,,,,,,,,,,,,,,,,,,,,,,,,,,,,,,,,,,,,,,,,,,,,,,,,,,,,,,,,,,,,,,,,,,,,,,,,,,,No
,,,,,,,Tools,Industrial,General,,1516876,1x8-12' Golden Hour - Trex Enhance Naturals Fascia,TREX,-- No Unilog Brand --,-- No DIB Brand --,Boise Cascade Building Materials (BOICA),trex,Trex,,1516876,1516876,Tools > Industrial > General,Boise Cascade Building Materials 1516876 1x8-12' Golden Hour - Trex Enhance Naturals Fascia,BOISE CASCADE BUILDING MATERIALS 1516876 1X8-12' GOLDEN HOUR,Boise Cascade Building Materials 1516876 1x8-12' Golden Hour - Trex Enhance Naturals Fascia,Boise Cascade Building Materials 1x8-12' Golden Hour - Trex Enhance Naturals Fascia (MPN: 1516876) in the Tools > Industrial > General category.,Boise Cascade Building Materials 1x8-12' Golden Hour - Trex Enhance Naturals Fascia (1516876) in Industrial.,Boise Cascade Building Materials 1x8-12' Golden Hour - Trex Enhance Naturals Fascia (1516876) in Industrial.,,,,,,,,,,,,,,,,,,,,,,,,,,,,,,,,,,,,,,,,,,,,,,,,,,,,,,,,,,,,,,,,,,,,,,,,,,,,,,,,,,,,,,,,,,,,,,,,,,,,,,,,,,,,,,,,,,,,,,,,,,,,,,,,,,,,,,,,,,,,,,,,,,,,,,,,,,,,,,,,,,,,,,,,,,,,,,,,,,,,,,,,,,,,,,,,,,,,,,,,,,,,,,,,,,,,,,,,,,,,,,,No
,,,,,,,Tools,Industrial,General,,543076936,1x12-12' Cinnamon Cove - Trex Enhance Naturals Fascia,TREX,-- No Unilog Brand --,-- No DIB Brand --,Boise Cascade Building Materials (BOICA),trex,Trex,,543076936,543076936,Tools > Industrial > General,Boise Cascade Building Materials 543076936 1x12-12' Cinnamon Cove - Trex Enhance Naturals Fascia,BOISE CASCADE BUILDING MATERIALS 543076936 1X12-12' CINNAMON,Boise Cascade Building Materials 543076936 1x12-12' Cinnamon Cove - Trex Enhance Naturals Fascia,Boise Cascade Building Materials 1x12-12' Cinnamon Cove - Trex Enhance Naturals Fascia (MPN: 543076936) in the Tools > Industrial > General category.,Boise Cascade Building Materials 1x12-12' Cinnamon Cove - Trex Enhance Naturals Fascia (543076936) in Industrial.,Boise Cascade Building Materials 1x12-12' Cinnamon Cove - Trex Enhance Naturals Fascia (543076936) in Industrial.,,,,,,,,,,,,,,,,,,,,,,,,,,,,,,,,,,,,,,,,,,,,,,,,,,,,,,,,,,,,,,,,,,,,,,,,,,,,,,,,,,,,,,,,,,,,,,,,,,,,,,,,,,,,,,,,,,,,,,,,,,,,,,,,,,,,,,,,,,,,,,,,,,,,,,,,,,,,,,,,,,,,,,,,,,,,,,,,,,,,,,,,,,,,,,,,,,,,,,,,,,,,,,,,,,,,,,,,,,,,,,,No
,,,,,,,Tools,Industrial,General,,1516878,1x12-12' Golden Hour - Trex Enhance Naturals Fascia,TREX,-- No Unilog Brand --,-- No DIB Brand --,Boise Cascade Building Materials (BOICA),trex,Trex,,1516878,1516878,Tools > Industrial > General,Boise Cascade Building Materials 1516878 1x12-12' Golden Hour - Trex Enhance Naturals Fascia,BOISE CASCADE BUILDING MATERIALS 1516878 1X12-12' GOLDEN HOU,Boise Cascade Building Materials 1516878 1x12-12' Golden Hour - Trex Enhance Naturals Fascia,Boise Cascade Building Materials 1x12-12' Golden Hour - Trex Enhance Naturals Fascia (MPN: 1516878) in the Tools > Industrial > General category.,Boise Cascade Building Materials 1x12-12' Golden Hour - Trex Enhance Naturals Fascia (1516878) in Industrial.,Boise Cascade Building Materials 1x12-12' Golden Hour - Trex Enhance Naturals Fascia (1516878) in Industrial.,,,,,,,,,,,,,,,,,,,,,,,,,,,,,,,,,,,,,,,,,,,,,,,,,,,,,,,,,,,,,,,,,,,,,,,,,,,,,,,,,,,,,,,,,,,,,,,,,,,,,,,,,,,,,,,,,,,,,,,,,,,,,,,,,,,,,,,,,,,,,,,,,,,,,,,,,,,,,,,,,,,,,,,,,,,,,,,,,,,,,,,,,,,,,,,,,,,,,,,,,,,,,,,,,,,,,,,,,,,,,,,No
,,,,,,,Tools,Industrial,General,,1516884,1x8-12' Pebble Beach - Trex Enhance Basics Fascia,TREX,-- No Unilog Brand --,-- No DIB Brand --,Boise Cascade Building Materials (BOICA),trex,Trex,,1516884,1516884,Tools > Industrial > General,Boise Cascade Building Materials 1516884 1x8-12' Pebble Beach - Trex Enhance Basics Fascia,BOISE CASCADE BUILDING MATERIALS 1516884 1X8-12' PEBBLE BEAC,Boise Cascade Building Materials 1516884 1x8-12' Pebble Beach - Trex Enhance Basics Fascia,Boise Cascade Building Materials 1x8-12' Pebble Beach - Trex Enhance Basics Fascia (MPN: 1516884) in the Tools > Industrial > General category.,Boise Cascade Building Materials 1x8-12' Pebble Beach - Trex Enhance Basics Fascia (1516884) in Industrial.,Boise Cascade Building Materials 1x8-12' Pebble Beach - Trex Enhance Basics Fascia (1516884) in Industrial.,,,,,,,,,,,,,,,,,,,,,,,,,,,,,,,,,,,,,,,,,,,,,,,,,,,,,,,,,,,,,,,,,,,,,,,,,,,,,,,,,,,,,,,,,,,,,,,,,,,,,,,,,,,,,,,,,,,,,,,,,,,,,,,,,,,,,,,,,,,,,,,,,,,,,,,,,,,,,,,,,,,,,,,,,,,,,,,,,,,,,,,,,,,,,,,,,,,,,,,,,,,,,,,,,,,,,,,,,,,,,,,No
,,,,,,,Tools,Industrial,General,,1516885,1x12-12' Pebble Beach - Trex Enhance Basics Fascia,TREX,-- No Unilog Brand --,-- No DIB Brand --,Boise Cascade Building Materials (BOICA),trex,Trex,,1516885,1516885,Tools > Industrial > General,Boise Cascade Building Materials 1516885 1x12-12' Pebble Beach - Trex Enhance Basics Fascia,BOISE CASCADE BUILDING MATERIALS 1516885 1X12-12' PEBBLE BEA,Boise Cascade Building Materials 1516885 1x12-12' Pebble Beach - Trex Enhance Basics Fascia,Boise Cascade Building Materials 1x12-12' Pebble Beach - Trex Enhance Basics Fascia (MPN: 1516885) in the Tools > Industrial > General category.,Boise Cascade Building Materials 1x12-12' Pebble Beach - Trex Enhance Basics Fascia (1516885) in Industrial.,Boise Cascade Building Materials 1x12-12' Pebble Beach - Trex Enhance Basics Fascia (1516885) in Industrial.,,,,,,,,,,,,,,,,,,,,,,,,,,,,,,,,,,,,,,,,,,,,,,,,,,,,,,,,,,,,,,,,,,,,,,,,,,,,,,,,,,,,,,,,,,,,,,,,,,,,,,,,,,,,,,,,,,,,,,,,,,,,,,,,,,,,,,,,,,,,,,,,,,,,,,,,,,,,,,,,,,,,,,,,,,,,,,,,,,,,,,,,,,,,,,,,,,,,,,,,,,,,,,,,,,,,,,,,,,,,,,,No
,,,,,,,Tools,Industrial,General,,543005916,1x8-12' Malted Barley - Trex Select 2.0 Fascia,TREX,-- No Unilog Brand --,-- No DIB Brand --,Boise Cascade Building Materials (BOICA),trex,Trex,,543005916,543005916,Tools > Industrial > General,Boise Cascade Building Materials 543005916 1x8-12' Malted Barley - Trex Select 2.0 Fascia,BOISE CASCADE BUILDING MATERIALS 543005916 1X8-12' MALTED BA,Boise Cascade Building Materials 543005916 1x8-12' Malted Barley - Trex Select 2.0 Fascia,Boise Cascade Building Materials 1x8-12' Malted Barley - Trex Select 2.0 Fascia (MPN: 543005916) in the Tools > Industrial > General category.,Boise Cascade Building Materials 1x8-12' Malted Barley - Trex Select 2.0 Fascia (543005916) in Industrial.,Boise Cascade Building Materials 1x8-12' Malted Barley - Trex Select 2.0 Fascia (543005916) in Industrial.,,,,,,,,,,,,,,,,,,,,,,,,,,,,,,,,,,,,,,,,,,,,,,,,,,,,,,,,,,,,,,,,,,,,,,,,,,,,,,,,,,,,,,,,,,,,,,,,,,,,,,,,,,,,,,,,,,,,,,,,,,,,,,,,,,,,,,,,,,,,,,,,,,,,,,,,,,,,,,,,,,,,,,,,,,,,,,,,,,,,,,,,,,,,,,,,,,,,,,,,,,,,,,,,,,,,,,,,,,,,,,,No
,,,,,,,Tools,Industrial,General,,1516902,1x8-12' Millstone - Trex Select 2.0 Fascia,TREX,-- No Unilog Brand --,-- No DIB Brand --,Boise Cascade Building Materials (BOICA),trex,Trex,,1516902,1516902,Tools > Industrial > General,Boise Cascade Building Materials 1516902 1x8-12' Millstone - Trex Select 2.0 Fascia,BOISE CASCADE BUILDING MATERIALS 1516902 1X8-12' MILLSTONE -,Boise Cascade Building Materials 1516902 1x8-12' Millstone - Trex Select 2.0 Fascia,Boise Cascade Building Materials 1x8-12' Millstone - Trex Select 2.0 Fascia (MPN: 1516902) in the Tools > Industrial > General category.,Boise Cascade Building Materials 1x8-12' Millstone - Trex Select 2.0 Fascia (1516902) in Industrial.,Boise Cascade Building Materials 1x8-12' Millstone - Trex Select 2.0 Fascia (1516902) in Industrial.,,,,,,,,,,,,,,,,,,,,,,,,,,,,,,,,,,,,,,,,,,,,,,,,,,,,,,,,,,,,,,,,,,,,,,,,,,,,,,,,,,,,,,,,,,,,,,,,,,,,,,,,,,,,,,,,,,,,,,,,,,,,,,,,,,,,,,,,,,,,,,,,,,,,,,,,,,,,,,,,,,,,,,,,,,,,,,,,,,,,,,,,,,,,,,,,,,,,,,,,,,,,,,,,,,,,,,,,,,,,,,,No
,,,,,,,Tools,Industrial,General,,543007916,1x8-12' Whiskey Barrel - Trex Select 2.0 Fascia,TREX,-- No Unilog Brand --,-- No DIB Brand --,Boise Cascade Building Materials (BOICA),trex,Trex,,543007916,543007916,Tools > Industrial > General,Boise Cascade Building Materials 543007916 1x8-12' Whiskey Barrel - Trex Select 2.0 Fascia,BOISE CASCADE BUILDING MATERIALS 543007916 1X8-12' WHISKEY B,Boise Cascade Building Materials 543007916 1x8-12' Whiskey Barrel - Trex Select 2.0 Fascia,Boise Cascade Building Materials 1x8-12' Whiskey Barrel - Trex Select 2.0 Fascia (MPN: 543007916) in the Tools > Industrial > General category.,Boise Cascade Building Materials 1x8-12' Whiskey Barrel - Trex Select 2.0 Fascia (543007916) in Industrial.,Boise Cascade Building Materials 1x8-12' Whiskey Barrel - Trex Select 2.0 Fascia (543007916) in Industrial.,,,,,,,,,,,,,,,,,,,,,,,,,,,,,,,,,,,,,,,,,,,,,,,,,,,,,,,,,,,,,,,,,,,,,,,,,,,,,,,,,,,,,,,,,,,,,,,,,,,,,,,,,,,,,,,,,,,,,,,,,,,,,,,,,,,,,,,,,,,,,,,,,,,,,,,,,,,,,,,,,,,,,,,,,,,,,,,,,,,,,,,,,,,,,,,,,,,,,,,,,,,,,,,,,,,,,,,,,,,,,,,No
,,,,,,,Tools,Industrial,General,,543005936,1x12-12' Malted Barley - Trex Select 2.0 Fascia,TREX,-- No Unilog Brand --,-- No DIB Brand --,Boise Cascade Building Materials (BOICA),trex,Trex,,543005936,543005936,Tools > Industrial > General,Boise Cascade Building Materials 543005936 1x12-12' Malted Barley - Trex Select 2.0 Fascia,BOISE CASCADE BUILDING MATERIALS 543005936 1X12-12' MALTED B,Boise Cascade Building Materials 543005936 1x12-12' Malted Barley - Trex Select 2.0 Fascia,Boise Cascade Building Materials 1x12-12' Malted Barley - Trex Select 2.0 Fascia (MPN: 543005936) in the Tools > Industrial > General category.,Boise Cascade Building Materials 1x12-12' Malted Barley - Trex Select 2.0 Fascia (543005936) in Industrial.,Boise Cascade Building Materials 1x12-12' Malted Barley - Trex Select 2.0 Fascia (543005936) in Industrial.,,,,,,,,,,,,,,,,,,,,,,,,,,,,,,,,,,,,,,,,,,,,,,,,,,,,,,,,,,,,,,,,,,,,,,,,,,,,,,,,,,,,,,,,,,,,,,,,,,,,,,,,,,,,,,,,,,,,,,,,,,,,,,,,,,,,,,,,,,,,,,,,,,,,,,,,,,,,,,,,,,,,,,,,,,,,,,,,,,,,,,,,,,,,,,,,,,,,,,,,,,,,,,,,,,,,,,,,,,,,,,,No
,,,,,,,Tools,Industrial,General,,1516905,1x12-12' Millstone - Trex Select 2.0 Fascia,TREX,-- No Unilog Brand --,-- No DIB Brand --,Boise Cascade Building Materials (BOICA),trex,Trex,,1516905,1516905,Tools > Industrial > General,Boise Cascade Building Materials 1516905 1x12-12' Millstone - Trex Select 2.0 Fascia,BOISE CASCADE BUILDING MATERIALS 1516905 1X12-12' MILLSTONE,Boise Cascade Building Materials 1516905 1x12-12' Millstone - Trex Select 2.0 Fascia,Boise Cascade Building Materials 1x12-12' Millstone - Trex Select 2.0 Fascia (MPN: 1516905) in the Tools > Industrial > General category.,Boise Cascade Building Materials 1x12-12' Millstone - Trex Select 2.0 Fascia (1516905) in Industrial.,Boise Cascade Building Materials 1x12-12' Millstone - Trex Select 2.0 Fascia (1516905) in Industrial.,,,,,,,,,,,,,,,,,,,,,,,,,,,,,,,,,,,,,,,,,,,,,,,,,,,,,,,,,,,,,,,,,,,,,,,,,,,,,,,,,,,,,,,,,,,,,,,,,,,,,,,,,,,,,,,,,,,,,,,,,,,,,,,,,,,,,,,,,,,,,,,,,,,,,,,,,,,,,,,,,,,,,,,,,,,,,,,,,,,,,,,,,,,,,,,,,,,,,,,,,,,,,,,,,,,,,,,,,,,,,,,No
,,,,,,,Tools,Industrial,General,,543007936,1x12-12' Whiskey Barrel - Trex Select 2.0 Fascia,TREX,-- No Unilog Brand --,-- No DIB Brand --,Boise Cascade Building Materials (BOICA),trex,Trex,,543007936,543007936,Tools > Industrial > General,Boise Cascade Building Materials 543007936 1x12-12' Whiskey Barrel - Trex Select 2.0 Fascia,BOISE CASCADE BUILDING MATERIALS 543007936 1X12-12' WHISKEY,Boise Cascade Building Materials 543007936 1x12-12' Whiskey Barrel - Trex Select 2.0 Fascia,Boise Cascade Building Materials 1x12-12' Whiskey Barrel - Trex Select 2.0 Fascia (MPN: 543007936) in the Tools > Industrial > General category.,Boise Cascade Building Materials 1x12-12' Whiskey Barrel - Trex Select 2.0 Fascia (543007936) in Industrial.,Boise Cascade Building Materials 1x12-12' Whiskey Barrel - Trex Select 2.0 Fascia (543007936) in Industrial.,,,,,,,,,,,,,,,,,,,,,,,,,,,,,,,,,,,,,,,,,,,,,,,,,,,,,,,,,,,,,,,,,,,,,,,,,,,,,,,,,,,,,,,,,,,,,,,,,,,,,,,,,,,,,,,,,,,,,,,,,,,,,,,,,,,,,,,,,,,,,,,,,,,,,,,,,,,,,,,,,,,,,,,,,,,,,,,,,,,,,,,,,,,,,,,,,,,,,,,,,,,,,,,,,,,,,,,,,,,,,,,No
,,,,,,,Tools,Industrial,General,,543144908,1x8-12' Island Mist - Trex Lineage,TREX,-- No Unilog Brand --,-- No DIB Brand --,U S Lumber (3073),trex,Trex,,543144908,543144908,Tools > Industrial > General,U S Lumber 543144908 1x8-12' Island Mist - Trex Lineage,U S LUMBER 543144908 1X8-12' ISLAND MIST - TREX LINEAGE,U S Lumber 543144908 1x8-12' Island Mist - Trex Lineage,U S Lumber 1x8-12' Island Mist - Trex Lineage (MPN: 543144908) in the Tools > Industrial > General category.,U S Lumber 1x8-12' Island Mist - Trex Lineage (543144908) in Industrial.,U S Lumber 1x8-12' Island Mist - Trex Lineage (543144908) in Industrial.,,,,,,,,,,,,,,,,,,,,,,,,,,,,,,,,,,,,,,,,,,,,,,,,,,,,,,,,,,,,,,,,,,,,,,,,,,,,,,,,,,,,,,,,,,,,,,,,,,,,,,,,,,,,,,,,,,,,,,,,,,,,,,,,,,,,,,,,,,,,,,,,,,,,,,,,,,,,,,,,,,,,,,,,,,,,,,,,,,,,,,,,,,,,,,,,,,,,,,,,,,,,,,,,,,,,,,,,,,,,,,,No
,,,,,,,Tools,Industrial,General,,543141908,1x8-12' Rainier - Trex Lineage,TREX,-- No Unilog Brand --,-- No DIB Brand --,U S Lumber (3073),trex,Trex,,543141908,543141908,Tools > Industrial > General,U S Lumber 543141908 1x8-12' Rainier - Trex Lineage,U S LUMBER 543141908 1X8-12' RAINIER - TREX LINEAGE,U S Lumber 543141908 1x8-12' Rainier - Trex Lineage,U S Lumber 1x8-12' Rainier - Trex Lineage (MPN: 543141908) in the Tools > Industrial > General category.,U S Lumber 1x8-12' Rainier - Trex Lineage (543141908) in Industrial.,U S Lumber 1x8-12' Rainier - Trex Lineage (543141908) in Industrial.,,,,,,,,,,,,,,,,,,,,,,,,,,,,,,,,,,,,,,,,,,,,,,,,,,,,,,,,,,,,,,,,,,,,,,,,,,,,,,,,,,,,,,,,,,,,,,,,,,,,,,,,,,,,,,,,,,,,,,,,,,,,,,,,,,,,,,,,,,,,,,,,,,,,,,,,,,,,,,,,,,,,,,,,,,,,,,,,,,,,,,,,,,,,,,,,,,,,,,,,,,,,,,,,,,,,,,,,,,,,,,,No
,,,,,,,Tools,Industrial,General,,543144912,1x12-12' Island Mist - Trex Lineage,TREX,-- No Unilog Brand --,-- No DIB Brand --,U S Lumber (3073),trex,Trex,,543144912,543144912,Tools > Industrial > General,U S Lumber 543144912 1x12-12' Island Mist - Trex Lineage,U S LUMBER 543144912 1X12-12' ISLAND MIST - TREX LINEAGE,U S Lumber 543144912 1x12-12' Island Mist - Trex Lineage,U S Lumber 1x12-12' Island Mist - Trex Lineage (MPN: 543144912) in the Tools > Industrial > General category.,U S Lumber 1x12-12' Island Mist - Trex Lineage (543144912) in Industrial.,U S Lumber 1x12-12' Island Mist - Trex Lineage (543144912) in Industrial.,,,,,,,,,,,,,,,,,,,,,,,,,,,,,,,,,,,,,,,,,,,,,,,,,,,,,,,,,,,,,,,,,,,,,,,,,,,,,,,,,,,,,,,,,,,,,,,,,,,,,,,,,,,,,,,,,,,,,,,,,,,,,,,,,,,,,,,,,,,,,,,,,,,,,,,,,,,,,,,,,,,,,,,,,,,,,,,,,,,,,,,,,,,,,,,,,,,,,,,,,,,,,,,,,,,,,,,,,,,,,,,No
,,,,,,,Tools,Industrial,General,,543141912,1x12-12' Rainier - Trex Lineage,TREX,-- No Unilog Brand --,-- No DIB Brand --,U S Lumber (3073),trex,Trex,,543141912,543141912,Tools > Industrial > General,U S Lumber 543141912 1x12-12' Rainier - Trex Lineage,U S LUMBER 543141912 1X12-12' RAINIER - TREX LINEAGE,U S Lumber 543141912 1x12-12' Rainier - Trex Lineage,U S Lumber 1x12-12' Rainier - Trex Lineage (MPN: 543141912) in the Tools > Industrial > General category.,U S Lumber 1x12-12' Rainier - Trex Lineage (543141912) in Industrial.,U S Lumber 1x12-12' Rainier - Trex Lineage (543141912) in Industrial.,,,,,,,,,,,,,,,,,,,,,,,,,,,,,,,,,,,,,,,,,,,,,,,,,,,,,,,,,,,,,,,,,,,,,,,,,,,,,,,,,,,,,,,,,,,,,,,,,,,,,,,,,,,,,,,,,,,,,,,,,,,,,,,,,,,,,,,,,,,,,,,,,,,,,,,,,,,,,,,,,,,,,,,,,,,,,,,,,,,,,,,,,,,,,,,,,,,,,,,,,,,,,,,,,,,,,,,,,,,,,,,No
,,,,,,,Tools,Industrial,General,,1513713,1x8-12' Hatteras - Trex Lineage,TREX,-- No Unilog Brand --,-- No DIB Brand --,Boise Cascade Building Materials (BOICA),trex,Trex,,1513713,1513713,Tools > Industrial > General,Boise Cascade Building Materials 1513713 1x8-12' Hatteras - Trex Lineage,BOISE CASCADE BUILDING MATERIALS 1513713 1X8-12' HATTERAS -,Boise Cascade Building Materials 1513713 1x8-12' Hatteras - Trex Lineage,Boise Cascade Building Materials 1x8-12' Hatteras - Trex Lineage (MPN: 1513713) in the Tools > Industrial > General category.,Boise Cascade Building Materials 1x8-12' Hatteras - Trex Lineage (1513713) in Industrial.,Boise Cascade Building Materials 1x8-12' Hatteras - Trex Lineage (1513713) in Industrial.,,,,,,,,,,,,,,,,,,,,,,,,,,,,,,,,,,,,,,,,,,,,,,,,,,,,,,,,,,,,,,,,,,,,,,,,,,,,,,,,,,,,,,,,,,,,,,,,,,,,,,,,,,,,,,,,,,,,,,,,,,,,,,,,,,,,,,,,,,,,,,,,,,,,,,,,,,,,,,,,,,,,,,,,,,,,,,,,,,,,,,,,,,,,,,,,,,,,,,,,,,,,,,,,,,,,,,,,,,,,,,,No
,,,,,,,Tools,Industrial,General,,1513714,1x8-12' Salt Flat - Trex Lineage,TREX,-- No Unilog Brand --,-- No DIB Brand --,Boise Cascade Building Materials (BOICA),trex,Trex,,1513714,1513714,Tools > Industrial > General,Boise Cascade Building Materials 1513714 1x8-12' Salt Flat - Trex Lineage,BOISE CASCADE BUILDING MATERIALS 1513714 1X8-12' SALT FLAT -,Boise Cascade Building Materials 1513714 1x8-12' Salt Flat - Trex Lineage,Boise Cascade Building Materials 1x8-12' Salt Flat - Trex Lineage (MPN: 1513714) in the Tools > Industrial > General category.,Boise Cascade Building Materials 1x8-12' Salt Flat - Trex Lineage (1513714) in Industrial.,Boise Cascade Building Materials 1x8-12' Salt Flat - Trex Lineage (1513714) in Industrial.,,,,,,,,,,,,,,,,,,,,,,,,,,,,,,,,,,,,,,,,,,,,,,,,,,,,,,,,,,,,,,,,,,,,,,,,,,,,,,,,,,,,,,,,,,,,,,,,,,,,,,,,,,,,,,,,,,,,,,,,,,,,,,,,,,,,,,,,,,,,,,,,,,,,,,,,,,,,,,,,,,,,,,,,,,,,,,,,,,,,,,,,,,,,,,,,,,,,,,,,,,,,,,,,,,,,,,,,,,,,,,,No
,,,,,,,Tools,Industrial,General,,73012503,4x4 Wh Heritage Post Trim RDI,-- Unbranded --,-- No Unilog Brand --,-- No DIB Brand --,-,,,,73012503,73012503,Tools > Industrial > General,73012503 4x4 Wh Heritage Post Trim RDI,73012503 4X4 WH HERITAGE POST TRIM RDI,73012503 4x4 Wh Heritage Post Trim RDI,4x4 Wh Heritage Post Trim RDI (MPN: 73012503) in the Tools > Industrial > General category.,4x4 Wh Heritage Post Trim RDI (73012503) in Industrial.,4x4 Wh Heritage Post Trim RDI (73012503) in Industrial.,,,,,,,,,,,,,,,,,,,,,,,,,,,,,,,,,,,,,,,,,,,,,,,,,,,,,,,,,,,,,,,,,,,,,,,,,,,,,,,,,,,,,,,,,,,,,,,,,,,,,,,,,,,,,,,,,,,,,,,,,,,,,,,,,,,,,,,,,,,,,,,,,,,,,,,,,,,,,,,,,,,,,,,,,,,,,,,,,,,,,,,,,,,,,,,,,,,,,,,,,,,,,,,,,,,,,,,,,,,,,,,No
,,,,,,,Tools,Industrial,General,,73018131,6x6 Wh Elite Post Trim 4pc RDI,-- Unbranded --,-- No Unilog Brand --,-- No DIB Brand --,-,,,,73018131,73018131,Tools > Industrial > General,73018131 6x6 Wh Elite Post Trim 4pc RDI,73018131 6X6 WH ELITE POST TRIM 4PC RDI,73018131 6x6 Wh Elite Post Trim 4pc RDI,6x6 Wh Elite Post Trim 4pc RDI (MPN: 73018131) in the Tools > Industrial > General category.,6x6 Wh Elite Post Trim 4pc RDI (73018131) in Industrial.,6x6 Wh Elite Post Trim 4pc RDI (73018131) in Industrial.,,,,,,,,,,,,,,,,,,,,,,,,,,,,,,,,,,,,,,,,,,,,,,,,,,,,,,,,,,,,,,,,,,,,,,,,,,,,,,,,,,,,,,,,,,,,,,,,,,,,,,,,,,,,,,,,,,,,,,,,,,,,,,,,,,,,,,,,,,,,,,,,,,,,,,,,,,,,,,,,,,,,,,,,,,,,,,,,,,,,,,,,,,,,,,,,,,,,,,,,,,,,,,,,,,,,,,,,,,,,,,,No
,,,,,,,Tools,Industrial,General,,73018091,4x4 Wh Elite Post Trim RDI,-- Unbranded --,-- No Unilog Brand --,-- No DIB Brand --,-,,,,73018091,73018091,Tools > Industrial > General,73018091 4x4 Wh Elite Post Trim RDI,73018091 4X4 WH ELITE POST TRIM RDI,73018091 4x4 Wh Elite Post Trim RDI,4x4 Wh Elite Post Trim RDI (MPN: 73018091) in the Tools > Industrial > General category.,4x4 Wh Elite Post Trim RDI (73018091) in Industrial.,4x4 Wh Elite Post Trim RDI (73018091) in Industrial.,,,,,,,,,,,,,,,,,,,,,,,,,,,,,,,,,,,,,,,,,,,,,,,,,,,,,,,,,,,,,,,,,,,,,,,,,,,,,,,,,,,,,,,,,,,,,,,,,,,,,,,,,,,,,,,,,,,,,,,,,,,,,,,,,,,,,,,,,,,,,,,,,,,,,,,,,,,,,,,,,,,,,,,,,,,,,,,,,,,,,,,,,,,,,,,,,,,,,,,,,,,,,,,,,,,,,,,,,,,,,,,No
,,,,,,,Tools,Industrial,General,,73018066,Clay 6x6 Elite Post Trim RDI - 4pc,-- Unbranded --,-- No Unilog Brand --,-- No DIB Brand --,-,,,,73018066,73018066,Tools > Industrial > General,73018066 Clay 6x6 Elite Post Trim RDI - 4pc,73018066 CLAY 6X6 ELITE POST TRIM RDI - 4PC,73018066 Clay 6x6 Elite Post Trim RDI - 4pc,Clay 6x6 Elite Post Trim RDI - 4pc (MPN: 73018066) in the Tools > Industrial > General category.,Clay 6x6 Elite Post Trim RDI - 4pc (73018066) in Industrial.,Clay 6x6 Elite Post Trim RDI - 4pc (73018066) in Industrial.,,,,,,,,,,,,,,,,,,,,,,,,,,,,,,,,,,,,,,,,,,,,,,,,,,,,,,,,,,,,,,,,,,,,,,,,,,,,,,,,,,,,,,,,,,,,,,,,,,,,,,,,,,,,,,,,,,,,,,,,,,,,,,,,,,,,,,,,,,,,,,,,,,,,,,,,,,,,,,,,,,,,,,,,,,,,,,,,,,,,,,,,,,,,,,,,,,,,,,,,,,,,,,,,,,,,,,,,,,,,,,,No
,,,,,,,Tools,Industrial,General,,73018076,4x4 Wh Flat Post Cap RDI,-- Unbranded --,-- No Unilog Brand --,-- No DIB Brand --,-,,,,73018076,73018076,Tools > Industrial > General,73018076 4x4 Wh Flat Post Cap RDI,73018076 4X4 WH FLAT POST CAP RDI,73018076 4x4 Wh Flat Post Cap RDI,4x4 Wh Flat Post Cap RDI (MPN: 73018076) in the Tools > Industrial > General category.,4x4 Wh Flat Post Cap RDI (73018076) in Industrial.,4x4 Wh Flat Post Cap RDI (73018076) in Industrial.,,,,,,,,,,,,,,,,,,,,,,,,,,,,,,,,,,,,,,,,,,,,,,,,,,,,,,,,,,,,,,,,,,,,,,,,,,,,,,,,,,,,,,,,,,,,,,,,,,,,,,,,,,,,,,,,,,,,,,,,,,,,,,,,,,,,,,,,,,,,,,,,,,,,,,,,,,,,,,,,,,,,,,,,,,,,,,,,,,,,,,,,,,,,,,,,,,,,,,,,,,,,,,,,,,,,,,,,,,,,,,,No
,,,,,,,Tools,Industrial,General,,61109087,Wh 4x4-39 Blank Post RDI,-- Unbranded --,-- No Unilog Brand --,-- No DIB Brand --,-,,,,61109087,61109087,Tools > Industrial > General,61109087 Wh 4x4-39 Blank Post RDI,61109087 WH 4X4-39 BLANK POST RDI,61109087 Wh 4x4-39 Blank Post RDI,Wh 4x4-39 Blank Post RDI (MPN: 61109087) in the Tools > Industrial > General category.,Wh 4x4-39 Blank Post RDI (61109087) in Industrial.,Wh 4x4-39 Blank Post RDI (61109087) in Industrial.,,,,,,,,,,,,,,,,,,,,,,,,,,,,,,,,,,,,,,,,,,,,,,,,,,,,,,,,,,,,,,,,,,,,,,,,,,,,,,,,,,,,,,,,,,,,,,,,,,,,,,,,,,,,,,,,,,,,,,,,,,,,,,,,,,,,,,,,,,,,,,,,,,,,,,,,,,,,,,,,,,,,,,,,,,,,,,,,,,,,,,,,,,,,,,,,,,,,,,,,,,,,,,,,,,,,,,,,,,,,,,,No
,,,,,,,Tools,Industrial,General,,73018731,Wh 6x6-108 Post Sleeve RDI,-- Unbranded --,-- No Unilog Brand --,-- No DIB Brand --,-,,,,73018731,73018731,Tools > Industrial > General,73018731 Wh 6x6-108 Post Sleeve RDI,73018731 WH 6X6-108 POST SLEEVE RDI,73018731 Wh 6x6-108 Post Sleeve RDI,Wh 6x6-108 Post Sleeve RDI (MPN: 73018731) in the Tools > Industrial > General category.,Wh 6x6-108 Post Sleeve RDI (73018731) in Industrial.,Wh 6x6-108 Post Sleeve RDI (73018731) in Industrial.,,,,,,,,,,,,,,,,,,,,,,,,,,,,,,,,,,,,,,,,,,,,,,,,,,,,,,,,,,,,,,,,,,,,,,,,,,,,,,,,,,,,,,,,,,,,,,,,,,,,,,,,,,,,,,,,,,,,,,,,,,,,,,,,,,,,,,,,,,,,,,,,,,,,,,,,,,,,,,,,,,,,,,,,,,,,,,,,,,,,,,,,,,,,,,,,,,,,,,,,,,,,,,,,,,,,,,,,,,,,,,,No
,,,,,,,Tools,Industrial,General,,61109090,Wh 4x4-108 Post Sleeve RDI,-- Unbranded --,-- No Unilog Brand --,-- No DIB Brand --,-,,,,61109090,61109090,Tools > Industrial > General,61109090 Wh 4x4-108 Post Sleeve RDI,61109090 WH 4X4-108 POST SLEEVE RDI,61109090 Wh 4x4-108 Post Sleeve RDI,Wh 4x4-108 Post Sleeve RDI (MPN: 61109090) in the Tools > Industrial > General category.,Wh 4x4-108 Post Sleeve RDI (61109090) in Industrial.,Wh 4x4-108 Post Sleeve RDI (61109090) in Industrial.,,,,,,,,,,,,,,,,,,,,,,,,,,,,,,,,,,,,,,,,,,,,,,,,,,,,,,,,,,,,,,,,,,,,,,,,,,,,,,,,,,,,,,,,,,,,,,,,,,,,,,,,,,,,,,,,,,,,,,,,,,,,,,,,,,,,,,,,,,,,,,,,,,,,,,,,,,,,,,,,,,,,,,,,,,,,,,,,,,,,,,,,,,,,,,,,,,,,,,,,,,,,,,,,,,,,,,,,,,,,,,,No
,,,,,,,Tools,Industrial,General,,73053603,Clay 4x4-108 Post Sleeve RDI,-- Unbranded --,-- No Unilog Brand --,-- No DIB Brand --,-,,,,73053603,73053603,Tools > Industrial > General,73053603 Clay 4x4-108 Post Sleeve RDI,73053603 CLAY 4X4-108 POST SLEEVE RDI,73053603 Clay 4x4-108 Post Sleeve RDI,Clay 4x4-108 Post Sleeve RDI (MPN: 73053603) in the Tools > Industrial > General category.,Clay 4x4-108 Post Sleeve RDI (73053603) in Industrial.,Clay 4x4-108 Post Sleeve RDI (73053603) in Industrial.,,,,,,,,,,,,,,,,,,,,,,,,,,,,,,,,,,,,,,,,,,,,,,,,,,,,,,,,,,,,,,,,,,,,,,,,,,,,,,,,,,,,,,,,,,,,,,,,,,,,,,,,,,,,,,,,,,,,,,,,,,,,,,,,,,,,,,,,,,,,,,,,,,,,,,,,,,,,,,,,,,,,,,,,,,,,,,,,,,,,,,,,,,,,,,,,,,,,,,,,,,,,,,,,,,,,,,,,,,,,,,,No
,,,,,,,Tools,Industrial,General,,73053608,Clay 6x6-108 Post Sleeve RDI,-- Unbranded --,-- No Unilog Brand --,-- No DIB Brand --,-,,,,73053608,73053608,Tools > Industrial > General,73053608 Clay 6x6-108 Post Sleeve RDI,73053608 CLAY 6X6-108 POST SLEEVE RDI,73053608 Clay 6x6-108 Post Sleeve RDI,Clay 6x6-108 Post Sleeve RDI (MPN: 73053608) in the Tools > Industrial > General category.,Clay 6x6-108 Post Sleeve RDI (73053608) in Industrial.,Clay 6x6-108 Post Sleeve RDI (73053608) in Industrial.,,,,,,,,,,,,,,,,,,,,,,,,,,,,,,,,,,,,,,,,,,,,,,,,,,,,,,,,,,,,,,,,,,,,,,,,,,,,,,,,,,,,,,,,,,,,,,,,,,,,,,,,,,,,,,,,,,,,,,,,,,,,,,,,,,,,,,,,,,,,,,,,,,,,,,,,,,,,,,,,,,,,,,,,,,,,,,,,,,,,,,,,,,,,,,,,,,,,,,,,,,,,,,,,,,,,,,,,,,,,,,,No
,,,,,,,Tools,Industrial,General,,543340896,"4x4-37"" Black Alum Post Sleeve Select Alum Railing - w/Cap & Skirt",TREX,-- No Unilog Brand --,-- No DIB Brand --,Boise Cascade Building Materials (BOICA),,,,543340896,543340896,Tools > Industrial > General,"Boise Cascade Building Materials 543340896 4x4-37"" Black Alum Post Sleeve Select Alum Railing - w/Ca","BOISE CASCADE BUILDING MATERIALS 543340896 4X4-37"" BLACK ALU","Boise Cascade Building Materials 543340896 4x4-37"" Black Alum Post Sleeve Select Alum Railing - w/Cap & Skirt","Boise Cascade Building Materials 4x4-37"" Black Alum Post Sleeve Select Alum Railing - w/Cap & Skirt (MPN: 543340896) in the Tools > Industrial > General category.","Boise Cascade Building Materials 4x4-37"" Black Alum Post Sleeve Select Alum Railing - w/Cap & Skirt (543340896) in Industrial.","Boise Cascade Building Materials 4x4-37"" Black Alum Post Sleeve Select Alum Railing - w/Cap & Skirt (543340896) in Industrial.",,,,,,,,,,,,,,,,,,,,,,,,,,,,,,,,,,,,,,,,,,,,,,,,,,,,,,,,,,,,,,,,,,,,,,,,,,,,,,,,,,,,,,,,,,,,,,,,,,,,,,,,,,,,,,,,,,,,,,,,,,,,,,,,,,,,,,,,,,,,,,,,,,,,,,,,,,,,,,,,,,,,,,,,,,,,,,,,,,,,,,,,,,,,,,,,,,,,,,,,,,,,,,,,,,,,,,,,,,,,,,,No
,,,,,,,Tools,Industrial,General,,543340898,"4x4-43"" Black Alum Post Sleeve Select Alum Railing w/Cap & Skirt",TREX,-- No Unilog Brand --,-- No DIB Brand --,Boise Cascade Building Materials (BOICA),,,,543340898,543340898,Tools > Industrial > General,"Boise Cascade Building Materials 543340898 4x4-43"" Black Alum Post Sleeve Select Alum Railing w/Cap","BOISE CASCADE BUILDING MATERIALS 543340898 4X4-43"" BLACK ALU","Boise Cascade Building Materials 543340898 4x4-43"" Black Alum Post Sleeve Select Alum Railing w/Cap & Skirt","Boise Cascade Building Materials 4x4-43"" Black Alum Post Sleeve Select Alum Railing w/Cap & Skirt (MPN: 543340898) in the Tools > Industrial > General category.","Boise Cascade Building Materials 4x4-43"" Black Alum Post Sleeve Select Alum Railing w/Cap & Skirt (543340898) in Industrial.","Boise Cascade Building Materials 4x4-43"" Black Alum Post Sleeve Select Alum Railing w/Cap & Skirt (543340898) in Industrial.",,,,,,,,,,,,,,,,,,,,,,,,,,,,,,,,,,,,,,,,,,,,,,,,,,,,,,,,,,,,,,,,,,,,,,,,,,,,,,,,,,,,,,,,,,,,,,,,,,,,,,,,,,,,,,,,,,,,,,,,,,,,,,,,,,,,,,,,,,,,,,,,,,,,,,,,,,,,,,,,,,,,,,,,,,,,,,,,,,,,,,,,,,,,,,,,,,,,,,,,,,,,,,,,,,,,,,,,,,,,,,,No
,,,,,,,Tools,Industrial,General,,73272TBK,6x6-10' Black Alum Deco - Support Post,DSI Westbury,-- No Unilog Brand --,-- No DIB Brand --,Palmer Donavin Mfg Company (PALDO),Palmer Donavin Mfg Company (PALDO),,,73272TBK,73272TBK,Tools > Industrial > General,Palmer Donavin Mfg Company 73272TBK 6x6-10' Black Alum Deco - Support Post,PALMER DONAVIN MFG COMPANY 73272TBK 6X6-10' BLACK ALUM DECO,Palmer Donavin Mfg Company 73272TBK 6x6-10' Black Alum Deco - Support Post,Palmer Donavin Mfg Company 6x6-10' Black Alum Deco - Support Post (MPN: 73272TBK) in the Tools > Industrial > General category.,Palmer Donavin Mfg Company 6x6-10' Black Alum Deco - Support Post (73272TBK) in Industrial.,Palmer Donavin Mfg Company 6x6-10' Black Alum Deco - Support Post (73272TBK) in Industrial.,,,,,,,,,,,,,,,,,,,,,,,,,,,,,,,,,,,,,,,,,,,,,,,,,,,,,,,,,,,,,,,,,,,,,,,,,,,,,,,,,,,,,,,,,,,,,,,,,,,,,,,,,,,,,,,,,,,,,,,,,,,,,,,,,,,,,,,,,,,,,,,,,,,,,,,,,,,,,,,,,,,,,,,,,,,,,,,,,,,,,,,,,,,,,,,,,,,,,,,,,,,,,,,,,,,,,,,,,,,,,,,No
,,,,,,,Tools,Industrial,General,,543302127,6' Wh Select T-Rail Kit Stair - w/Sq Composite Balusters,TREX,-- No Unilog Brand --,-- No DIB Brand --,U S Lumber (3073),,,,543302127,543302127,Tools > Industrial > General,U S Lumber 543302127 6' Wh Select T-Rail Kit Stair - w/Sq Composite Balusters,U S LUMBER 543302127 6' WH SELECT T-RAIL KIT STAIR - W/SQ CO,U S Lumber 543302127 6' Wh Select T-Rail Kit Stair - w/Sq Composite Balusters,U S Lumber 6' Wh Select T-Rail Kit Stair - w/Sq Composite Balusters (MPN: 543302127) in the Tools > Industrial > General category.,U S Lumber 6' Wh Select T-Rail Kit Stair - w/Sq Composite Balusters (543302127) in Industrial.,U S Lumber 6' Wh Select T-Rail Kit Stair - w/Sq Composite Balusters (543302127) in Industrial.,,,,,,,,,,,,,,,,,,,,,,,,,,,,,,,,,,,,,,,,,,,,,,,,,,,,,,,,,,,,,,,,,,,,,,,,,,,,,,,,,,,,,,,,,,,,,,,,,,,,,,,,,,,,,,,,,,,,,,,,,,,,,,,,,,,,,,,,,,,,,,,,,,,,,,,,,,,,,,,,,,,,,,,,,,,,,,,,,,,,,,,,,,,,,,,,,,,,,,,,,,,,,,,,,,,,,,,,,,,,,,,No
,,,,,,,Tools,Industrial,General,,543302147,8' Wh Select T-Rail Kit Stair - w/Sq Composite Balusters,TREX,-- No Unilog Brand --,-- No DIB Brand --,U S Lumber (3073),,,,543302147,543302147,Tools > Industrial > General,U S Lumber 543302147 8' Wh Select T-Rail Kit Stair - w/Sq Composite Balusters,U S LUMBER 543302147 8' WH SELECT T-RAIL KIT STAIR - W/SQ CO,U S Lumber 543302147 8' Wh Select T-Rail Kit Stair - w/Sq Composite Balusters,U S Lumber 8' Wh Select T-Rail Kit Stair - w/Sq Composite Balusters (MPN: 543302147) in the Tools > Industrial > General category.,U S Lumber 8' Wh Select T-Rail Kit Stair - w/Sq Composite Balusters (543302147) in Industrial.,U S Lumber 8' Wh Select T-Rail Kit Stair - w/Sq Composite Balusters (543302147) in Industrial.,,,,,,,,,,,,,,,,,,,,,,,,,,,,,,,,,,,,,,,,,,,,,,,,,,,,,,,,,,,,,,,,,,,,,,,,,,,,,,,,,,,,,,,,,,,,,,,,,,,,,,,,,,,,,,,,,,,,,,,,,,,,,,,,,,,,,,,,,,,,,,,,,,,,,,,,,,,,,,,,,,,,,,,,,,,,,,,,,,,,,,,,,,,,,,,,,,,,,,,,,,,,,,,,,,,,,,,,,,,,,,,No
,,,,,,,Tools,Industrial,General,,73019599,Finyline Wh 6' Str Rail Kit Sq,-- Unbranded --,-- No Unilog Brand --,-- No DIB Brand --,-,,,,73019599,73019599,Tools > Industrial > General,73019599 Finyline Wh 6' Str Rail Kit Sq,73019599 FINYLINE WH 6' STR RAIL KIT SQ,73019599 Finyline Wh 6' Str Rail Kit Sq,Finyline Wh 6' Str Rail Kit Sq (MPN: 73019599) in the Tools > Industrial > General category.,Finyline Wh 6' Str Rail Kit Sq (73019599) in Industrial.,Finyline Wh 6' Str Rail Kit Sq (73019599) in Industrial.,,,,,,,,,,,,,,,,,,,,,,,,,,,,,,,,,,,,,,,,,,,,,,,,,,,,,,,,,,,,,,,,,,,,,,,,,,,,,,,,,,,,,,,,,,,,,,,,,,,,,,,,,,,,,,,,,,,,,,,,,,,,,,,,,,,,,,,,,,,,,,,,,,,,,,,,,,,,,,,,,,,,,,,,,,,,,,,,,,,,,,,,,,,,,,,,,,,,,,,,,,,,,,,,,,,,,,,,,,,,,,,No
,,,,,,,Tools,Industrial,General,,73019648,Finyline Wh 8' Str Rail Kit Sq,-- Unbranded --,-- No Unilog Brand --,-- No DIB Brand --,-,,,,73019648,73019648,Tools > Industrial > General,73019648 Finyline Wh 8' Str Rail Kit Sq,73019648 FINYLINE WH 8' STR RAIL KIT SQ,73019648 Finyline Wh 8' Str Rail Kit Sq,Finyline Wh 8' Str Rail Kit Sq (MPN: 73019648) in the Tools > Industrial > General category.,Finyline Wh 8' Str Rail Kit Sq (73019648) in Industrial.,Finyline Wh 8' Str Rail Kit Sq (73019648) in Industrial.,,,,,,,,,,,,,,,,,,,,,,,,,,,,,,,,,,,,,,,,,,,,,,,,,,,,,,,,,,,,,,,,,,,,,,,,,,,,,,,,,,,,,,,,,,,,,,,,,,,,,,,,,,,,,,,,,,,,,,,,,,,,,,,,,,,,,,,,,,,,,,,,,,,,,,,,,,,,,,,,,,,,,,,,,,,,,,,,,,,,,,,,,,,,,,,,,,,,,,,,,,,,,,,,,,,,,,,,,,,,,,,No
,,,,,,,Tools,Industrial,General,,73019598,Finyline Wh 6' Str Rail Kit Rd - w/Black Alum Balusters,-- Unbranded --,-- No Unilog Brand --,-- No DIB Brand --,-,,,,73019598,73019598,Tools > Industrial > General,73019598 Finyline Wh 6' Str Rail Kit Rd - w/Black Alum Balusters,73019598 FINYLINE WH 6' STR RAIL KIT RD - W/BLACK ALUM BALUS,73019598 Finyline Wh 6' Str Rail Kit Rd - w/Black Alum Balusters,Finyline Wh 6' Str Rail Kit Rd - w/Black Alum Balusters (MPN: 73019598) in the Tools > Industrial > General category.,Finyline Wh 6' Str Rail Kit Rd - w/Black Alum Balusters (73019598) in Industrial.,Finyline Wh 6' Str Rail Kit Rd - w/Black Alum Balusters (73019598) in Industrial.,,,,,,,,,,,,,,,,,,,,,,,,,,,,,,,,,,,,,,,,,,,,,,,,,,,,,,,,,,,,,,,,,,,,,,,,,,,,,,,,,,,,,,,,,,,,,,,,,,,,,,,,,,,,,,,,,,,,,,,,,,,,,,,,,,,,,,,,,,,,,,,,,,,,,,,,,,,,,,,,,,,,,,,,,,,,,,,,,,,,,,,,,,,,,,,,,,,,,,,,,,,,,,,,,,,,,,,,,,,,,,,No
,,,,,,,Tools,Industrial,General,,73019647,Finyline Wh 8' Str Rail Kit Rd - w/Black Alum Balusters,-- Unbranded --,-- No Unilog Brand --,-- No DIB Brand --,-,,,,73019647,73019647,Tools > Industrial > General,73019647 Finyline Wh 8' Str Rail Kit Rd - w/Black Alum Balusters,73019647 FINYLINE WH 8' STR RAIL KIT RD - W/BLACK ALUM BALUS,73019647 Finyline Wh 8' Str Rail Kit Rd - w/Black Alum Balusters,Finyline Wh 8' Str Rail Kit Rd - w/Black Alum Balusters (MPN: 73019647) in the Tools > Industrial > General category.,Finyline Wh 8' Str Rail Kit Rd - w/Black Alum Balusters (73019647) in Industrial.,Finyline Wh 8' Str Rail Kit Rd - w/Black Alum Balusters (73019647) in Industrial.,,,,,,,,,,,,,,,,,,,,,,,,,,,,,,,,,,,,,,,,,,,,,,,,,,,,,,,,,,,,,,,,,,,,,,,,,,,,,,,,,,,,,,,,,,,,,,,,,,,,,,,,,,,,,,,,,,,,,,,,,,,,,,,,,,,,,,,,,,,,,,,,,,,,,,,,,,,,,,,,,,,,,,,,,,,,,,,,,,,,,,,,,,,,,,,,,,,,,,,,,,,,,,,,,,,,,,,,,,,,,,,No
,,,,,,,Tools,Industrial,General,,543300257,6' Black Select Classic Stair - Rail w/Rnd Black Alum Baluster,TREX,-- No Unilog Brand --,-- No DIB Brand --,Boise Cascade Building Materials (BOICA),,,,543300257,543300257,Tools > Industrial > General,Boise Cascade Building Materials 543300257 6' Black Select Classic Stair - Rail w/Rnd Black Alum Bal,BOISE CASCADE BUILDING MATERIALS 543300257 6' BLACK SELECT C,Boise Cascade Building Materials 543300257 6' Black Select Classic Stair - Rail w/Rnd Black Alum Baluster,Boise Cascade Building Materials 6' Black Select Classic Stair - Rail w/Rnd Black Alum Baluster (MPN: 543300257) in the Tools > Industrial > General category.,Boise Cascade Building Materials 6' Black Select Classic Stair - Rail w/Rnd Black Alum Baluster (543300257) in Industrial.,Boise Cascade Building Materials 6' Black Select Classic Stair - Rail w/Rnd Black Alum Baluster (543300257) in Industrial.,,,,,,,,,,,,,,,,,,,,,,,,,,,,,,,,,,,,,,,,,,,,,,,,,,,,,,,,,,,,,,,,,,,,,,,,,,,,,,,,,,,,,,,,,,,,,,,,,,,,,,,,,,,,,,,,,,,,,,,,,,,,,,,,,,,,,,,,,,,,,,,,,,,,,,,,,,,,,,,,,,,,,,,,,,,,,,,,,,,,,,,,,,,,,,,,,,,,,,,,,,,,,,,,,,,,,,,,,,,,,,,No
,,,,,,,Tools,Industrial,General,,543300277,8' Black Select Classic Stair - Rail w/Rnd Black Alum Baluster,TREX,-- No Unilog Brand --,-- No DIB Brand --,Boise Cascade Building Materials (BOICA),,,,543300277,543300277,Tools > Industrial > General,Boise Cascade Building Materials 543300277 8' Black Select Classic Stair - Rail w/Rnd Black Alum Bal,BOISE CASCADE BUILDING MATERIALS 543300277 8' BLACK SELECT C,Boise Cascade Building Materials 543300277 8' Black Select Classic Stair - Rail w/Rnd Black Alum Baluster,Boise Cascade Building Materials 8' Black Select Classic Stair - Rail w/Rnd Black Alum Baluster (MPN: 543300277) in the Tools > Industrial > General category.,Boise Cascade Building Materials 8' Black Select Classic Stair - Rail w/Rnd Black Alum Baluster (543300277) in Industrial.,Boise Cascade Building Materials 8' Black Select Classic Stair - Rail w/Rnd Black Alum Baluster (543300277) in Industrial.,,,,,,,,,,,,,,,,,,,,,,,,,,,,,,,,,,,,,,,,,,,,,,,,,,,,,,,,,,,,,,,,,,,,,,,,,,,,,,,,,,,,,,,,,,,,,,,,,,,,,,,,,,,,,,,,,,,,,,,,,,,,,,,,,,,,,,,,,,,,,,,,,,,,,,,,,,,,,,,,,,,,,,,,,,,,,,,,,,,,,,,,,,,,,,,,,,,,,,,,,,,,,,,,,,,,,,,,,,,,,,,No
,,,,,,,Tools,Industrial,General,,SPB-44BPL,"Patriot 4""x4""x37""/43"" Adjustable Self Leveling Support Post",-- Unbranded --,-- No Unilog Brand --,-- No DIB Brand --,-,,,,SPB-44BPL,SPB-44BPL,Tools > Industrial > General,"SPB-44BPL Patriot 4""x4""x37""/43"" Adjustable Self Leveling Support Post","SPB-44BPL PATRIOT 4""X4""X37""/43"" ADJUSTABLE SELF LEVELING SUP","SPB-44BPL Patriot 4""x4""x37""/43"" Adjustable Self Leveling Support Post","Patriot 4""x4""x37""/43"" Adjustable Self Leveling Support Post (MPN: SPB-44BPL) in the Tools > Industrial > General category.","Patriot 4""x4""x37""/43"" Adjustable Self Leveling Support Post (SPB-44BPL) in Industrial.","Patriot 4""x4""x37""/43"" Adjustable Self Leveling Support Post (SPB-44BPL) in Industrial.",,,,,,,,,,,,,,,,,,,,,,,,,,,,,,,,,,,,,,,,,,,,,,,,,,,,,,,,,,,,,,,,,,,,,,,,,,,,,,,,,,,,,,,,,,,,,,,,,,,,,,,,,,,,,,,,,,,,,,,,,,,,,,,,,,,,,,,,,,,,,,,,,,,,,,,,,,,,,,,,,,,,,,,,,,,,,,,,,,,,,,,,,,,,,,,,,,,,,,,,,,,,,,,,,,,,,,,,,,,,,,,No
,,,,,,,Tools,Industrial,General,,925219,"2""x50' Deck Joist Tape - Protecto Wrap",-- Unbranded --,-- No Unilog Brand --,-- No DIB Brand --,Palmer Donavin Mfg Company (PALDO),Palmer Donavin Mfg Company (PALDO),,,925219,925219,Tools > Industrial > General,"Palmer Donavin Mfg Company 925219 2""x50' Deck Joist Tape - Protecto Wrap","PALMER DONAVIN MFG COMPANY 925219 2""X50' DECK JOIST TAPE - P","Palmer Donavin Mfg Company 925219 2""x50' Deck Joist Tape - Protecto Wrap","Palmer Donavin Mfg Company 2""x50' Deck Joist Tape - Protecto Wrap (MPN: 925219) in the Tools > Industrial > General category.","Palmer Donavin Mfg Company 2""x50' Deck Joist Tape - Protecto Wrap (925219) in Industrial.","Palmer Donavin Mfg Company 2""x50' Deck Joist Tape - Protecto Wrap (925219) in Industrial.",,,,,,,,,,,,,,,,,,,,,,,,,,,,,,,,,,,,,,,,,,,,,,,,,,,,,,,,,,,,,,,,,,,,,,,,,,,,,,,,,,,,,,,,,,,,,,,,,,,,,,,,,,,,,,,,,,,,,,,,,,,,,,,,,,,,,,,,,,,,,,,,,,,,,,,,,,,,,,,,,,,,,,,,,,,,,,,,,,,,,,,,,,,,,,,,,,,,,,,,,,,,,,,,,,,,,,,,,,,,,,,No
,,,,,,,Tools,Industrial,General,,27233,24x48 WH Attic Access Door,AJM,-- No Unilog Brand --,-- No DIB Brand --,A J Manufacturing Inc (AJMAN),A J Manufacturing Inc (AJMAN),,,27233,27233,Tools > Industrial > General,A J Manufacturing Inc 27233 24x48 WH Attic Access Door,A J MANUFACTURING INC 27233 24X48 WH ATTIC ACCESS DOOR,A J Manufacturing Inc 27233 24x48 WH Attic Access Door,A J Manufacturing Inc 24x48 WH Attic Access Door (MPN: 27233) in the Tools > Industrial > General category.,A J Manufacturing Inc 24x48 WH Attic Access Door (27233) in Industrial.,A J Manufacturing Inc 24x48 WH Attic Access Door (27233) in Industrial.,,,,,,,,,,,,,,,,,,,,,,,,,,,,,,,,,,,,,,,,,,,,,,,,,,,,,,,,,,,,,,,,,,,,,,,,,,,,,,,,,,,,,,,,,,,,,,,,,,,,,,,,,,,,,,,,,,,,,,,,,,,,,,,,,,,,,,,,,,,,,,,,,,,,,,,,,,,,,,,,,,,,,,,,,,,,,,,,,,,,,,,,,,,,,,,,,,,,,,,,,,,,,,,,,,,,,,,,,,,,,,,No
,,,,,,,Tools,Industrial,General,,1517602,6068R Gliding Patio Dr 4500 United Blk Ext/WH Int LowE Arg w/J,United Window & Door,-- No Unilog Brand --,-- No DIB Brand --,United Window & Door Manufacturing (UNIWI),United Window & Door Manufacturing (UNIWI),,,1517602,1517602,Tools > Industrial > General,United Window & Door Manufacturing 1517602 6068R Gliding Patio Dr 4500 United Blk Ext/WH Int LowE Ar,UNITED WINDOW & DOOR MANUFACTURING 1517602 6068R GLIDING PAT,United Window & Door Manufacturing 1517602 6068R Gliding Patio Dr 4500 United Blk Ext/WH Int LowE Arg w/J,United Window & Door Manufacturing 6068R Gliding Patio Dr 4500 United Blk Ext/WH Int LowE Arg w/J (MPN: 1517602) in the Tools > Industrial > General category.,United Window & Door Manufacturing 6068R Gliding Patio Dr 4500 United Blk Ext/WH Int LowE Arg w/J (1517602) in Industrial.,United Window & Door Manufacturing 6068R Gliding Patio Dr 4500 United Blk Ext/WH Int LowE Arg w/J (1517602) in Industrial.,,,,,,,,,,,,,,,,,,,,,,,,,,,,,,,,,,,,,,,,,,,,,,,,,,,,,,,,,,,,,,,,,,,,,,,,,,,,,,,,,,,,,,,,,,,,,,,,,,,,,,,,,,,,,,,,,,,,,,,,,,,,,,,,,,,,,,,,,,,,,,,,,,,,,,,,,,,,,,,,,,,,,,,,,,,,,,,,,,,,,,,,,,,,,,,,,,,,,,,,,,,,,,,,,,,,,,,,,,,,,,,No
,,,,,,,Tools,Industrial,General,,1517603,6068L Gliding Patio Dr 4500 United Blk Ext/WH Int LowE Arg w/J,United Window & Door,-- No Unilog Brand --,-- No DIB Brand --,United Window & Door Manufacturing (UNIWI),United Window & Door Manufacturing (UNIWI),,,1517603,1517603,Tools > Industrial > General,United Window & Door Manufacturing 1517603 6068L Gliding Patio Dr 4500 United Blk Ext/WH Int LowE Ar,UNITED WINDOW & DOOR MANUFACTURING 1517603 6068L GLIDING PAT,United Window & Door Manufacturing 1517603 6068L Gliding Patio Dr 4500 United Blk Ext/WH Int LowE Arg w/J,United Window & Door Manufacturing 6068L Gliding Patio Dr 4500 United Blk Ext/WH Int LowE Arg w/J (MPN: 1517603) in the Tools > Industrial > General category.,United Window & Door Manufacturing 6068L Gliding Patio Dr 4500 United Blk Ext/WH Int LowE Arg w/J (1517603) in Industrial.,United Window & Door Manufacturing 6068L Gliding Patio Dr 4500 United Blk Ext/WH Int LowE Arg w/J (1517603) in Industrial.,,,,,,,,,,,,,,,,,,,,,,,,,,,,,,,,,,,,,,,,,,,,,,,,,,,,,,,,,,,,,,,,,,,,,,,,,,,,,,,,,,,,,,,,,,,,,,,,,,,,,,,,,,,,,,,,,,,,,,,,,,,,,,,,,,,,,,,,,,,,,,,,,,,,,,,,,,,,,,,,,,,,,,,,,,,,,,,,,,,,,,,,,,,,,,,,,,,,,,,,,,,,,,,,,,,,,,,,,,,,,,,No
,,,,,,,Tools,Industrial,General,,1517604,6068L Gliding Patio Dr 4500 United White LowE Arg w/J,United Window & Door,-- No Unilog Brand --,-- No DIB Brand --,United Window & Door Manufacturing (UNIWI),United Window & Door Manufacturing (UNIWI),,,1517604,1517604,Tools > Industrial > General,United Window & Door Manufacturing 1517604 6068L Gliding Patio Dr 4500 United White LowE Arg w/J,UNITED WINDOW & DOOR MANUFACTURING 1517604 6068L GLIDING PAT,United Window & Door Manufacturing 1517604 6068L Gliding Patio Dr 4500 United White LowE Arg w/J,United Window & Door Manufacturing 6068L Gliding Patio Dr 4500 United White LowE Arg w/J (MPN: 1517604) in the Tools > Industrial > General category.,United Window & Door Manufacturing 6068L Gliding Patio Dr 4500 United White LowE Arg w/J (1517604) in Industrial.,United Window & Door Manufacturing 6068L Gliding Patio Dr 4500 United White LowE Arg w/J (1517604) in Industrial.,,,,,,,,,,,,,,,,,,,,,,,,,,,,,,,,,,,,,,,,,,,,,,,,,,,,,,,,,,,,,,,,,,,,,,,,,,,,,,,,,,,,,,,,,,,,,,,,,,,,,,,,,,,,,,,,,,,,,,,,,,,,,,,,,,,,,,,,,,,,,,,,,,,,,,,,,,,,,,,,,,,,,,,,,,,,,,,,,,,,,,,,,,,,,,,,,,,,,,,,,,,,,,,,,,,,,,,,,,,,,,,No
,,,,,,,Tools,Industrial,General,,1517605,6068R Gliding Patio Dr 4500 United White LowE Arg w/J,United Window & Door,-- No Unilog Brand --,-- No DIB Brand --,United Window & Door Manufacturing (UNIWI),United Window & Door Manufacturing (UNIWI),,,1517605,1517605,Tools > Industrial > General,United Window & Door Manufacturing 1517605 6068R Gliding Patio Dr 4500 United White LowE Arg w/J,UNITED WINDOW & DOOR MANUFACTURING 1517605 6068R GLIDING PAT,United Window & Door Manufacturing 1517605 6068R Gliding Patio Dr 4500 United White LowE Arg w/J,United Window & Door Manufacturing 6068R Gliding Patio Dr 4500 United White LowE Arg w/J (MPN: 1517605) in the Tools > Industrial > General category.,United Window & Door Manufacturing 6068R Gliding Patio Dr 4500 United White LowE Arg w/J (1517605) in Industrial.,United Window & Door Manufacturing 6068R Gliding Patio Dr 4500 United White LowE Arg w/J (1517605) in Industrial.,,,,,,,,,,,,,,,,,,,,,,,,,,,,,,,,,,,,,,,,,,,,,,,,,,,,,,,,,,,,,,,,,,,,,,,,,,,,,,,,,,,,,,,,,,,,,,,,,,,,,,,,,,,,,,,,,,,,,,,,,,,,,,,,,,,,,,,,,,,,,,,,,,,,,,,,,,,,,,,,,,,,,,,,,,,,,,,,,,,,,,,,,,,,,,,,,,,,,,,,,,,,,,,,,,,,,,,,,,,,,,,No
,,,,,,,Tools,Industrial,General,,FS C01 2004S,"FS C01 Velux Fxd Skylt Gry/Wh - w/Solar Shade RO 21""x26-7/8""",-- Unbranded --,-- No Unilog Brand --,-- No DIB Brand --,Velux America Inc (VELAM),Velux America Inc (VELAM),,,FS C01 2004S,FS C01 2004S,Tools > Industrial > General,"Velux America Inc FS C01 2004S FS C01 Velux Fxd Skylt Gry/Wh - w/Solar Shade RO 21""x26-7/8""",VELUX AMERICA INC FS C01 2004S FS C01 VELUX FXD SKYLT GRY/WH,"Velux America Inc FS C01 2004S FS C01 Velux Fxd Skylt Gry/Wh - w/Solar Shade RO 21""x26-7/8""","Velux America Inc FS C01 Velux Fxd Skylt Gry/Wh - w/Solar Shade RO 21""x26-7/8"" (MPN: FS C01 2004S) in the Tools > Industrial > General category.","Velux America Inc FS C01 Velux Fxd Skylt Gry/Wh - w/Solar Shade RO 21""x26-7/8"" (FS C01 2004S) in Industrial.","Velux America Inc FS C01 Velux Fxd Skylt Gry/Wh - w/Solar Shade RO 21""x26-7/8"" (FS C01 2004S) in Industrial.",,,,,,,,,,,,,,,,,,,,,,,,,,,,,,,,,,,,,,,,,,,,,,,,,,,,,,,,,,,,,,,,,,,,,,,,,,,,,,,,,,,,,,,,,,,,,,,,,,,,,,,,,,,,,,,,,,,,,,,,,,,,,,,,,,,,,,,,,,,,,,,,,,,,,,,,,,,,,,,,,,,,,,,,,,,,,,,,,,,,,,,,,,,,,,,,,,,,,,,,,,,,,,,,,,,,,,,,,,,,,,,No
,,,,,,,Tools,Industrial,General,,FS C04 2004S,"FS C04 Velux Fxd Skylt Gry/Wh - w/Solar Shade RO 21""x37-7/8""",-- Unbranded --,-- No Unilog Brand --,-- No DIB Brand --,Velux America Inc (VELAM),Velux America Inc (VELAM),,,FS C04 2004S,FS C04 2004S,Tools > Industrial > General,"Velux America Inc FS C04 2004S FS C04 Velux Fxd Skylt Gry/Wh - w/Solar Shade RO 21""x37-7/8""",VELUX AMERICA INC FS C04 2004S FS C04 VELUX FXD SKYLT GRY/WH,"Velux America Inc FS C04 2004S FS C04 Velux Fxd Skylt Gry/Wh - w/Solar Shade RO 21""x37-7/8""","Velux America Inc FS C04 Velux Fxd Skylt Gry/Wh - w/Solar Shade RO 21""x37-7/8"" (MPN: FS C04 2004S) in the Tools > Industrial > General category.","Velux America Inc FS C04 Velux Fxd Skylt Gry/Wh - w/Solar Shade RO 21""x37-7/8"" (FS C04 2004S) in Industrial.","Velux America Inc FS C04 Velux Fxd Skylt Gry/Wh - w/Solar Shade RO 21""x37-7/8"" (FS C04 2004S) in Industrial.",,,,,,,,,,,,,,,,,,,,,,,,,,,,,,,,,,,,,,,,,,,,,,,,,,,,,,,,,,,,,,,,,,,,,,,,,,,,,,,,,,,,,,,,,,,,,,,,,,,,,,,,,,,,,,,,,,,,,,,,,,,,,,,,,,,,,,,,,,,,,,,,,,,,,,,,,,,,,,,,,,,,,,,,,,,,,,,,,,,,,,,,,,,,,,,,,,,,,,,,,,,,,,,,,,,,,,,,,,,,,,,No
,,,,,,,Tools,Industrial,General,,FS C06 2004S,"FS C06 Velux Fxd Skylt Gry/Wh - w/Solar Shade RO 21""x45-7/8""",-- Unbranded --,-- No Unilog Brand --,-- No DIB Brand --,Velux America Inc (VELAM),Velux America Inc (VELAM),,,FS C06 2004S,FS C06 2004S,Tools > Industrial > General,"Velux America Inc FS C06 2004S FS C06 Velux Fxd Skylt Gry/Wh - w/Solar Shade RO 21""x45-7/8""",VELUX AMERICA INC FS C06 2004S FS C06 VELUX FXD SKYLT GRY/WH,"Velux America Inc FS C06 2004S FS C06 Velux Fxd Skylt Gry/Wh - w/Solar Shade RO 21""x45-7/8""","Velux America Inc FS C06 Velux Fxd Skylt Gry/Wh - w/Solar Shade RO 21""x45-7/8"" (MPN: FS C06 2004S) in the Tools > Industrial > General category.","Velux America Inc FS C06 Velux Fxd Skylt Gry/Wh - w/Solar Shade RO 21""x45-7/8"" (FS C06 2004S) in Industrial.","Velux America Inc FS C06 Velux Fxd Skylt Gry/Wh - w/Solar Shade RO 21""x45-7/8"" (FS C06 2004S) in Industrial.",,,,,,,,,,,,,,,,,,,,,,,,,,,,,,,,,,,,,,,,,,,,,,,,,,,,,,,,,,,,,,,,,,,,,,,,,,,,,,,,,,,,,,,,,,,,,,,,,,,,,,,,,,,,,,,,,,,,,,,,,,,,,,,,,,,,,,,,,,,,,,,,,,,,,,,,,,,,,,,,,,,,,,,,,,,,,,,,,,,,,,,,,,,,,,,,,,,,,,,,,,,,,,,,,,,,,,,,,,,,,,,No
,,,,,,,Tools,Industrial,General,,1501831,31.5x14.75 Bsmt ecoLitePlus WH - Hopper DLA w/Screen,PROVIA,-- No Unilog Brand --,-- No DIB Brand --,ProVia (PRODO),ProVia (PRODO),,,1501831,1501831,Tools > Industrial > General,ProVia 1501831 31.5x14.75 Bsmt ecoLitePlus WH - Hopper DLA w/Screen,PROVIA 1501831 31.5X14.75 BSMT ECOLITEPLUS WH - HOPPER DLA W,ProVia 1501831 31.5x14.75 Bsmt ecoLitePlus WH - Hopper DLA w/Screen,ProVia 31.5x14.75 Bsmt ecoLitePlus WH - Hopper DLA w/Screen (MPN: 1501831) in the Tools > Industrial > General category.,ProVia 31.5x14.75 Bsmt ecoLitePlus WH - Hopper DLA w/Screen (1501831) in Industrial.,ProVia 31.5x14.75 Bsmt ecoLitePlus WH - Hopper DLA w/Screen (1501831) in Industrial.,,,,,,,,,,,,,,,,,,,,,,,,,,,,,,,,,,,,,,,,,,,,,,,,,,,,,,,,,,,,,,,,,,,,,,,,,,,,,,,,,,,,,,,,,,,,,,,,,,,,,,,,,,,,,,,,,,,,,,,,,,,,,,,,,,,,,,,,,,,,,,,,,,,,,,,,,,,,,,,,,,,,,,,,,,,,,,,,,,,,,,,,,,,,,,,,,,,,,,,,,,,,,,,,,,,,,,,,,,,,,,,No
,,,,,,,Tools,Industrial,General,,1501832,31.5x22.75 Bsmt ecoLitePlus WH - Hopper DLA w/Screen,PROVIA,-- No Unilog Brand --,-- No DIB Brand --,ProVia (PRODO),ProVia (PRODO),,,1501832,1501832,Tools > Industrial > General,ProVia 1501832 31.5x22.75 Bsmt ecoLitePlus WH - Hopper DLA w/Screen,PROVIA 1501832 31.5X22.75 BSMT ECOLITEPLUS WH - HOPPER DLA W,ProVia 1501832 31.5x22.75 Bsmt ecoLitePlus WH - Hopper DLA w/Screen,ProVia 31.5x22.75 Bsmt ecoLitePlus WH - Hopper DLA w/Screen (MPN: 1501832) in the Tools > Industrial > General category.,ProVia 31.5x22.75 Bsmt ecoLitePlus WH - Hopper DLA w/Screen (1501832) in Industrial.,ProVia 31.5x22.75 Bsmt ecoLitePlus WH - Hopper DLA w/Screen (1501832) in Industrial.,,,,,,,,,,,,,,,,,,,,,,,,,,,,,,,,,,,,,,,,,,,,,,,,,,,,,,,,,,,,,,,,,,,,,,,,,,,,,,,,,,,,,,,,,,,,,,,,,,,,,,,,,,,,,,,,,,,,,,,,,,,,,,,,,,,,,,,,,,,,,,,,,,,,,,,,,,,,,,,,,,,,,,,,,,,,,,,,,,,,,,,,,,,,,,,,,,,,,,,,,,,,,,,,,,,,,,,,,,,,,,,No
,,,,,,,Tools,Industrial,General,,1515974,3030 Slider 3900 United Black WH Int LowE-2 w/Half Scrn w/J,United Window & Door,-- No Unilog Brand --,-- No DIB Brand --,-,,,,1515974,1515974,Tools > Industrial > General,1515974 3030 Slider 3900 United Black WH Int LowE-2 w/Half Scrn w/J,1515974 3030 SLIDER 3900 UNITED BLACK WH INT LOWE-2 W/HALF S,1515974 3030 Slider 3900 United Black WH Int LowE-2 w/Half Scrn w/J,3030 Slider 3900 United Black WH Int LowE-2 w/Half Scrn w/J (MPN: 1515974) in the Tools > Industrial > General category.,3030 Slider 3900 United Black WH Int LowE-2 w/Half Scrn w/J (1515974) in Industrial.,3030 Slider 3900 United Black WH Int LowE-2 w/Half Scrn w/J (1515974) in Industrial.,,,,,,,,,,,,,,,,,,,,,,,,,,,,,,,,,,,,,,,,,,,,,,,,,,,,,,,,,,,,,,,,,,,,,,,,,,,,,,,,,,,,,,,,,,,,,,,,,,,,,,,,,,,,,,,,,,,,,,,,,,,,,,,,,,,,,,,,,,,,,,,,,,,,,,,,,,,,,,,,,,,,,,,,,,,,,,,,,,,,,,,,,,,,,,,,,,,,,,,,,,,,,,,,,,,,,,,,,,,,,,,No
,,,,,,,Tools,Industrial,General,,640383,"1/2"" 54""x10 Drywall Easi-Lite",-- Unbranded --,-- No Unilog Brand --,-- No DIB Brand --,Certainteed Gypsum (2765),Certainteed Gypsum,,,640383,640383,Tools > Industrial > General,"Certainteed Gypsum 640383 1/2"" 54""x10 Drywall Easi-Lite","CERTAINTEED GYPSUM 640383 1/2"" 54""X10 DRYWALL EASI-LITE","Certainteed Gypsum 640383 1/2"" 54""x10 Drywall Easi-Lite","Certainteed Gypsum 1/2"" 54""x10 Drywall Easi-Lite (MPN: 640383) in the Tools > Industrial > General category.","Certainteed Gypsum 1/2"" 54""x10 Drywall Easi-Lite (640383) in Industrial.","Certainteed Gypsum 1/2"" 54""x10 Drywall Easi-Lite (640383) in Industrial.",,,,,,,,,,,,,,,,,,,,,,,,,,,,,,,,,,,,,,,,,,,,,,,,,,,,,,,,,,,,,,,,,,,,,,,,,,,,,,,,,,,,,,,,,,,,,,,,,,,,,,,,,,,,,,,,,,,,,,,,,,,,,,,,,,,,,,,,,,,,,,,,,,,,,,,,,,,,,,,,,,,,,,,,,,,,,,,,,,,,,,,,,,,,,,,,,,,,,,,,,,,,,,,,,,,,,,,,,,,,,,,No
,,,,,,,Tools,Industrial,General,,653258,"5/8"" 4x9 Drywall Firelite",-- Unbranded --,-- No Unilog Brand --,-- No DIB Brand --,Certainteed Gypsum (2765),Certainteed Gypsum,,,653258,653258,Tools > Industrial > General,"Certainteed Gypsum 653258 5/8"" 4x9 Drywall Firelite","CERTAINTEED GYPSUM 653258 5/8"" 4X9 DRYWALL FIRELITE","Certainteed Gypsum 653258 5/8"" 4x9 Drywall Firelite","Certainteed Gypsum 5/8"" 4x9 Drywall Firelite (MPN: 653258) in the Tools > Industrial > General category.","Certainteed Gypsum 5/8"" 4x9 Drywall Firelite (653258) in Industrial.","Certainteed Gypsum 5/8"" 4x9 Drywall Firelite (653258) in Industrial.",,,,,,,,,,,,,,,,,,,,,,,,,,,,,,,,,,,,,,,,,,,,,,,,,,,,,,,,,,,,,,,,,,,,,,,,,,,,,,,,,,,,,,,,,,,,,,,,,,,,,,,,,,,,,,,,,,,,,,,,,,,,,,,,,,,,,,,,,,,,,,,,,,,,,,,,,,,,,,,,,,,,,,,,,,,,,,,,,,,,,,,,,,,,,,,,,,,,,,,,,,,,,,,,,,,,,,,,,,,,,,,No
,,,,,,,Tools,Industrial,General,,413S-DBA-36,"413S 36"" Alum Threshold DBZ",HAGER,-- No Unilog Brand --,-- No DIB Brand --,Hager Hinge Co (4189),Hager Hinge Co,,,413S-DBA-36,413S-DBA-36,Tools > Industrial > General,"Hager Hinge Co 413S-DBA-36 413S 36"" Alum Threshold DBZ","HAGER HINGE CO 413S-DBA-36 413S 36"" ALUM THRESHOLD DBZ","Hager Hinge Co 413S-DBA-36 413S 36"" Alum Threshold DBZ","Hager Hinge Co 413S 36"" Alum Threshold DBZ (MPN: 413S-DBA-36) in the Tools > Industrial > General category.","Hager Hinge Co 413S 36"" Alum Threshold DBZ (413S-DBA-36) in Industrial.","Hager Hinge Co 413S 36"" Alum Threshold DBZ (413S-DBA-36) in Industrial.",,,,,,,,,,,,,,,,,,,,,,,,,,,,,,,,,,,,,,,,,,,,,,,,,,,,,,,,,,,,,,,,,,,,,,,,,,,,,,,,,,,,,,,,,,,,,,,,,,,,,,,,,,,,,,,,,,,,,,,,,,,,,,,,,,,,,,,,,,,,,,,,,,,,,,,,,,,,,,,,,,,,,,,,,,,,,,,,,,,,,,,,,,,,,,,,,,,,,,,,,,,,,,,,,,,,,,,,,,,,,,,No
,,,,,,,Tools,Industrial,General,,413S-DBA-72,"413S 72"" Alum Threshold DBZ",HAGER,-- No Unilog Brand --,-- No DIB Brand --,Hager Hinge Co (4189),Hager Hinge Co,,,413S-DBA-72,413S-DBA-72,Tools > Industrial > General,"Hager Hinge Co 413S-DBA-72 413S 72"" Alum Threshold DBZ","HAGER HINGE CO 413S-DBA-72 413S 72"" ALUM THRESHOLD DBZ","Hager Hinge Co 413S-DBA-72 413S 72"" Alum Threshold DBZ","Hager Hinge Co 413S 72"" Alum Threshold DBZ (MPN: 413S-DBA-72) in the Tools > Industrial > General category.","Hager Hinge Co 413S 72"" Alum Threshold DBZ (413S-DBA-72) in Industrial.","Hager Hinge Co 413S 72"" Alum Threshold DBZ (413S-DBA-72) in Industrial.",,,,,,,,,,,,,,,,,,,,,,,,,,,,,,,,,,,,,,,,,,,,,,,,,,,,,,,,,,,,,,,,,,,,,,,,,,,,,,,,,,,,,,,,,,,,,,,,,,,,,,,,,,,,,,,,,,,,,,,,,,,,,,,,,,,,,,,,,,,,,,,,,,,,,,,,,,,,,,,,,,,,,,,,,,,,,,,,,,,,,,,,,,,,,,,,,,,,,,,,,,,,,,,,,,,,,,,,,,,,,,,No
,,,,,,,Tools,Industrial,General,,1511506,4'x65' Zip Rainscreen,-- Unbranded --,-- No Unilog Brand --,-- No DIB Brand --,Huber Eng Wood LLC (3158),Huber Eng Wood LLC,,,1511506,1511506,Tools > Industrial > General,Huber Eng Wood LLC 1511506 4'x65' Zip Rainscreen,HUBER ENG WOOD LLC 1511506 4'X65' ZIP RAINSCREEN,Huber Eng Wood LLC 1511506 4'x65' Zip Rainscreen,Huber Eng Wood LLC 4'x65' Zip Rainscreen (MPN: 1511506) in the Tools > Industrial > General category.,Huber Eng Wood LLC 4'x65' Zip Rainscreen (1511506) in Industrial.,Huber Eng Wood LLC 4'x65' Zip Rainscreen (1511506) in Industrial.,,,,,,,,,,,,,,,,,,,,,,,,,,,,,,,,,,,,,,,,,,,,,,,,,,,,,,,,,,,,,,,,,,,,,,,,,,,,,,,,,,,,,,,,,,,,,,,,,,,,,,,,,,,,,,,,,,,,,,,,,,,,,,,,,,,,,,,,,,,,,,,,,,,,,,,,,,,,,,,,,,,,,,,,,,,,,,,,,,,,,,,,,,,,,,,,,,,,,,,,,,,,,,,,,,,,,,,,,,,,,,,No
,,,,,,,Tools,Industrial,General,,1513577,1x8-12' Doug Fir STK Smooth 1S2E,COMMODITY - UNBRANDED,-- No Unilog Brand --,-- No DIB Brand --,Westwood Lumber Sales (WESLU),,,,1513577,1513577,Tools > Industrial > General,Westwood Lumber Sales 1513577 1x8-12' Doug Fir STK Smooth 1S2E,WESTWOOD LUMBER SALES 1513577 1X8-12' DOUG FIR STK SMOOTH 1S,Westwood Lumber Sales 1513577 1x8-12' Doug Fir STK Smooth 1S2E,Westwood Lumber Sales 1x8-12' Doug Fir STK Smooth 1S2E (MPN: 1513577) in the Tools > Industrial > General category.,Westwood Lumber Sales 1x8-12' Doug Fir STK Smooth 1S2E (1513577) in Industrial.,Westwood Lumber Sales 1x8-12' Doug Fir STK Smooth 1S2E (1513577) in Industrial.,,,,,,,,,,,,,,,,,,,,,,,,,,,,,,,,,,,,,,,,,,,,,,,,,,,,,,,,,,,,,,,,,,,,,,,,,,,,,,,,,,,,,,,,,,,,,,,,,,,,,,,,,,,,,,,,,,,,,,,,,,,,,,,,,,,,,,,,,,,,,,,,,,,,,,,,,,,,,,,,,,,,,,,,,,,,,,,,,,,,,,,,,,,,,,,,,,,,,,,,,,,,,,,,,,,,,,,,,,,,,,,No
,,,,,,,Tools,Industrial,General,,1513578,1x8-16' Doug Fir STK Smooth 1S2E,COMMODITY - UNBRANDED,-- No Unilog Brand --,-- No DIB Brand --,Westwood Lumber Sales (WESLU),,,,1513578,1513578,Tools > Industrial > General,Westwood Lumber Sales 1513578 1x8-16' Doug Fir STK Smooth 1S2E,WESTWOOD LUMBER SALES 1513578 1X8-16' DOUG FIR STK SMOOTH 1S,Westwood Lumber Sales 1513578 1x8-16' Doug Fir STK Smooth 1S2E,Westwood Lumber Sales 1x8-16' Doug Fir STK Smooth 1S2E (MPN: 1513578) in the Tools > Industrial > General category.,Westwood Lumber Sales 1x8-16' Doug Fir STK Smooth 1S2E (1513578) in Industrial.,Westwood Lumber Sales 1x8-16' Doug Fir STK Smooth 1S2E (1513578) in Industrial.,,,,,,,,,,,,,,,,,,,,,,,,,,,,,,,,,,,,,,,,,,,,,,,,,,,,,,,,,,,,,,,,,,,,,,,,,,,,,,,,,,,,,,,,,,,,,,,,,,,,,,,,,,,,,,,,,,,,,,,,,,,,,,,,,,,,,,,,,,,,,,,,,,,,,,,,,,,,,,,,,,,,,,,,,,,,,,,,,,,,,,,,,,,,,,,,,,,,,,,,,,,,,,,,,,,,,,,,,,,,,,,No
,,,,,,,Tools,Industrial,General,,1513579,1x12-12 'Doug Fir STK Smooth 1S2E,COMMODITY - UNBRANDED,-- No Unilog Brand --,-- No DIB Brand --,Westwood Lumber Sales (WESLU),,,,1513579,1513579,Tools > Industrial > General,Westwood Lumber Sales 1513579 1x12-12 'Doug Fir STK Smooth 1S2E,WESTWOOD LUMBER SALES 1513579 1X12-12 'DOUG FIR STK SMOOTH 1,Westwood Lumber Sales 1513579 1x12-12 'Doug Fir STK Smooth 1S2E,Westwood Lumber Sales 1x12-12 'Doug Fir STK Smooth 1S2E (MPN: 1513579) in the Tools > Industrial > General category.,Westwood Lumber Sales 1x12-12 'Doug Fir STK Smooth 1S2E (1513579) in Industrial.,Westwood Lumber Sales 1x12-12 'Doug Fir STK Smooth 1S2E (1513579) in Industrial.,,,,,,,,,,,,,,,,,,,,,,,,,,,,,,,,,,,,,,,,,,,,,,,,,,,,,,,,,,,,,,,,,,,,,,,,,,,,,,,,,,,,,,,,,,,,,,,,,,,,,,,,,,,,,,,,,,,,,,,,,,,,,,,,,,,,,,,,,,,,,,,,,,,,,,,,,,,,,,,,,,,,,,,,,,,,,,,,,,,,,,,,,,,,,,,,,,,,,,,,,,,,,,,,,,,,,,,,,,,,,,,No
,,,,,,,Tools,Industrial,General,,1513580,1x12-16' Doug Fir STK Smooth 1S2E,COMMODITY - UNBRANDED,-- No Unilog Brand --,-- No DIB Brand --,Westwood Lumber Sales (WESLU),,,,1513580,1513580,Tools > Industrial > General,Westwood Lumber Sales 1513580 1x12-16' Doug Fir STK Smooth 1S2E,WESTWOOD LUMBER SALES 1513580 1X12-16' DOUG FIR STK SMOOTH 1,Westwood Lumber Sales 1513580 1x12-16' Doug Fir STK Smooth 1S2E,Westwood Lumber Sales 1x12-16' Doug Fir STK Smooth 1S2E (MPN: 1513580) in the Tools > Industrial > General category.,Westwood Lumber Sales 1x12-16' Doug Fir STK Smooth 1S2E (1513580) in Industrial.,Westwood Lumber Sales 1x12-16' Doug Fir STK Smooth 1S2E (1513580) in Industrial.,,,,,,,,,,,,,,,,,,,,,,,,,,,,,,,,,,,,,,,,,,,,,,,,,,,,,,,,,,,,,,,,,,,,,,,,,,,,,,,,,,,,,,,,,,,,,,,,,,,,,,,,,,,,,,,,,,,,,,,,,,,,,,,,,,,,,,,,,,,,,,,,,,,,,,,,,,,,,,,,,,,,,,,,,,,,,,,,,,,,,,,,,,,,,,,,,,,,,,,,,,,,,,,,,,,,,,,,,,,,,,,No
,,,,,,,Tools,Industrial,General,,1501767,"3/4"" 4x8T&G Huber Blue PlusOSB - Sub Floor",-- Unbranded --,-- No Unilog Brand --,-- No DIB Brand --,-,,,,1501767,1501767,Tools > Industrial > General,"1501767 3/4"" 4x8T&G Huber Blue PlusOSB - Sub Floor","1501767 3/4"" 4X8T&G HUBER BLUE PLUSOSB - SUB FLOOR","1501767 3/4"" 4x8T&G Huber Blue PlusOSB - Sub Floor","3/4"" 4x8T&G Huber Blue PlusOSB - Sub Floor (MPN: 1501767) in the Tools > Industrial > General category.","3/4"" 4x8T&G Huber Blue PlusOSB - Sub Floor (1501767) in Industrial.","3/4"" 4x8T&G Huber Blue PlusOSB - Sub Floor (1501767) in Industrial.",,,,,,,,,,,,,,,,,,,,,,,,,,,,,,,,,,,,,,,,,,,,,,,,,,,,,,,,,,,,,,,,,,,,,,,,,,,,,,,,,,,,,,,,,,,,,,,,,,,,,,,,,,,,,,,,,,,,,,,,,,,,,,,,,,,,,,,,,,,,,,,,,,,,,,,,,,,,,,,,,,,,,,,,,,,,,,,,,,,,,,,,,,,,,,,,,,,,,,,,,,,,,,,,,,,,,,,,,,,,,,,No
,,,,,,,Tools,Industrial,General,,PP-8BL,8' Premier Rib XL Black,-- Unbranded --,-- No Unilog Brand --,-- No DIB Brand --,Premier Metals (PREME),Premier Metals (PREME),,,PP-8BL,PP-8BL,Tools > Industrial > General,Premier Metals PP-8BL 8' Premier Rib XL Black,PREMIER METALS PP-8BL 8' PREMIER RIB XL BLACK,Premier Metals PP-8BL 8' Premier Rib XL Black,Premier Metals 8' Premier Rib XL Black (MPN: PP-8BL) in the Tools > Industrial > General category.,Premier Metals 8' Premier Rib XL Black (PP-8BL) in Industrial.,Premier Metals 8' Premier Rib XL Black (PP-8BL) in Industrial.,,,,,,,,,,,,,,,,,,,,,,,,,,,,,,,,,,,,,,,,,,,,,,,,,,,,,,,,,,,,,,,,,,,,,,,,,,,,,,,,,,,,,,,,,,,,,,,,,,,,,,,,,,,,,,,,,,,,,,,,,,,,,,,,,,,,,,,,,,,,,,,,,,,,,,,,,,,,,,,,,,,,,,,,,,,,,,,,,,,,,,,,,,,,,,,,,,,,,,,,,,,,,,,,,,,,,,,,,,,,,,,No
,,,,,,,Tools,Industrial,General,,PP-10BL,10' Premier Rib XL Black,-- Unbranded --,-- No Unilog Brand --,-- No DIB Brand --,Premier Metals (PREME),Premier Metals (PREME),,,PP-10BL,PP-10BL,Tools > Industrial > General,Premier Metals PP-10BL 10' Premier Rib XL Black,PREMIER METALS PP-10BL 10' PREMIER RIB XL BLACK,Premier Metals PP-10BL 10' Premier Rib XL Black,Premier Metals 10' Premier Rib XL Black (MPN: PP-10BL) in the Tools > Industrial > General category.,Premier Metals 10' Premier Rib XL Black (PP-10BL) in Industrial.,Premier Metals 10' Premier Rib XL Black (PP-10BL) in Industrial.,,,,,,,,,,,,,,,,,,,,,,,,,,,,,,,,,,,,,,,,,,,,,,,,,,,,,,,,,,,,,,,,,,,,,,,,,,,,,,,,,,,,,,,,,,,,,,,,,,,,,,,,,,,,,,,,,,,,,,,,,,,,,,,,,,,,,,,,,,,,,,,,,,,,,,,,,,,,,,,,,,,,,,,,,,,,,,,,,,,,,,,,,,,,,,,,,,,,,,,,,,,,,,,,,,,,,,,,,,,,,,,No
,,,,,,,Tools,Industrial,General,,PP-12BL,12' Premier Rib XL Black,-- Unbranded --,-- No Unilog Brand --,-- No DIB Brand --,Premier Metals (PREME),Premier Metals (PREME),,,PP-12BL,PP-12BL,Tools > Industrial > General,Premier Metals PP-12BL 12' Premier Rib XL Black,PREMIER METALS PP-12BL 12' PREMIER RIB XL BLACK,Premier Metals PP-12BL 12' Premier Rib XL Black,Premier Metals 12' Premier Rib XL Black (MPN: PP-12BL) in the Tools > Industrial > General category.,Premier Metals 12' Premier Rib XL Black (PP-12BL) in Industrial.,Premier Metals 12' Premier Rib XL Black (PP-12BL) in Industrial.,,,,,,,,,,,,,,,,,,,,,,,,,,,,,,,,,,,,,,,,,,,,,,,,,,,,,,,,,,,,,,,,,,,,,,,,,,,,,,,,,,,,,,,,,,,,,,,,,,,,,,,,,,,,,,,,,,,,,,,,,,,,,,,,,,,,,,,,,,,,,,,,,,,,,,,,,,,,,,,,,,,,,,,,,,,,,,,,,,,,,,,,,,,,,,,,,,,,,,,,,,,,,,,,,,,,,,,,,,,,,,,No
,,,,,,,Tools,Industrial,General,,PP-8CH,8' Premier Rib XL Charcoal,-- Unbranded --,-- No Unilog Brand --,-- No DIB Brand --,Premier Metals (PREME),Premier Metals (PREME),,,PP-8CH,PP-8CH,Tools > Industrial > General,Premier Metals PP-8CH 8' Premier Rib XL Charcoal,PREMIER METALS PP-8CH 8' PREMIER RIB XL CHARCOAL,Premier Metals PP-8CH 8' Premier Rib XL Charcoal,Premier Metals 8' Premier Rib XL Charcoal (MPN: PP-8CH) in the Tools > Industrial > General category.,Premier Metals 8' Premier Rib XL Charcoal (PP-8CH) in Industrial.,Premier Metals 8' Premier Rib XL Charcoal (PP-8CH) in Industrial.,,,,,,,,,,,,,,,,,,,,,,,,,,,,,,,,,,,,,,,,,,,,,,,,,,,,,,,,,,,,,,,,,,,,,,,,,,,,,,,,,,,,,,,,,,,,,,,,,,,,,,,,,,,,,,,,,,,,,,,,,,,,,,,,,,,,,,,,,,,,,,,,,,,,,,,,,,,,,,,,,,,,,,,,,,,,,,,,,,,,,,,,,,,,,,,,,,,,,,,,,,,,,,,,,,,,,,,,,,,,,,,No
,,,,,,,Tools,Industrial,General,,PP-10CH,10' Premier Rib XL Charcoal,-- Unbranded --,-- No Unilog Brand --,-- No DIB Brand --,Premier Metals (PREME),Premier Metals (PREME),,,PP-10CH,PP-10CH,Tools > Industrial > General,Premier Metals PP-10CH 10' Premier Rib XL Charcoal,PREMIER METALS PP-10CH 10' PREMIER RIB XL CHARCOAL,Premier Metals PP-10CH 10' Premier Rib XL Charcoal,Premier Metals 10' Premier Rib XL Charcoal (MPN: PP-10CH) in the Tools > Industrial > General category.,Premier Metals 10' Premier Rib XL Charcoal (PP-10CH) in Industrial.,Premier Metals 10' Premier Rib XL Charcoal (PP-10CH) in Industrial.,,,,,,,,,,,,,,,,,,,,,,,,,,,,,,,,,,,,,,,,,,,,,,,,,,,,,,,,,,,,,,,,,,,,,,,,,,,,,,,,,,,,,,,,,,,,,,,,,,,,,,,,,,,,,,,,,,,,,,,,,,,,,,,,,,,,,,,,,,,,,,,,,,,,,,,,,,,,,,,,,,,,,,,,,,,,,,,,,,,,,,,,,,,,,,,,,,,,,,,,,,,,,,,,,,,,,,,,,,,,,,,No
,,,,,,,Tools,Industrial,General,,PP-12CH,12' Premier Rib XL Charcoal,-- Unbranded --,-- No Unilog Brand --,-- No DIB Brand --,Premier Metals (PREME),Premier Metals (PREME),,,PP-12CH,PP-12CH,Tools > Industrial > General,Premier Metals PP-12CH 12' Premier Rib XL Charcoal,PREMIER METALS PP-12CH 12' PREMIER RIB XL CHARCOAL,Premier Metals PP-12CH 12' Premier Rib XL Charcoal,Premier Metals 12' Premier Rib XL Charcoal (MPN: PP-12CH) in the Tools > Industrial > General category.,Premier Metals 12' Premier Rib XL Charcoal (PP-12CH) in Industrial.,Premier Metals 12' Premier Rib XL Charcoal (PP-12CH) in Industrial.,,,,,,,,,,,,,,,,,,,,,,,,,,,,,,,,,,,,,,,,,,,,,,,,,,,,,,,,,,,,,,,,,,,,,,,,,,,,,,,,,,,,,,,,,,,,,,,,,,,,,,,,,,,,,,,,,,,,,,,,,,,,,,,,,,,,,,,,,,,,,,,,,,,,,,,,,,,,,,,,,,,,,,,,,,,,,,,,,,,,,,,,,,,,,,,,,,,,,,,,,,,,,,,,,,,,,,,,,,,,,,,No
,,,,,,,Tools,Industrial,General,,PP-8WH,8' Premier Rib XL White,-- Unbranded --,-- No Unilog Brand --,-- No DIB Brand --,Premier Metals (PREME),Premier Metals (PREME),,,PP-8WH,PP-8WH,Tools > Industrial > General,Premier Metals PP-8WH 8' Premier Rib XL White,PREMIER METALS PP-8WH 8' PREMIER RIB XL WHITE,Premier Metals PP-8WH 8' Premier Rib XL White,Premier Metals 8' Premier Rib XL White (MPN: PP-8WH) in the Tools > Industrial > General category.,Premier Metals 8' Premier Rib XL White (PP-8WH) in Industrial.,Premier Metals 8' Premier Rib XL White (PP-8WH) in Industrial.,,,,,,,,,,,,,,,,,,,,,,,,,,,,,,,,,,,,,,,,,,,,,,,,,,,,,,,,,,,,,,,,,,,,,,,,,,,,,,,,,,,,,,,,,,,,,,,,,,,,,,,,,,,,,,,,,,,,,,,,,,,,,,,,,,,,,,,,,,,,,,,,,,,,,,,,,,,,,,,,,,,,,,,,,,,,,,,,,,,,,,,,,,,,,,,,,,,,,,,,,,,,,,,,,,,,,,,,,,,,,,,No
,,,,,,,Tools,Industrial,General,,PP-10WH,10' Premier Rib XL White,-- Unbranded --,-- No Unilog Brand --,-- No DIB Brand --,Premier Metals (PREME),Premier Metals (PREME),,,PP-10WH,PP-10WH,Tools > Industrial > General,Premier Metals PP-10WH 10' Premier Rib XL White,PREMIER METALS PP-10WH 10' PREMIER RIB XL WHITE,Premier Metals PP-10WH 10' Premier Rib XL White,Premier Metals 10' Premier Rib XL White (MPN: PP-10WH) in the Tools > Industrial > General category.,Premier Metals 10' Premier Rib XL White (PP-10WH) in Industrial.,Premier Metals 10' Premier Rib XL White (PP-10WH) in Industrial.,,,,,,,,,,,,,,,,,,,,,,,,,,,,,,,,,,,,,,,,,,,,,,,,,,,,,,,,,,,,,,,,,,,,,,,,,,,,,,,,,,,,,,,,,,,,,,,,,,,,,,,,,,,,,,,,,,,,,,,,,,,,,,,,,,,,,,,,,,,,,,,,,,,,,,,,,,,,,,,,,,,,,,,,,,,,,,,,,,,,,,,,,,,,,,,,,,,,,,,,,,,,,,,,,,,,,,,,,,,,,,,No
,,,,,,,Tools,Industrial,General,,1504345,OC Duration TruDef Wburg Gray (BDL),-- Unbranded --,-- No Unilog Brand --,-- No DIB Brand --,Palmer Donavin Mfg Company (PALDO),Palmer Donavin Mfg Company (PALDO),,,1504345,1504345,Tools > Industrial > General,Palmer Donavin Mfg Company 1504345 OC Duration TruDef Wburg Gray (BDL),PALMER DONAVIN MFG COMPANY 1504345 OC DURATION TRUDEF WBURG,Palmer Donavin Mfg Company 1504345 OC Duration TruDef Wburg Gray (BDL),Palmer Donavin Mfg Company OC Duration TruDef Wburg Gray (BDL) (MPN: 1504345) in the Tools > Industrial > General category.,Palmer Donavin Mfg Company OC Duration TruDef Wburg Gray (BDL) (1504345) in Industrial.,Palmer Donavin Mfg Company OC Duration TruDef Wburg Gray (BDL) (1504345) in Industrial.,,,,,,,,,,,,,,,,,,,,,,,,,,,,,,,,,,,,,,,,,,,,,,,,,,,,,,,,,,,,,,,,,,,,,,,,,,,,,,,,,,,,,,,,,,,,,,,,,,,,,,,,,,,,,,,,,,,,,,,,,,,,,,,,,,,,,,,,,,,,,,,,,,,,,,,,,,,,,,,,,,,,,,,,,,,,,,,,,,,,,,,,,,,,,,,,,,,,,,,,,,,,,,,,,,,,,,,,,,,,,,,No
,,,,,,,Tools,Industrial,General,,2733,3'x65' Henry Eaveguard - Ice Guard,-- Unbranded --,-- No Unilog Brand --,-- No DIB Brand --,Palmer Donavin Mfg Company (PALDO),Palmer Donavin Mfg Company (PALDO),,,2733,2733,Tools > Industrial > General,Palmer Donavin Mfg Company 2733 3'x65' Henry Eaveguard - Ice Guard,PALMER DONAVIN MFG COMPANY 2733 3'X65' HENRY EAVEGUARD - ICE,Palmer Donavin Mfg Company 2733 3'x65' Henry Eaveguard - Ice Guard,Palmer Donavin Mfg Company 3'x65' Henry Eaveguard - Ice Guard (MPN: 2733) in the Tools > Industrial > General category.,Palmer Donavin Mfg Company 3'x65' Henry Eaveguard - Ice Guard (2733) in Industrial.,Palmer Donavin Mfg Company 3'x65' Henry Eaveguard - Ice Guard (2733) in Industrial.,,,,,,,,,,,,,,,,,,,,,,,,,,,,,,,,,,,,,,,,,,,,,,,,,,,,,,,,,,,,,,,,,,,,,,,,,,,,,,,,,,,,,,,,,,,,,,,,,,,,,,,,,,,,,,,,,,,,,,,,,,,,,,,,,,,,,,,,,,,,,,,,,,,,,,,,,,,,,,,,,,,,,,,,,,,,,,,,,,,,,,,,,,,,,,,,,,,,,,,,,,,,,,,,,,,,,,,,,,,,,,,No
,,,,,,,Tools,Industrial,General,,7547,Ice Guard OC Weathr Lk Mat 2sq,-- Unbranded --,-- No Unilog Brand --,-- No DIB Brand --,-,,,,7547,7547,Tools > Industrial > General,7547 Ice Guard OC Weathr Lk Mat 2sq,7547 ICE GUARD OC WEATHR LK MAT 2SQ,7547 Ice Guard OC Weathr Lk Mat 2sq,Ice Guard OC Weathr Lk Mat 2sq (MPN: 7547) in the Tools > Industrial > General category.,Ice Guard OC Weathr Lk Mat 2sq (7547) in Industrial.,Ice Guard OC Weathr Lk Mat 2sq (7547) in Industrial.,,,,,,,,,,,,,,,,,,,,,,,,,,,,,,,,,,,,,,,,,,,,,,,,,,,,,,,,,,,,,,,,,,,,,,,,,,,,,,,,,,,,,,,,,,,,,,,,,,,,,,,,,,,,,,,,,,,,,,,,,,,,,,,,,,,,,,,,,,,,,,,,,,,,,,,,,,,,,,,,,,,,,,,,,,,,,,,,,,,,,,,,,,,,,,,,,,,,,,,,,,,,,,,,,,,,,,,,,,,,,,,No
,,,,,,,Tools,Industrial,General,,8912220,"7-1/4""x12' Hardie Sdg Smooth - Primed HardiePlank",JAMESHARDIE,-- No Unilog Brand --,-- No DIB Brand --,Boise Cascade Building Materials (BOICA),,,,8912220,8912220,Tools > Industrial > General,"Boise Cascade Building Materials 8912220 7-1/4""x12' Hardie Sdg Smooth - Primed HardiePlank","BOISE CASCADE BUILDING MATERIALS 8912220 7-1/4""X12' HARDIE S","Boise Cascade Building Materials 8912220 7-1/4""x12' Hardie Sdg Smooth - Primed HardiePlank","Boise Cascade Building Materials 7-1/4""x12' Hardie Sdg Smooth - Primed HardiePlank (MPN: 8912220) in the Tools > Industrial > General category.","Boise Cascade Building Materials 7-1/4""x12' Hardie Sdg Smooth - Primed HardiePlank (8912220) in Industrial.","Boise Cascade Building Materials 7-1/4""x12' Hardie Sdg Smooth - Primed HardiePlank (8912220) in Industrial.",,,,,,,,,,,,,,,,,,,,,,,,,,,,,,,,,,,,,,,,,,,,,,,,,,,,,,,,,,,,,,,,,,,,,,,,,,,,,,,,,,,,,,,,,,,,,,,,,,,,,,,,,,,,,,,,,,,,,,,,,,,,,,,,,,,,,,,,,,,,,,,,,,,,,,,,,,,,,,,,,,,,,,,,,,,,,,,,,,,,,,,,,,,,,,,,,,,,,,,,,,,,,,,,,,,,,,,,,,,,,,,No
,,,,,,,Tools,Industrial,General,,8904015,4'x10' HardiePanel Smooth - Primed,JAMESHARDIE,-- No Unilog Brand --,-- No DIB Brand --,Boise Cascade Building Materials (BOICA),,,,8904015,8904015,Tools > Industrial > General,Boise Cascade Building Materials 8904015 4'x10' HardiePanel Smooth - Primed,BOISE CASCADE BUILDING MATERIALS 8904015 4'X10' HARDIEPANEL,Boise Cascade Building Materials 8904015 4'x10' HardiePanel Smooth - Primed,Boise Cascade Building Materials 4'x10' HardiePanel Smooth - Primed (MPN: 8904015) in the Tools > Industrial > General category.,Boise Cascade Building Materials 4'x10' HardiePanel Smooth - Primed (8904015) in Industrial.,Boise Cascade Building Materials 4'x10' HardiePanel Smooth - Primed (8904015) in Industrial.,,,,,,,,,,,,,,,,,,,,,,,,,,,,,,,,,,,,,,,,,,,,,,,,,,,,,,,,,,,,,,,,,,,,,,,,,,,,,,,,,,,,,,,,,,,,,,,,,,,,,,,,,,,,,,,,,,,,,,,,,,,,,,,,,,,,,,,,,,,,,,,,,,,,,,,,,,,,,,,,,,,,,,,,,,,,,,,,,,,,,,,,,,,,,,,,,,,,,,,,,,,,,,,,,,,,,,,,,,,,,,,No
,,,,,,,Tools,Industrial,General,,25796,"6""x16' Smart Lap Sdg Cedar",LP SMARTSIDE,-- No Unilog Brand --,-- No DIB Brand --,U S Lumber (3073),,,,25796,25796,Tools > Industrial > General,"U S Lumber 25796 6""x16' Smart Lap Sdg Cedar","U S LUMBER 25796 6""X16' SMART LAP SDG CEDAR","U S Lumber 25796 6""x16' Smart Lap Sdg Cedar","U S Lumber 6""x16' Smart Lap Sdg Cedar (MPN: 25796) in the Tools > Industrial > General category.","U S Lumber 6""x16' Smart Lap Sdg Cedar (25796) in Industrial.","U S Lumber 6""x16' Smart Lap Sdg Cedar (25796) in Industrial.",,,,,,,,,,,,,,,,,,,,,,,,,,,,,,,,,,,,,,,,,,,,,,,,,,,,,,,,,,,,,,,,,,,,,,,,,,,,,,,,,,,,,,,,,,,,,,,,,,,,,,,,,,,,,,,,,,,,,,,,,,,,,,,,,,,,,,,,,,,,,,,,,,,,,,,,,,,,,,,,,,,,,,,,,,,,,,,,,,,,,,,,,,,,,,,,,,,,,,,,,,,,,,,,,,,,,,,,,,,,,,,No
,,,,,,,Tools,Industrial,General,,40503,"3/8"" 16""x16' Smart Pan Cedar - No-Groove Sq Edge B&B",LP SMARTSIDE,-- No Unilog Brand --,-- No DIB Brand --,U S Lumber (3073),,,,40503,40503,Tools > Industrial > General,"U S Lumber 40503 3/8"" 16""x16' Smart Pan Cedar - No-Groove Sq Edge B&B","U S LUMBER 40503 3/8"" 16""X16' SMART PAN CEDAR - NO-GROOVE SQ","U S Lumber 40503 3/8"" 16""x16' Smart Pan Cedar - No-Groove Sq Edge B&B","U S Lumber 3/8"" 16""x16' Smart Pan Cedar - No-Groove Sq Edge B&B (MPN: 40503) in the Tools > Industrial > General category.","U S Lumber 3/8"" 16""x16' Smart Pan Cedar - No-Groove Sq Edge B&B (40503) in Industrial.","U S Lumber 3/8"" 16""x16' Smart Pan Cedar - No-Groove Sq Edge B&B (40503) in Industrial.",,,,,,,,,,,,,,,,,,,,,,,,,,,,,,,,,,,,,,,,,,,,,,,,,,,,,,,,,,,,,,,,,,,,,,,,,,,,,,,,,,,,,,,,,,,,,,,,,,,,,,,,,,,,,,,,,,,,,,,,,,,,,,,,,,,,,,,,,,,,,,,,,,,,,,,,,,,,,,,,,,,,,,,,,,,,,,,,,,,,,,,,,,,,,,,,,,,,,,,,,,,,,,,,,,,,,,,,,,,,,,,No
,,,,,,,Tools,Industrial,General,,25825,"3/8"" 4x10 Smart Pan Cedar - No-Groove w/Shiplap Edges",LP SMARTSIDE,-- No Unilog Brand --,-- No DIB Brand --,U S Lumber (3073),,,,25825,25825,Tools > Industrial > General,"U S Lumber 25825 3/8"" 4x10 Smart Pan Cedar - No-Groove w/Shiplap Edges","U S LUMBER 25825 3/8"" 4X10 SMART PAN CEDAR - NO-GROOVE W/SHI","U S Lumber 25825 3/8"" 4x10 Smart Pan Cedar - No-Groove w/Shiplap Edges","U S Lumber 3/8"" 4x10 Smart Pan Cedar - No-Groove w/Shiplap Edges (MPN: 25825) in the Tools > Industrial > General category.","U S Lumber 3/8"" 4x10 Smart Pan Cedar - No-Groove w/Shiplap Edges (25825) in Industrial.","U S Lumber 3/8"" 4x10 Smart Pan Cedar - No-Groove w/Shiplap Edges (25825) in Industrial.",,,,,,,,,,,,,,,,,,,,,,,,,,,,,,,,,,,,,,,,,,,,,,,,,,,,,,,,,,,,,,,,,,,,,,,,,,,,,,,,,,,,,,,,,,,,,,,,,,,,,,,,,,,,,,,,,,,,,,,,,,,,,,,,,,,,,,,,,,,,,,,,,,,,,,,,,,,,,,,,,,,,,,,,,,,,,,,,,,,,,,,,,,,,,,,,,,,,,,,,,,,,,,,,,,,,,,,,,,,,,,,No
,,,,,,,Tools,Industrial,General,,25822,"3/8"" 12""x16' Smart Vented Soff - Cedar Soffit",LP SMARTSIDE,-- No Unilog Brand --,-- No DIB Brand --,U S Lumber (3073),,,,25822,25822,Tools > Industrial > General,"U S Lumber 25822 3/8"" 12""x16' Smart Vented Soff - Cedar Soffit","U S LUMBER 25822 3/8"" 12""X16' SMART VENTED SOFF - CEDAR SOFF","U S Lumber 25822 3/8"" 12""x16' Smart Vented Soff - Cedar Soffit","U S Lumber 3/8"" 12""x16' Smart Vented Soff - Cedar Soffit (MPN: 25822) in the Tools > Industrial > General category.","U S Lumber 3/8"" 12""x16' Smart Vented Soff - Cedar Soffit (25822) in Industrial.","U S Lumber 3/8"" 12""x16' Smart Vented Soff - Cedar Soffit (25822) in Industrial.",,,,,,,,,,,,,,,,,,,,,,,,,,,,,,,,,,,,,,,,,,,,,,,,,,,,,,,,,,,,,,,,,,,,,,,,,,,,,,,,,,,,,,,,,,,,,,,,,,,,,,,,,,,,,,,,,,,,,,,,,,,,,,,,,,,,,,,,,,,,,,,,,,,,,,,,,,,,,,,,,,,,,,,,,,,,,,,,,,,,,,,,,,,,,,,,,,,,,,,,,,,,,,,,,,,,,,,,,,,,,,,No
,,,,,,,Tools,Industrial,General,,543650101,Black Alum ADA Wall Mount Trex,TREX,-- No Unilog Brand --,-- No DIB Brand --,Boise Cascade Building Materials (BOICA),trex,Trex,,543650101,543650101,Tools > Industrial > General,Boise Cascade Building Materials 543650101 Black Alum ADA Wall Mount Trex,BOISE CASCADE BUILDING MATERIALS 543650101 BLACK ALUM ADA WA,Boise Cascade Building Materials 543650101 Black Alum ADA Wall Mount Trex,Boise Cascade Building Materials Black Alum ADA Wall Mount Trex (MPN: 543650101) in the Tools > Industrial > General category.,Boise Cascade Building Materials Black Alum ADA Wall Mount Trex (543650101) in Industrial.,Boise Cascade Building Materials Black Alum ADA Wall Mount Trex (543650101) in Industrial.,,,,,,,,,,,,,,,,,,,,,,,,,,,,,,,,,,,,,,,,,,,,,,,,,,,,,,,,,,,,,,,,,,,,,,,,,,,,,,,,,,,,,,,,,,,,,,,,,,,,,,,,,,,,,,,,,,,,,,,,,,,,,,,,,,,,,,,,,,,,,,,,,,,,,,,,,,,,,,,,,,,,,,,,,,,,,,,,,,,,,,,,,,,,,,,,,,,,,,,,,,,,,,,,,,,,,,,,,,,,,,,No
,,,,,,,Tools,Industrial,General,,543650010,Black Alum ADA Int End Cap - Trex,TREX,-- No Unilog Brand --,-- No DIB Brand --,Boise Cascade Building Materials (BOICA),trex,Trex,,543650010,543650010,Tools > Industrial > General,Boise Cascade Building Materials 543650010 Black Alum ADA Int End Cap - Trex,BOISE CASCADE BUILDING MATERIALS 543650010 BLACK ALUM ADA IN,Boise Cascade Building Materials 543650010 Black Alum ADA Int End Cap - Trex,Boise Cascade Building Materials Black Alum ADA Int End Cap - Trex (MPN: 543650010) in the Tools > Industrial > General category.,Boise Cascade Building Materials Black Alum ADA Int End Cap - Trex (543650010) in Industrial.,Boise Cascade Building Materials Black Alum ADA Int End Cap - Trex (543650010) in Industrial.,,,,,,,,,,,,,,,,,,,,,,,,,,,,,,,,,,,,,,,,,,,,,,,,,,,,,,,,,,,,,,,,,,,,,,,,,,,,,,,,,,,,,,,,,,,,,,,,,,,,,,,,,,,,,,,,,,,,,,,,,,,,,,,,,,,,,,,,,,,,,,,,,,,,,,,,,,,,,,,,,,,,,,,,,,,,,,,,,,,,,,,,,,,,,,,,,,,,,,,,,,,,,,,,,,,,,,,,,,,,,,,No
,,,,,,,Tools,Industrial,General,,543650048,8' Black Alum ADA Rail Trex,TREX,-- No Unilog Brand --,-- No DIB Brand --,Boise Cascade Building Materials (BOICA),trex,Trex,,543650048,543650048,Tools > Industrial > General,Boise Cascade Building Materials 543650048 8' Black Alum ADA Rail Trex,BOISE CASCADE BUILDING MATERIALS 543650048 8' BLACK ALUM ADA,Boise Cascade Building Materials 543650048 8' Black Alum ADA Rail Trex,Boise Cascade Building Materials 8' Black Alum ADA Rail Trex (MPN: 543650048) in the Tools > Industrial > General category.,Boise Cascade Building Materials 8' Black Alum ADA Rail Trex (543650048) in Industrial.,Boise Cascade Building Materials 8' Black Alum ADA Rail Trex (543650048) in Industrial.,,,,,,,,,,,,,,,,,,,,,,,,,,,,,,,,,,,,,,,,,,,,,,,,,,,,,,,,,,,,,,,,,,,,,,,,,,,,,,,,,,,,,,,,,,,,,,,,,,,,,,,,,,,,,,,,,,,,,,,,,,,,,,,,,,,,,,,,,,,,,,,,,,,,,,,,,,,,,,,,,,,,,,,,,,,,,,,,,,,,,,,,,,,,,,,,,,,,,,,,,,,,,,,,,,,,,,,,,,,,,,,No
,,,,,,,Tools,Industrial,General,,1506969,"1-1/2"" 4x8 Huber Zip R6.6 - Insulated R-Sheathing",-- Unbranded --,-- No Unilog Brand --,-- No DIB Brand --,-,,,,1506969,1506969,Tools > Industrial > General,"1506969 1-1/2"" 4x8 Huber Zip R6.6 - Insulated R-Sheathing","1506969 1-1/2"" 4X8 HUBER ZIP R6.6 - INSULATED R-SHEATHING","1506969 1-1/2"" 4x8 Huber Zip R6.6 - Insulated R-Sheathing","1-1/2"" 4x8 Huber Zip R6.6 - Insulated R-Sheathing (MPN: 1506969) in the Tools > Industrial > General category.","1-1/2"" 4x8 Huber Zip R6.6 - Insulated R-Sheathing (1506969) in Industrial.","1-1/2"" 4x8 Huber Zip R6.6 - Insulated R-Sheathing (1506969) in Industrial.",,,,,,,,,,,,,,,,,,,,,,,,,,,,,,,,,,,,,,,,,,,,,,,,,,,,,,,,,,,,,,,,,,,,,,,,,,,,,,,,,,,,,,,,,,,,,,,,,,,,,,,,,,,,,,,,,,,,,,,,,,,,,,,,,,,,,,,,,,,,,,,,,,,,,,,,,,,,,,,,,,,,,,,,,,,,,,,,,,,,,,,,,,,,,,,,,,,,,,,,,,,,,,,,,,,,,,,,,,,,,,,No
,,,,,,,Tools,Industrial,General,,1514681,"1"" 4x8 Huber Zip R3.6 - Insulated R-Sheathing",-- Unbranded --,-- No Unilog Brand --,-- No DIB Brand --,-,,,,1514681,1514681,Tools > Industrial > General,"1514681 1"" 4x8 Huber Zip R3.6 - Insulated R-Sheathing","1514681 1"" 4X8 HUBER ZIP R3.6 - INSULATED R-SHEATHING","1514681 1"" 4x8 Huber Zip R3.6 - Insulated R-Sheathing","1"" 4x8 Huber Zip R3.6 - Insulated R-Sheathing (MPN: 1514681) in the Tools > Industrial > General category.","1"" 4x8 Huber Zip R3.6 - Insulated R-Sheathing (1514681) in Industrial.","1"" 4x8 Huber Zip R3.6 - Insulated R-Sheathing (1514681) in Industrial.",,,,,,,,,,,,,,,,,,,,,,,,,,,,,,,,,,,,,,,,,,,,,,,,,,,,,,,,,,,,,,,,,,,,,,,,,,,,,,,,,,,,,,,,,,,,,,,,,,,,,,,,,,,,,,,,,,,,,,,,,,,,,,,,,,,,,,,,,,,,,,,,,,,,,,,,,,,,,,,,,,,,,,,,,,,,,,,,,,,,,,,,,,,,,,,,,,,,,,,,,,,,,,,,,,,,,,,,,,,,,,,No
,,,,,,,Tools,Industrial,General,,1514726,"2"" 4x8 Huber Zip R9.6 - Insulated R-Sheathing",-- Unbranded --,-- No Unilog Brand --,-- No DIB Brand --,-,,,,1514726,1514726,Tools > Industrial > General,"1514726 2"" 4x8 Huber Zip R9.6 - Insulated R-Sheathing","1514726 2"" 4X8 HUBER ZIP R9.6 - INSULATED R-SHEATHING","1514726 2"" 4x8 Huber Zip R9.6 - Insulated R-Sheathing","2"" 4x8 Huber Zip R9.6 - Insulated R-Sheathing (MPN: 1514726) in the Tools > Industrial > General category.","2"" 4x8 Huber Zip R9.6 - Insulated R-Sheathing (1514726) in Industrial.","2"" 4x8 Huber Zip R9.6 - Insulated R-Sheathing (1514726) in Industrial.",,,,,,,,,,,,,,,,,,,,,,,,,,,,,,,,,,,,,,,,,,,,,,,,,,,,,,,,,,,,,,,,,,,,,,,,,,,,,,,,,,,,,,,,,,,,,,,,,,,,,,,,,,,,,,,,,,,,,,,,,,,,,,,,,,,,,,,,,,,,,,,,,,,,,,,,,,,,,,,,,,,,,,,,,,,,,,,,,,,,,,,,,,,,,,,,,,,,,,,,,,,,,,,,,,,,,,,,,,,,,,,No
,,,,,,,Tools,Industrial,General,,1728ABL,2x2 Black Fine Fissured 1728BL,-- Unbranded --,-- No Unilog Brand --,-- No DIB Brand --,Palmer Donavin Mfg Company (PALDO),Palmer Donavin Mfg Company (PALDO),,,1728ABL,1728ABL,Tools > Industrial > General,Palmer Donavin Mfg Company 1728ABL 2x2 Black Fine Fissured 1728BL,PALMER DONAVIN MFG COMPANY 1728ABL 2X2 BLACK FINE FISSURED 1,Palmer Donavin Mfg Company 1728ABL 2x2 Black Fine Fissured 1728BL,Palmer Donavin Mfg Company 2x2 Black Fine Fissured 1728BL (MPN: 1728ABL) in the Tools > Industrial > General category.,Palmer Donavin Mfg Company 2x2 Black Fine Fissured 1728BL (1728ABL) in Industrial.,Palmer Donavin Mfg Company 2x2 Black Fine Fissured 1728BL (1728ABL) in Industrial.,,,,,,,,,,,,,,,,,,,,,,,,,,,,,,,,,,,,,,,,,,,,,,,,,,,,,,,,,,,,,,,,,,,,,,,,,,,,,,,,,,,,,,,,,,,,,,,,,,,,,,,,,,,,,,,,,,,,,,,,,,,,,,,,,,,,,,,,,,,,,,,,,,,,,,,,,,,,,,,,,,,,,,,,,,,,,,,,,,,,,,,,,,,,,,,,,,,,,,,,,,,,,,,,,,,,,,,,,,,,,,,No
,,,,,,,Tools,Industrial,General,,402-R,402R 12V12AH 8D Battery,-- Unbranded --,-- No Unilog Brand --,-- No DIB Brand --,MillerTech Energy Solutions (MILTE),MillerTech Energy Solutions (MILTE),,,402-R,402-R,Tools > Industrial > General,MillerTech Energy Solutions 402-R 402R 12V12AH 8D Battery,MILLERTECH ENERGY SOLUTIONS 402-R 402R 12V12AH 8D BATTERY,MillerTech Energy Solutions 402-R 402R 12V12AH 8D Battery,MillerTech Energy Solutions 402R 12V12AH 8D Battery (MPN: 402-R) in the Tools > Industrial > General category.,MillerTech Energy Solutions 402R 12V12AH 8D Battery (402-R) in Industrial.,MillerTech Energy Solutions 402R 12V12AH 8D Battery (402-R) in Industrial.,,,,,,,,,,,,,,,,,,,,,,,,,,,,,,,,,,,,,,,,,,,,,,,,,,,,,,,,,,,,,,,,,,,,,,,,,,,,,,,,,,,,,,,,,,,,,,,,,,,,,,,,,,,,,,,,,,,,,,,,,,,,,,,,,,,,,,,,,,,,,,,,,,,,,,,,,,,,,,,,,,,,,,,,,,,,,,,,,,,,,,,,,,,,,,,,,,,,,,,,,,,,,,,,,,,,,,,,,,,,,,,No
,,,,,,,Tools,Industrial,General,,SL1672,SL1672 Jumpstart & Pwr Supply,-- Unbranded --,-- No Unilog Brand --,Schumacher,-,,,,SL1672,SL1672,Tools > Industrial > General,SL1672 Jumpstart & Pwr Supply,SL1672 JUMPSTART & PWR SUPPLY,SL1672 Jumpstart & Pwr Supply,Jumpstart & Pwr Supply (MPN: SL1672) in the Tools > Industrial > General category.,Jumpstart & Pwr Supply (SL1672) in Industrial.,Jumpstart & Pwr Supply (SL1672) in Industrial.,,,,,,,,,,,,,,,,,,,,,,,,,,,,,,,,,,,,,,,,,,,,,,,,,,,,,,,,,,,,,,,,,,,,,,,,,,,,,,,,,,,,,,,,,,,,,,,,,,,,,,,,,,,,,,,,,,,,,,,,,,,,,,,,,,,,,,,,,,,,,,,,,,,,,,,,,,,,,,,,,,,,,,,,,,,,,,,,,,,,,,,,,,,,,,,,,,,,,,,,,,,,,,,,,,,,,,,,,,,,,,,No
,,,,,,,Tools,Industrial,General,,BM-DW20-YLW-6,BM-DW20-YLW-6 Dewalt - Battery Mounts 6pk,-- Unbranded --,-- No Unilog Brand --,StealthMounts,Metalmark Industrial Inc (METIN),dewalt,DeWalt,,BM-DW20-YLW-6,BM-DW20-YLW-6,Tools > Industrial > General,Metalmark Industrial Inc BM-DW20-YLW-6 Dewalt - Battery Mounts 6pk,METALMARK INDUSTRIAL INC BM-DW20-YLW-6 DEWALT - BATTERY MOUN,Metalmark Industrial Inc BM-DW20-YLW-6 Dewalt - Battery Mounts 6pk,Metalmark Industrial Inc Dewalt - Battery Mounts 6pk (MPN: BM-DW20-YLW-6) in the Tools > Industrial > General category.,Metalmark Industrial Inc Dewalt - Battery Mounts 6pk (BM-DW20-YLW-6) in Industrial.,Metalmark Industrial Inc Dewalt - Battery Mounts 6pk (BM-DW20-YLW-6) in Industrial.,,,,,,,,,,,,,,,,,,,,,,,,,,,,,,,,,,,,,,,,,,,,,,,,,,,,,,,,,,,,,,,,,,,,,,,,,,,,,,,,,,,,,,,,,,,,,,,,,,,,,,,,,,,,,,,,,,,,,,,,,,,,,,,,,,,,,,,,,,,,,,,,,,,,,,,,,,,,,,,,,,,,,,,,,,,,,,,,,,,,,,,,,,,,,,,,,,,,,,,,,,,,,,,,,,,,,,,,,,,,,,,No
,,,,,,,Tools,Industrial,General,,BHA1-UPC,16-24 Adjust Hanger,-- Unbranded --,-- No Unilog Brand --,Southwire,Southwire/g Turner (6603),Southwire/g Turner,,,BHA1-UPC,BHA1-UPC,Tools > Industrial > General,Southwire/g Turner BHA1-UPC 16-24 Adjust Hanger,SOUTHWIRE/G TURNER BHA1-UPC 16-24 ADJUST HANGER,Southwire/g Turner BHA1-UPC 16-24 Adjust Hanger,Southwire/g Turner 16-24 Adjust Hanger (MPN: BHA1-UPC) in the Tools > Industrial > General category.,Southwire/g Turner 16-24 Adjust Hanger (BHA1-UPC) in Industrial.,Southwire/g Turner 16-24 Adjust Hanger (BHA1-UPC) in Industrial.,,,,,,,,,,,,,,,,,,,,,,,,,,,,,,,,,,,,,,,,,,,,,,,,,,,,,,,,,,,,,,,,,,,,,,,,,,,,,,,,,,,,,,,,,,,,,,,,,,,,,,,,,,,,,,,,,,,,,,,,,,,,,,,,,,,,,,,,,,,,,,,,,,,,,,,,,,,,,,,,,,,,,,,,,,,,,,,,,,,,,,,,,,,,,,,,,,,,,,,,,,,,,,,,,,,,,,,,,,,,,,,No
,,,,,,,Tools,Industrial,General,,G1941-UPC,"G1941UPC 4"" Sq Cover Sw/Outlet",-- Unbranded --,-- No Unilog Brand --,Southwire,Southwire/g Turner (6603),Southwire/g Turner,,,G1941-UPC,G1941-UPC,Tools > Industrial > General,"Southwire/g Turner G1941-UPC G1941UPC 4"" Sq Cover Sw/Outlet","SOUTHWIRE/G TURNER G1941-UPC G1941UPC 4"" SQ COVER SW/OUTLET","Southwire/g Turner G1941-UPC G1941UPC 4"" Sq Cover Sw/Outlet","Southwire/g Turner G1941UPC 4"" Sq Cover Sw/Outlet (MPN: G1941-UPC) in the Tools > Industrial > General category.","Southwire/g Turner G1941UPC 4"" Sq Cover Sw/Outlet (G1941-UPC) in Industrial.","Southwire/g Turner G1941UPC 4"" Sq Cover Sw/Outlet (G1941-UPC) in Industrial.",,,,,,,,,,,,,,,,,,,,,,,,,,,,,,,,,,,,,,,,,,,,,,,,,,,,,,,,,,,,,,,,,,,,,,,,,,,,,,,,,,,,,,,,,,,,,,,,,,,,,,,,,,,,,,,,,,,,,,,,,,,,,,,,,,,,,,,,,,,,,,,,,,,,,,,,,,,,,,,,,,,,,,,,,,,,,,,,,,,,,,,,,,,,,,,,,,,,,,,,,,,,,,,,,,,,,,,,,,,,,,,No
,,,,,,,Tools,Industrial,General,,G1950-UPC,4x4 2G GFI Box Cover,-- Unbranded --,-- No Unilog Brand --,Southwire,Southwire/g Turner (6603),Southwire/g Turner,,,G1950-UPC,G1950-UPC,Tools > Industrial > General,Southwire/g Turner G1950-UPC 4x4 2G GFI Box Cover,SOUTHWIRE/G TURNER G1950-UPC 4X4 2G GFI BOX COVER,Southwire/g Turner G1950-UPC 4x4 2G GFI Box Cover,Southwire/g Turner 4x4 2G GFI Box Cover (MPN: G1950-UPC) in the Tools > Industrial > General category.,Southwire/g Turner 4x4 2G GFI Box Cover (G1950-UPC) in Industrial.,Southwire/g Turner 4x4 2G GFI Box Cover (G1950-UPC) in Industrial.,,,,,,,,,,,,,,,,,,,,,,,,,,,,,,,,,,,,,,,,,,,,,,,,,,,,,,,,,,,,,,,,,,,,,,,,,,,,,,,,,,,,,,,,,,,,,,,,,,,,,,,,,,,,,,,,,,,,,,,,,,,,,,,,,,,,,,,,,,,,,,,,,,,,,,,,,,,,,,,,,,,,,,,,,,,,,,,,,,,,,,,,,,,,,,,,,,,,,,,,,,,,,,,,,,,,,,,,,,,,,,,No
,,,,,,,Tools,Industrial,General,,A410RCAR,4x4 1G PVC Box Cover,-- Unbranded --,-- No Unilog Brand --,Carlon,Thomas & Betts (7405),Thomas & Betts,,,A410RCAR,A410RCAR,Tools > Industrial > General,Thomas & Betts A410RCAR 4x4 1G PVC Box Cover,THOMAS & BETTS A410RCAR 4X4 1G PVC BOX COVER,Thomas & Betts A410RCAR 4x4 1G PVC Box Cover,Thomas & Betts 4x4 1G PVC Box Cover (MPN: A410RCAR) in the Tools > Industrial > General category.,Thomas & Betts 4x4 1G PVC Box Cover (A410RCAR) in Industrial.,Thomas & Betts 4x4 1G PVC Box Cover (A410RCAR) in Industrial.,,,,,,,,,,,,,,,,,,,,,,,,,,,,,,,,,,,,,,,,,,,,,,,,,,,,,,,,,,,,,,,,,,,,,,,,,,,,,,,,,,,,,,,,,,,,,,,,,,,,,,,,,,,,,,,,,,,,,,,,,,,,,,,,,,,,,,,,,,,,,,,,,,,,,,,,,,,,,,,,,,,,,,,,,,,,,,,,,,,,,,,,,,,,,,,,,,,,,,,,,,,,,,,,,,,,,,,,,,,,,,,No
,,,,,,,Tools,Industrial,General,,G1951-UPC,4x4 2G GFCI Duplex Box Cover,-- Unbranded --,-- No Unilog Brand --,Southwire,Southwire/g Turner (6603),Southwire/g Turner,,,G1951-UPC,G1951-UPC,Tools > Industrial > General,Southwire/g Turner G1951-UPC 4x4 2G GFCI Duplex Box Cover,SOUTHWIRE/G TURNER G1951-UPC 4X4 2G GFCI DUPLEX BOX COVER,Southwire/g Turner G1951-UPC 4x4 2G GFCI Duplex Box Cover,Southwire/g Turner 4x4 2G GFCI Duplex Box Cover (MPN: G1951-UPC) in the Tools > Industrial > General category.,Southwire/g Turner 4x4 2G GFCI Duplex Box Cover (G1951-UPC) in Industrial.,Southwire/g Turner 4x4 2G GFCI Duplex Box Cover (G1951-UPC) in Industrial.,,,,,,,,,,,,,,,,,,,,,,,,,,,,,,,,,,,,,,,,,,,,,,,,,,,,,,,,,,,,,,,,,,,,,,,,,,,,,,,,,,,,,,,,,,,,,,,,,,,,,,,,,,,,,,,,,,,,,,,,,,,,,,,,,,,,,,,,,,,,,,,,,,,,,,,,,,,,,,,,,,,,,,,,,,,,,,,,,,,,,,,,,,,,,,,,,,,,,,,,,,,,,,,,,,,,,,,,,,,,,,,No
,,,,,,,Tools,Industrial,General,,52C3-5/8-UPC,4x4 1G Box Cover,-- Unbranded --,-- No Unilog Brand --,Southwire,Southwire/g Turner (6603),Southwire/g Turner,,,52C3-5/8-UPC,52C3-5/8-UPC,Tools > Industrial > General,Southwire/g Turner 52C3-5/8-UPC 4x4 1G Box Cover,SOUTHWIRE/G TURNER 52C3-5/8-UPC 4X4 1G BOX COVER,Southwire/g Turner 52C3-5/8-UPC 4x4 1G Box Cover,Southwire/g Turner 4x4 1G Box Cover (MPN: 52C3-5/8-UPC) in the Tools > Industrial > General category.,Southwire/g Turner 4x4 1G Box Cover (52C3-5/8-UPC) in Industrial.,Southwire/g Turner 4x4 1G Box Cover (52C3-5/8-UPC) in Industrial.,,,,,,,,,,,,,,,,,,,,,,,,,,,,,,,,,,,,,,,,,,,,,,,,,,,,,,,,,,,,,,,,,,,,,,,,,,,,,,,,,,,,,,,,,,,,,,,,,,,,,,,,,,,,,,,,,,,,,,,,,,,,,,,,,,,,,,,,,,,,,,,,,,,,,,,,,,,,,,,,,,,,,,,,,,,,,,,,,,,,,,,,,,,,,,,,,,,,,,,,,,,,,,,,,,,,,,,,,,,,,,,No
,,,,,,,Tools,Industrial,General,,52C14-5/8-UPC,4x4 1G Box Cover,-- Unbranded --,-- No Unilog Brand --,Southwire,Southwire/g Turner (6603),Southwire/g Turner,,,52C14-5/8-UPC,52C14-5/8-UPC,Tools > Industrial > General,Southwire/g Turner 52C14-5/8-UPC 4x4 1G Box Cover,SOUTHWIRE/G TURNER 52C14-5/8-UPC 4X4 1G BOX COVER,Southwire/g Turner 52C14-5/8-UPC 4x4 1G Box Cover,Southwire/g Turner 4x4 1G Box Cover (MPN: 52C14-5/8-UPC) in the Tools > Industrial > General category.,Southwire/g Turner 4x4 1G Box Cover (52C14-5/8-UPC) in Industrial.,Southwire/g Turner 4x4 1G Box Cover (52C14-5/8-UPC) in Industrial.,,,,,,,,,,,,,,,,,,,,,,,,,,,,,,,,,,,,,,,,,,,,,,,,,,,,,,,,,,,,,,,,,,,,,,,,,,,,,,,,,,,,,,,,,,,,,,,,,,,,,,,,,,,,,,,,,,,,,,,,,,,,,,,,,,,,,,,,,,,,,,,,,,,,,,,,,,,,,,,,,,,,,,,,,,,,,,,,,,,,,,,,,,,,,,,,,,,,,,,,,,,,,,,,,,,,,,,,,,,,,,,No
,,,,,,,Tools,Industrial,General,,52C3-UPC,4x4 1G Box Cover,-- Unbranded --,-- No Unilog Brand --,Southwire,Southwire/g Turner (6603),Southwire/g Turner,,,52C3-UPC,52C3-UPC,Tools > Industrial > General,Southwire/g Turner 52C3-UPC 4x4 1G Box Cover,SOUTHWIRE/G TURNER 52C3-UPC 4X4 1G BOX COVER,Southwire/g Turner 52C3-UPC 4x4 1G Box Cover,Southwire/g Turner 4x4 1G Box Cover (MPN: 52C3-UPC) in the Tools > Industrial > General category.,Southwire/g Turner 4x4 1G Box Cover (52C3-UPC) in Industrial.,Southwire/g Turner 4x4 1G Box Cover (52C3-UPC) in Industrial.,,,,,,,,,,,,,,,,,,,,,,,,,,,,,,,,,,,,,,,,,,,,,,,,,,,,,,,,,,,,,,,,,,,,,,,,,,,,,,,,,,,,,,,,,,,,,,,,,,,,,,,,,,,,,,,,,,,,,,,,,,,,,,,,,,,,,,,,,,,,,,,,,,,,,,,,,,,,,,,,,,,,,,,,,,,,,,,,,,,,,,,,,,,,,,,,,,,,,,,,,,,,,,,,,,,,,,,,,,,,,,,No
,,,,,,,Tools,Industrial,General,,54151-F-UPC,4x4x1-1/2 Oct Box w/Bracket,-- Unbranded --,-- No Unilog Brand --,Southwire,Southwire/g Turner (6603),Southwire/g Turner,,,54151-F-UPC,54151-F-UPC,Tools > Industrial > General,Southwire/g Turner 54151-F-UPC 4x4x1-1/2 Oct Box w/Bracket,SOUTHWIRE/G TURNER 54151-F-UPC 4X4X1-1/2 OCT BOX W/BRACKET,Southwire/g Turner 54151-F-UPC 4x4x1-1/2 Oct Box w/Bracket,Southwire/g Turner 4x4x1-1/2 Oct Box w/Bracket (MPN: 54151-F-UPC) in the Tools > Industrial > General category.,Southwire/g Turner 4x4x1-1/2 Oct Box w/Bracket (54151-F-UPC) in Industrial.,Southwire/g Turner 4x4x1-1/2 Oct Box w/Bracket (54151-F-UPC) in Industrial.,,,,,,,,,,,,,,,,,,,,,,,,,,,,,,,,,,,,,,,,,,,,,,,,,,,,,,,,,,,,,,,,,,,,,,,,,,,,,,,,,,,,,,,,,,,,,,,,,,,,,,,,,,,,,,,,,,,,,,,,,,,,,,,,,,,,,,,,,,,,,,,,,,,,,,,,,,,,,,,,,,,,,,,,,,,,,,,,,,,,,,,,,,,,,,,,,,,,,,,,,,,,,,,,,,,,,,,,,,,,,,,No
,,,,,,,Tools,Industrial,General,,54151-HUR-UPC,4x4x1-1/2 Oct Box w/Hanger,-- Unbranded --,-- No Unilog Brand --,Southwire,Southwire/g Turner (6603),Southwire/g Turner,,,54151-HUR-UPC,54151-HUR-UPC,Tools > Industrial > General,Southwire/g Turner 54151-HUR-UPC 4x4x1-1/2 Oct Box w/Hanger,SOUTHWIRE/G TURNER 54151-HUR-UPC 4X4X1-1/2 OCT BOX W/HANGER,Southwire/g Turner 54151-HUR-UPC 4x4x1-1/2 Oct Box w/Hanger,Southwire/g Turner 4x4x1-1/2 Oct Box w/Hanger (MPN: 54151-HUR-UPC) in the Tools > Industrial > General category.,Southwire/g Turner 4x4x1-1/2 Oct Box w/Hanger (54151-HUR-UPC) in Industrial.,Southwire/g Turner 4x4x1-1/2 Oct Box w/Hanger (54151-HUR-UPC) in Industrial.,,,,,,,,,,,,,,,,,,,,,,,,,,,,,,,,,,,,,,,,,,,,,,,,,,,,,,,,,,,,,,,,,,,,,,,,,,,,,,,,,,,,,,,,,,,,,,,,,,,,,,,,,,,,,,,,,,,,,,,,,,,,,,,,,,,,,,,,,,,,,,,,,,,,,,,,,,,,,,,,,,,,,,,,,,,,,,,,,,,,,,,,,,,,,,,,,,,,,,,,,,,,,,,,,,,,,,,,,,,,,,,No
,,,,,,,Tools,Industrial,General,,54151-JR-UPC,4x4x1-1/2 Oct Box w/Brakcet,-- Unbranded --,-- No Unilog Brand --,Southwire,Southwire/g Turner (6603),Southwire/g Turner,,,54151-JR-UPC,54151-JR-UPC,Tools > Industrial > General,Southwire/g Turner 54151-JR-UPC 4x4x1-1/2 Oct Box w/Brakcet,SOUTHWIRE/G TURNER 54151-JR-UPC 4X4X1-1/2 OCT BOX W/BRAKCET,Southwire/g Turner 54151-JR-UPC 4x4x1-1/2 Oct Box w/Brakcet,Southwire/g Turner 4x4x1-1/2 Oct Box w/Brakcet (MPN: 54151-JR-UPC) in the Tools > Industrial > General category.,Southwire/g Turner 4x4x1-1/2 Oct Box w/Brakcet (54151-JR-UPC) in Industrial.,Southwire/g Turner 4x4x1-1/2 Oct Box w/Brakcet (54151-JR-UPC) in Industrial.,,,,,,,,,,,,,,,,,,,,,,,,,,,,,,,,,,,,,,,,,,,,,,,,,,,,,,,,,,,,,,,,,,,,,,,,,,,,,,,,,,,,,,,,,,,,,,,,,,,,,,,,,,,,,,,,,,,,,,,,,,,,,,,,,,,,,,,,,,,,,,,,,,,,,,,,,,,,,,,,,,,,,,,,,,,,,,,,,,,,,,,,,,,,,,,,,,,,,,,,,,,,,,,,,,,,,,,,,,,,,,,No
,,,,,,,Tools,Industrial,General,,54171-R-UPC,4x4x2 Oct Box,-- Unbranded --,-- No Unilog Brand --,Southwire,Southwire/g Turner (6603),Southwire/g Turner,,,54171-R-UPC,54171-R-UPC,Tools > Industrial > General,Southwire/g Turner 54171-R-UPC 4x4x2 Oct Box,SOUTHWIRE/G TURNER 54171-R-UPC 4X4X2 OCT BOX,Southwire/g Turner 54171-R-UPC 4x4x2 Oct Box,Southwire/g Turner 4x4x2 Oct Box (MPN: 54171-R-UPC) in the Tools > Industrial > General category.,Southwire/g Turner 4x4x2 Oct Box (54171-R-UPC) in Industrial.,Southwire/g Turner 4x4x2 Oct Box (54171-R-UPC) in Industrial.,,,,,,,,,,,,,,,,,,,,,,,,,,,,,,,,,,,,,,,,,,,,,,,,,,,,,,,,,,,,,,,,,,,,,,,,,,,,,,,,,,,,,,,,,,,,,,,,,,,,,,,,,,,,,,,,,,,,,,,,,,,,,,,,,,,,,,,,,,,,,,,,,,,,,,,,,,,,,,,,,,,,,,,,,,,,,,,,,,,,,,,,,,,,,,,,,,,,,,,,,,,,,,,,,,,,,,,,,,,,,,,No
,,,,,,,Tools,Industrial,General,,52151-S-UPC,4x4x1-1/2 Square Box,-- Unbranded --,-- No Unilog Brand --,Southwire,Southwire/g Turner (6603),Southwire/g Turner,,,52151-S-UPC,52151-S-UPC,Tools > Industrial > General,Southwire/g Turner 52151-S-UPC 4x4x1-1/2 Square Box,SOUTHWIRE/G TURNER 52151-S-UPC 4X4X1-1/2 SQUARE BOX,Southwire/g Turner 52151-S-UPC 4x4x1-1/2 Square Box,Southwire/g Turner 4x4x1-1/2 Square Box (MPN: 52151-S-UPC) in the Tools > Industrial > General category.,Southwire/g Turner 4x4x1-1/2 Square Box (52151-S-UPC) in Industrial.,Southwire/g Turner 4x4x1-1/2 Square Box (52151-S-UPC) in Industrial.,,,,,,,,,,,,,,,,,,,,,,,,,,,,,,,,,,,,,,,,,,,,,,,,,,,,,,,,,,,,,,,,,,,,,,,,,,,,,,,,,,,,,,,,,,,,,,,,,,,,,,,,,,,,,,,,,,,,,,,,,,,,,,,,,,,,,,,,,,,,,,,,,,,,,,,,,,,,,,,,,,,,,,,,,,,,,,,,,,,,,,,,,,,,,,,,,,,,,,,,,,,,,,,,,,,,,,,,,,,,,,,No
,,,,,,,Tools,Industrial,General,,72171-3/4-1W-UPC,4-1/2x4-1/2x2 2G Box,-- Unbranded --,-- No Unilog Brand --,Southwire,Southwire/g Turner (6603),Southwire/g Turner,,,72171-3/4-1W-UPC,72171-3/4-1W-UPC,Tools > Industrial > General,Southwire/g Turner 72171-3/4-1W-UPC 4-1/2x4-1/2x2 2G Box,SOUTHWIRE/G TURNER 72171-3/4-1W-UPC 4-1/2X4-1/2X2 2G BOX,Southwire/g Turner 72171-3/4-1W-UPC 4-1/2x4-1/2x2 2G Box,Southwire/g Turner 4-1/2x4-1/2x2 2G Box (MPN: 72171-3/4-1W-UPC) in the Tools > Industrial > General category.,Southwire/g Turner 4-1/2x4-1/2x2 2G Box (72171-3/4-1W-UPC) in Industrial.,Southwire/g Turner 4-1/2x4-1/2x2 2G Box (72171-3/4-1W-UPC) in Industrial.,,,,,,,,,,,,,,,,,,,,,,,,,,,,,,,,,,,,,,,,,,,,,,,,,,,,,,,,,,,,,,,,,,,,,,,,,,,,,,,,,,,,,,,,,,,,,,,,,,,,,,,,,,,,,,,,,,,,,,,,,,,,,,,,,,,,,,,,,,,,,,,,,,,,,,,,,,,,,,,,,,,,,,,,,,,,,,,,,,,,,,,,,,,,,,,,,,,,,,,,,,,,,,,,,,,,,,,,,,,,,,,No
,,,,,,,Tools,Industrial,General,,5522-5EV,5522-5EV 2 Port Decor Plate,-- Unbranded --,-- No Unilog Brand --,-- No DIB Brand --,Cooper Wiring Devices (3560),,,,5522-5EV,5522-5EV,Tools > Industrial > General,Cooper Wiring Devices 5522-5EV 2 Port Decor Plate,COOPER WIRING DEVICES 5522-5EV 2 PORT DECOR PLATE,Cooper Wiring Devices 5522-5EV 2 Port Decor Plate,Cooper Wiring Devices 2 Port Decor Plate (MPN: 5522-5EV) in the Tools > Industrial > General category.,Cooper Wiring Devices 2 Port Decor Plate (5522-5EV) in Industrial.,Cooper Wiring Devices 2 Port Decor Plate (5522-5EV) in Industrial.,,,,,,,,,,,,,,,,,,,,,,,,,,,,,,,,,,,,,,,,,,,,,,,,,,,,,,,,,,,,,,,,,,,,,,,,,,,,,,,,,,,,,,,,,,,,,,,,,,,,,,,,,,,,,,,,,,,,,,,,,,,,,,,,,,,,,,,,,,,,,,,,,,,,,,,,,,,,,,,,,,,,,,,,,,,,,,,,,,,,,,,,,,,,,,,,,,,,,,,,,,,,,,,,,,,,,,,,,,,,,,,No
,,,,,,,Tools,Industrial,General,,AYCL-153PH-LA,AYCL-153PH-LA Lutron Dimmer LA,-- Unbranded --,-- No Unilog Brand --,-- No DIB Brand --,Fenton Bros Electric Inc (FENBR),Fenton Bros Electric Inc (FENBR),Lutron,,AYCL-153PH-LA,AYCL-153PH-LA,Tools > Industrial > General,Fenton Bros Electric Inc AYCL-153PH-LA Lutron Dimmer LA,FENTON BROS ELECTRIC INC AYCL-153PH-LA LUTRON DIMMER LA,Fenton Bros Electric Inc AYCL-153PH-LA Lutron Dimmer LA,Fenton Bros Electric Inc Lutron Dimmer LA (MPN: AYCL-153PH-LA) in the Tools > Industrial > General category.,Fenton Bros Electric Inc Lutron Dimmer LA (AYCL-153PH-LA) in Industrial.,Fenton Bros Electric Inc Lutron Dimmer LA (AYCL-153PH-LA) in Industrial.,,,,,,,,,,,,,,,,,,,,,,,,,,,,,,,,,,,,,,,,,,,,,,,,,,,,,,,,,,,,,,,,,,,,,,,,,,,,,,,,,,,,,,,,,,,,,,,,,,,,,,,,,,,,,,,,,,,,,,,,,,,,,,,,,,,,,,,,,,,,,,,,,,,,,,,,,,,,,,,,,,,,,,,,,,,,,,,,,,,,,,,,,,,,,,,,,,,,,,,,,,,,,,,,,,,,,,,,,,,,,,,No
,,,,,,,Tools,Industrial,General,,AYCL-153PH-WH,AYCL-153PH-WH Lutron Dimmer Wh,-- Unbranded --,-- No Unilog Brand --,-- No DIB Brand --,Fenton Bros Electric Inc (FENBR),Fenton Bros Electric Inc (FENBR),Lutron,,AYCL-153PH-WH,AYCL-153PH-WH,Tools > Industrial > General,Fenton Bros Electric Inc AYCL-153PH-WH Lutron Dimmer Wh,FENTON BROS ELECTRIC INC AYCL-153PH-WH LUTRON DIMMER WH,Fenton Bros Electric Inc AYCL-153PH-WH Lutron Dimmer Wh,Fenton Bros Electric Inc Lutron Dimmer Wh (MPN: AYCL-153PH-WH) in the Tools > Industrial > General category.,Fenton Bros Electric Inc Lutron Dimmer Wh (AYCL-153PH-WH) in Industrial.,Fenton Bros Electric Inc Lutron Dimmer Wh (AYCL-153PH-WH) in Industrial.,,,,,,,,,,,,,,,,,,,,,,,,,,,,,,,,,,,,,,,,,,,,,,,,,,,,,,,,,,,,,,,,,,,,,,,,,,,,,,,,,,,,,,,,,,,,,,,,,,,,,,,,,,,,,,,,,,,,,,,,,,,,,,,,,,,,,,,,,,,,,,,,,,,,,,,,,,,,,,,,,,,,,,,,,,,,,,,,,,,,,,,,,,,,,,,,,,,,,,,,,,,,,,,,,,,,,,,,,,,,,,,No
,,,,,,,Tools,Industrial,General,,D23LP-R02-1RW,D23LPR021RW Plug In Dimmer Wh,-- Unbranded --,-- No Unilog Brand --,Leviton,Leviton Mfg Co (4927),Leviton Mfg Co,,,D23LP-R02-1RW,D23LP-R02-1RW,Tools > Industrial > General,Leviton Mfg Co D23LP-R02-1RW D23LPR021RW Plug In Dimmer Wh,LEVITON MFG CO D23LP-R02-1RW D23LPR021RW PLUG IN DIMMER WH,Leviton Mfg Co D23LP-R02-1RW D23LPR021RW Plug In Dimmer Wh,Leviton Mfg Co D23LPR021RW Plug In Dimmer Wh (MPN: D23LP-R02-1RW) in the Tools > Industrial > General category.,Leviton Mfg Co D23LPR021RW Plug In Dimmer Wh (D23LP-R02-1RW) in Industrial.,Leviton Mfg Co D23LPR021RW Plug In Dimmer Wh (D23LP-R02-1RW) in Industrial.,,,,,,,,,,,,,,,,,,,,,,,,,,,,,,,,,,,,,,,,,,,,,,,,,,,,,,,,,,,,,,,,,,,,,,,,,,,,,,,,,,,,,,,,,,,,,,,,,,,,,,,,,,,,,,,,,,,,,,,,,,,,,,,,,,,,,,,,,,,,,,,,,,,,,,,,,,,,,,,,,,,,,,,,,,,,,,,,,,,,,,,,,,,,,,,,,,,,,,,,,,,,,,,,,,,,,,,,,,,,,,,No
,,,,,,,Tools,Industrial,General,,TNOCD002,TNOCD002 125V Outdooor Timer,-- Unbranded --,-- No Unilog Brand --,Prime,Prime Wire & Cable (3562),Prime Wire & Cable,,,TNOCD002,TNOCD002,Tools > Industrial > General,Prime Wire & Cable TNOCD002 125V Outdooor Timer,PRIME WIRE & CABLE TNOCD002 125V OUTDOOOR TIMER,Prime Wire & Cable TNOCD002 125V Outdooor Timer,Prime Wire & Cable 125V Outdooor Timer (MPN: TNOCD002) in the Tools > Industrial > General category.,Prime Wire & Cable 125V Outdooor Timer (TNOCD002) in Industrial.,Prime Wire & Cable 125V Outdooor Timer (TNOCD002) in Industrial.,,,,,,,,,,,,,,,,,,,,,,,,,,,,,,,,,,,,,,,,,,,,,,,,,,,,,,,,,,,,,,,,,,,,,,,,,,,,,,,,,,,,,,,,,,,,,,,,,,,,,,,,,,,,,,,,,,,,,,,,,,,,,,,,,,,,,,,,,,,,,,,,,,,,,,,,,,,,,,,,,,,,,,,,,,,,,,,,,,,,,,,,,,,,,,,,,,,,,,,,,,,,,,,,,,,,,,,,,,,,,,,No
,,,,,,,Tools,Industrial,General,,TNDHD002,TNDHD002 125V 7Day Timer,-- Unbranded --,-- No Unilog Brand --,Prime,Prime Wire & Cable (3562),Prime Wire & Cable,,,TNDHD002,TNDHD002,Tools > Industrial > General,Prime Wire & Cable TNDHD002 125V 7Day Timer,PRIME WIRE & CABLE TNDHD002 125V 7DAY TIMER,Prime Wire & Cable TNDHD002 125V 7Day Timer,Prime Wire & Cable 125V 7Day Timer (MPN: TNDHD002) in the Tools > Industrial > General category.,Prime Wire & Cable 125V 7Day Timer (TNDHD002) in Industrial.,Prime Wire & Cable 125V 7Day Timer (TNDHD002) in Industrial.,,,,,,,,,,,,,,,,,,,,,,,,,,,,,,,,,,,,,,,,,,,,,,,,,,,,,,,,,,,,,,,,,,,,,,,,,,,,,,,,,,,,,,,,,,,,,,,,,,,,,,,,,,,,,,,,,,,,,,,,,,,,,,,,,,,,,,,,,,,,,,,,,,,,,,,,,,,,,,,,,,,,,,,,,,,,,,,,,,,,,,,,,,,,,,,,,,,,,,,,,,,,,,,,,,,,,,,,,,,,,,,No
,,,,,,,Tools,Industrial,General,,TNIDP12,TNIDP12 125V Dig Indoor Timer,-- Unbranded --,-- No Unilog Brand --,Prime,Prime Wire & Cable (3562),Prime Wire & Cable,,,TNIDP12,TNIDP12,Tools > Industrial > General,Prime Wire & Cable TNIDP12 125V Dig Indoor Timer,PRIME WIRE & CABLE TNIDP12 125V DIG INDOOR TIMER,Prime Wire & Cable TNIDP12 125V Dig Indoor Timer,Prime Wire & Cable 125V Dig Indoor Timer (MPN: TNIDP12) in the Tools > Industrial > General category.,Prime Wire & Cable 125V Dig Indoor Timer (TNIDP12) in Industrial.,Prime Wire & Cable 125V Dig Indoor Timer (TNIDP12) in Industrial.,,,,,,,,,,,,,,,,,,,,,,,,,,,,,,,,,,,,,,,,,,,,,,,,,,,,,,,,,,,,,,,,,,,,,,,,,,,,,,,,,,,,,,,,,,,,,,,,,,,,,,,,,,,,,,,,,,,,,,,,,,,,,,,,,,,,,,,,,,,,,,,,,,,,,,,,,,,,,,,,,,,,,,,,,,,,,,,,,,,,,,,,,,,,,,,,,,,,,,,,,,,,,,,,,,,,,,,,,,,,,,,No
,,,,,,,Tools,Industrial,General,,TNIW24,TNIW24 125V 24hr Mech Timer,-- Unbranded --,-- No Unilog Brand --,Prime,Prime Wire & Cable (3562),Prime Wire & Cable,,,TNIW24,TNIW24,Tools > Industrial > General,Prime Wire & Cable TNIW24 125V 24hr Mech Timer,PRIME WIRE & CABLE TNIW24 125V 24HR MECH TIMER,Prime Wire & Cable TNIW24 125V 24hr Mech Timer,Prime Wire & Cable 125V 24hr Mech Timer (MPN: TNIW24) in the Tools > Industrial > General category.,Prime Wire & Cable 125V 24hr Mech Timer (TNIW24) in Industrial.,Prime Wire & Cable 125V 24hr Mech Timer (TNIW24) in Industrial.,,,,,,,,,,,,,,,,,,,,,,,,,,,,,,,,,,,,,,,,,,,,,,,,,,,,,,,,,,,,,,,,,,,,,,,,,,,,,,,,,,,,,,,,,,,,,,,,,,,,,,,,,,,,,,,,,,,,,,,,,,,,,,,,,,,,,,,,,,,,,,,,,,,,,,,,,,,,,,,,,,,,,,,,,,,,,,,,,,,,,,,,,,,,,,,,,,,,,,,,,,,,,,,,,,,,,,,,,,,,,,,No
,,,,,,,Tools,Industrial,General,,65-1222,65-1222 1' Led Lt Multi CCT,-- Unbranded --,-- No Unilog Brand --,-- No DIB Brand --,Satco Prod Inc (5573),Satco Prod Inc,,,65-1222,65-1222,Tools > Industrial > General,Satco Prod Inc 65-1222 1' Led Lt Multi CCT,SATCO PROD INC 65-1222 1' LED LT MULTI CCT,Satco Prod Inc 65-1222 1' Led Lt Multi CCT,Satco Prod Inc 1' Led Lt Multi CCT (MPN: 65-1222) in the Tools > Industrial > General category.,Satco Prod Inc 1' Led Lt Multi CCT (65-1222) in Industrial.,Satco Prod Inc 1' Led Lt Multi CCT (65-1222) in Industrial.,,,,,,,,,,,,,,,,,,,,,,,,,,,,,,,,,,,,,,,,,,,,,,,,,,,,,,,,,,,,,,,,,,,,,,,,,,,,,,,,,,,,,,,,,,,,,,,,,,,,,,,,,,,,,,,,,,,,,,,,,,,,,,,,,,,,,,,,,,,,,,,,,,,,,,,,,,,,,,,,,,,,,,,,,,,,,,,,,,,,,,,,,,,,,,,,,,,,,,,,,,,,,,,,,,,,,,,,,,,,,,,No
,,,,,,,Tools,Industrial,General,,65-1224,65-1224 4' Led Strip Light,-- Unbranded --,-- No Unilog Brand --,Satco,Satco Prod Inc (5573),Satco Prod Inc,,,65-1224,65-1224,Tools > Industrial > General,Satco Prod Inc 65-1224 4' Led Strip Light,SATCO PROD INC 65-1224 4' LED STRIP LIGHT,Satco Prod Inc 65-1224 4' Led Strip Light,Satco Prod Inc 4' Led Strip Light (MPN: 65-1224) in the Tools > Industrial > General category.,Satco Prod Inc 4' Led Strip Light (65-1224) in Industrial.,Satco Prod Inc 4' Led Strip Light (65-1224) in Industrial.,,,,,,,,,,,,,,,,,,,,,,,,,,,,,,,,,,,,,,,,,,,,,,,,,,,,,,,,,,,,,,,,,,,,,,,,,,,,,,,,,,,,,,,,,,,,,,,,,,,,,,,,,,,,,,,,,,,,,,,,,,,,,,,,,,,,,,,,,,,,,,,,,,,,,,,,,,,,,,,,,,,,,,,,,,,,,,,,,,,,,,,,,,,,,,,,,,,,,,,,,,,,,,,,,,,,,,,,,,,,,,,No
,,,,,,,Tools,Industrial,General,,45297BK,45297BK Kichler Wall Lt,-- Unbranded --,-- No Unilog Brand --,-- No DIB Brand --,Kichler Lighting (KICLI),Kichler Lighting (KICLI),Kichler,,45297BK,45297BK,Tools > Industrial > General,Kichler Lighting 45297BK Kichler Wall Lt,KICHLER LIGHTING 45297BK KICHLER WALL LT,Kichler Lighting 45297BK Kichler Wall Lt,Kichler Lighting Kichler Wall Lt (MPN: 45297BK) in the Tools > Industrial > General category.,Kichler Lighting Kichler Wall Lt (45297BK) in Industrial.,Kichler Lighting Kichler Wall Lt (45297BK) in Industrial.,,,,,,,,,,,,,,,,,,,,,,,,,,,,,,,,,,,,,,,,,,,,,,,,,,,,,,,,,,,,,,,,,,,,,,,,,,,,,,,,,,,,,,,,,,,,,,,,,,,,,,,,,,,,,,,,,,,,,,,,,,,,,,,,,,,,,,,,,,,,,,,,,,,,,,,,,,,,,,,,,,,,,,,,,,,,,,,,,,,,,,,,,,,,,,,,,,,,,,,,,,,,,,,,,,,,,,,,,,,,,,,No
,,,,,,,Tools,Industrial,General,,45573BK,45573BK Kichler Wall Light,-- Unbranded --,-- No Unilog Brand --,-- No DIB Brand --,Kichler Lighting (KICLI),Kichler Lighting (KICLI),Kichler,,45573BK,45573BK,Tools > Industrial > General,Kichler Lighting 45573BK Kichler Wall Light,KICHLER LIGHTING 45573BK KICHLER WALL LIGHT,Kichler Lighting 45573BK Kichler Wall Light,Kichler Lighting Kichler Wall Light (MPN: 45573BK) in the Tools > Industrial > General category.,Kichler Lighting Kichler Wall Light (45573BK) in Industrial.,Kichler Lighting Kichler Wall Light (45573BK) in Industrial.,,,,,,,,,,,,,,,,,,,,,,,,,,,,,,,,,,,,,,,,,,,,,,,,,,,,,,,,,,,,,,,,,,,,,,,,,,,,,,,,,,,,,,,,,,,,,,,,,,,,,,,,,,,,,,,,,,,,,,,,,,,,,,,,,,,,,,,,,,,,,,,,,,,,,,,,,,,,,,,,,,,,,,,,,,,,,,,,,,,,,,,,,,,,,,,,,,,,,,,,,,,,,,,,,,,,,,,,,,,,,,,No
,,,,,,,Tools,Industrial,General,,37418A,37418A Kichler Bath Light,-- Unbranded --,-- No Unilog Brand --,-- No DIB Brand --,Kichler Lighting (KICLI),Kichler Lighting (KICLI),Kichler,,37418A,37418A,Tools > Industrial > General,Kichler Lighting 37418A Kichler Bath Light,KICHLER LIGHTING 37418A KICHLER BATH LIGHT,Kichler Lighting 37418A Kichler Bath Light,Kichler Lighting Kichler Bath Light (MPN: 37418A) in the Tools > Industrial > General category.,Kichler Lighting Kichler Bath Light (37418A) in Industrial.,Kichler Lighting Kichler Bath Light (37418A) in Industrial.,,,,,,,,,,,,,,,,,,,,,,,,,,,,,,,,,,,,,,,,,,,,,,,,,,,,,,,,,,,,,,,,,,,,,,,,,,,,,,,,,,,,,,,,,,,,,,,,,,,,,,,,,,,,,,,,,,,,,,,,,,,,,,,,,,,,,,,,,,,,,,,,,,,,,,,,,,,,,,,,,,,,,,,,,,,,,,,,,,,,,,,,,,,,,,,,,,,,,,,,,,,,,,,,,,,,,,,,,,,,,,,No
,,,,,,,Tools,Industrial,General,,37423A,37423A Kichler Bath Light,-- Unbranded --,-- No Unilog Brand --,-- No DIB Brand --,Kichler Lighting (KICLI),Kichler Lighting (KICLI),Kichler,,37423A,37423A,Tools > Industrial > General,Kichler Lighting 37423A Kichler Bath Light,KICHLER LIGHTING 37423A KICHLER BATH LIGHT,Kichler Lighting 37423A Kichler Bath Light,Kichler Lighting Kichler Bath Light (MPN: 37423A) in the Tools > Industrial > General category.,Kichler Lighting Kichler Bath Light (37423A) in Industrial.,Kichler Lighting Kichler Bath Light (37423A) in Industrial.,,,,,,,,,,,,,,,,,,,,,,,,,,,,,,,,,,,,,,,,,,,,,,,,,,,,,,,,,,,,,,,,,,,,,,,,,,,,,,,,,,,,,,,,,,,,,,,,,,,,,,,,,,,,,,,,,,,,,,,,,,,,,,,,,,,,,,,,,,,,,,,,,,,,,,,,,,,,,,,,,,,,,,,,,,,,,,,,,,,,,,,,,,,,,,,,,,,,,,,,,,,,,,,,,,,,,,,,,,,,,,,No
,,,,,,,Tools,Industrial,General,,45496BKCLR,45496BKCLR Kichler Bath Light,-- Unbranded --,-- No Unilog Brand --,-- No DIB Brand --,Kichler Lighting (KICLI),Kichler Lighting (KICLI),Kichler,,45496BKCLR,45496BKCLR,Tools > Industrial > General,Kichler Lighting 45496BKCLR Kichler Bath Light,KICHLER LIGHTING 45496BKCLR KICHLER BATH LIGHT,Kichler Lighting 45496BKCLR Kichler Bath Light,Kichler Lighting Kichler Bath Light (MPN: 45496BKCLR) in the Tools > Industrial > General category.,Kichler Lighting Kichler Bath Light (45496BKCLR) in Industrial.,Kichler Lighting Kichler Bath Light (45496BKCLR) in Industrial.,,,,,,,,,,,,,,,,,,,,,,,,,,,,,,,,,,,,,,,,,,,,,,,,,,,,,,,,,,,,,,,,,,,,,,,,,,,,,,,,,,,,,,,,,,,,,,,,,,,,,,,,,,,,,,,,,,,,,,,,,,,,,,,,,,,,,,,,,,,,,,,,,,,,,,,,,,,,,,,,,,,,,,,,,,,,,,,,,,,,,,,,,,,,,,,,,,,,,,,,,,,,,,,,,,,,,,,,,,,,,,,No
,,,,,,,Tools,Industrial,General,,45973BK,45973BK Kichler Wall Light,-- Unbranded --,-- No Unilog Brand --,-- No DIB Brand --,Kichler Lighting (KICLI),Kichler Lighting (KICLI),Kichler,,45973BK,45973BK,Tools > Industrial > General,Kichler Lighting 45973BK Kichler Wall Light,KICHLER LIGHTING 45973BK KICHLER WALL LIGHT,Kichler Lighting 45973BK Kichler Wall Light,Kichler Lighting Kichler Wall Light (MPN: 45973BK) in the Tools > Industrial > General category.,Kichler Lighting Kichler Wall Light (45973BK) in Industrial.,Kichler Lighting Kichler Wall Light (45973BK) in Industrial.,,,,,,,,,,,,,,,,,,,,,,,,,,,,,,,,,,,,,,,,,,,,,,,,,,,,,,,,,,,,,,,,,,,,,,,,,,,,,,,,,,,,,,,,,,,,,,,,,,,,,,,,,,,,,,,,,,,,,,,,,,,,,,,,,,,,,,,,,,,,,,,,,,,,,,,,,,,,,,,,,,,,,,,,,,,,,,,,,,,,,,,,,,,,,,,,,,,,,,,,,,,,,,,,,,,,,,,,,,,,,,,No
,,,,,,,Tools,Industrial,General,,55155BK,55155BK Kichler Wall Lt,-- Unbranded --,-- No Unilog Brand --,-- No DIB Brand --,Kichler Lighting (KICLI),Kichler Lighting (KICLI),Kichler,,55155BK,55155BK,Tools > Industrial > General,Kichler Lighting 55155BK Kichler Wall Lt,KICHLER LIGHTING 55155BK KICHLER WALL LT,Kichler Lighting 55155BK Kichler Wall Lt,Kichler Lighting Kichler Wall Lt (MPN: 55155BK) in the Tools > Industrial > General category.,Kichler Lighting Kichler Wall Lt (55155BK) in Industrial.,Kichler Lighting Kichler Wall Lt (55155BK) in Industrial.,,,,,,,,,,,,,,,,,,,,,,,,,,,,,,,,,,,,,,,,,,,,,,,,,,,,,,,,,,,,,,,,,,,,,,,,,,,,,,,,,,,,,,,,,,,,,,,,,,,,,,,,,,,,,,,,,,,,,,,,,,,,,,,,,,,,,,,,,,,,,,,,,,,,,,,,,,,,,,,,,,,,,,,,,,,,,,,,,,,,,,,,,,,,,,,,,,,,,,,,,,,,,,,,,,,,,,,,,,,,,,,No
,,,,,,,Tools,Industrial,General,,55157CPZ,55157CPZ Kichler Wall Light,-- Unbranded --,-- No Unilog Brand --,-- No DIB Brand --,Kichler Lighting (KICLI),Kichler Lighting (KICLI),Kichler,,55157CPZ,55157CPZ,Tools > Industrial > General,Kichler Lighting 55157CPZ Kichler Wall Light,KICHLER LIGHTING 55157CPZ KICHLER WALL LIGHT,Kichler Lighting 55157CPZ Kichler Wall Light,Kichler Lighting Kichler Wall Light (MPN: 55157CPZ) in the Tools > Industrial > General category.,Kichler Lighting Kichler Wall Light (55157CPZ) in Industrial.,Kichler Lighting Kichler Wall Light (55157CPZ) in Industrial.,,,,,,,,,,,,,,,,,,,,,,,,,,,,,,,,,,,,,,,,,,,,,,,,,,,,,,,,,,,,,,,,,,,,,,,,,,,,,,,,,,,,,,,,,,,,,,,,,,,,,,,,,,,,,,,,,,,,,,,,,,,,,,,,,,,,,,,,,,,,,,,,,,,,,,,,,,,,,,,,,,,,,,,,,,,,,,,,,,,,,,,,,,,,,,,,,,,,,,,,,,,,,,,,,,,,,,,,,,,,,,,No
,,,,,,,Tools,Industrial,General,,55184BK,55184BK Kichler Wall Lt,-- Unbranded --,-- No Unilog Brand --,-- No DIB Brand --,Kichler Lighting (KICLI),Kichler Lighting (KICLI),Kichler,,55184BK,55184BK,Tools > Industrial > General,Kichler Lighting 55184BK Kichler Wall Lt,KICHLER LIGHTING 55184BK KICHLER WALL LT,Kichler Lighting 55184BK Kichler Wall Lt,Kichler Lighting Kichler Wall Lt (MPN: 55184BK) in the Tools > Industrial > General category.,Kichler Lighting Kichler Wall Lt (55184BK) in Industrial.,Kichler Lighting Kichler Wall Lt (55184BK) in Industrial.,,,,,,,,,,,,,,,,,,,,,,,,,,,,,,,,,,,,,,,,,,,,,,,,,,,,,,,,,,,,,,,,,,,,,,,,,,,,,,,,,,,,,,,,,,,,,,,,,,,,,,,,,,,,,,,,,,,,,,,,,,,,,,,,,,,,,,,,,,,,,,,,,,,,,,,,,,,,,,,,,,,,,,,,,,,,,,,,,,,,,,,,,,,,,,,,,,,,,,,,,,,,,,,,,,,,,,,,,,,,,,,No
,,,,,,,Tools,Industrial,General,,55185BK,55185BK Kichler Wall Lt,-- Unbranded --,-- No Unilog Brand --,-- No DIB Brand --,Kichler Lighting (KICLI),Kichler Lighting (KICLI),Kichler,,55185BK,55185BK,Tools > Industrial > General,Kichler Lighting 55185BK Kichler Wall Lt,KICHLER LIGHTING 55185BK KICHLER WALL LT,Kichler Lighting 55185BK Kichler Wall Lt,Kichler Lighting Kichler Wall Lt (MPN: 55185BK) in the Tools > Industrial > General category.,Kichler Lighting Kichler Wall Lt (55185BK) in Industrial.,Kichler Lighting Kichler Wall Lt (55185BK) in Industrial.,,,,,,,,,,,,,,,,,,,,,,,,,,,,,,,,,,,,,,,,,,,,,,,,,,,,,,,,,,,,,,,,,,,,,,,,,,,,,,,,,,,,,,,,,,,,,,,,,,,,,,,,,,,,,,,,,,,,,,,,,,,,,,,,,,,,,,,,,,,,,,,,,,,,,,,,,,,,,,,,,,,,,,,,,,,,,,,,,,,,,,,,,,,,,,,,,,,,,,,,,,,,,,,,,,,,,,,,,,,,,,,No
,,,,,,,Tools,Industrial,General,,55186CH,55186CH Kichler Wall Lt,-- Unbranded --,-- No Unilog Brand --,-- No DIB Brand --,Kichler Lighting (KICLI),Kichler Lighting (KICLI),Kichler,,55186CH,55186CH,Tools > Industrial > General,Kichler Lighting 55186CH Kichler Wall Lt,KICHLER LIGHTING 55186CH KICHLER WALL LT,Kichler Lighting 55186CH Kichler Wall Lt,Kichler Lighting Kichler Wall Lt (MPN: 55186CH) in the Tools > Industrial > General category.,Kichler Lighting Kichler Wall Lt (55186CH) in Industrial.,Kichler Lighting Kichler Wall Lt (55186CH) in Industrial.,,,,,,,,,,,,,,,,,,,,,,,,,,,,,,,,,,,,,,,,,,,,,,,,,,,,,,,,,,,,,,,,,,,,,,,,,,,,,,,,,,,,,,,,,,,,,,,,,,,,,,,,,,,,,,,,,,,,,,,,,,,,,,,,,,,,,,,,,,,,,,,,,,,,,,,,,,,,,,,,,,,,,,,,,,,,,,,,,,,,,,,,,,,,,,,,,,,,,,,,,,,,,,,,,,,,,,,,,,,,,,,No
,,,,,,,Tools,Industrial,General,,55210NI,55210NI Kichler Wall Light,-- Unbranded --,-- No Unilog Brand --,-- No DIB Brand --,Kichler Lighting (KICLI),Kichler Lighting (KICLI),Kichler,,55210NI,55210NI,Tools > Industrial > General,Kichler Lighting 55210NI Kichler Wall Light,KICHLER LIGHTING 55210NI KICHLER WALL LIGHT,Kichler Lighting 55210NI Kichler Wall Light,Kichler Lighting Kichler Wall Light (MPN: 55210NI) in the Tools > Industrial > General category.,Kichler Lighting Kichler Wall Light (55210NI) in Industrial.,Kichler Lighting Kichler Wall Light (55210NI) in Industrial.,,,,,,,,,,,,,,,,,,,,,,,,,,,,,,,,,,,,,,,,,,,,,,,,,,,,,,,,,,,,,,,,,,,,,,,,,,,,,,,,,,,,,,,,,,,,,,,,,,,,,,,,,,,,,,,,,,,,,,,,,,,,,,,,,,,,,,,,,,,,,,,,,,,,,,,,,,,,,,,,,,,,,,,,,,,,,,,,,,,,,,,,,,,,,,,,,,,,,,,,,,,,,,,,,,,,,,,,,,,,,,,No
,,,,,,,Tools,Industrial,General,,55211BK,55211BK Kichler Wall Light,-- Unbranded --,-- No Unilog Brand --,-- No DIB Brand --,Kichler Lighting (KICLI),Kichler Lighting (KICLI),Kichler,,55211BK,55211BK,Tools > Industrial > General,Kichler Lighting 55211BK Kichler Wall Light,KICHLER LIGHTING 55211BK KICHLER WALL LIGHT,Kichler Lighting 55211BK Kichler Wall Light,Kichler Lighting Kichler Wall Light (MPN: 55211BK) in the Tools > Industrial > General category.,Kichler Lighting Kichler Wall Light (55211BK) in Industrial.,Kichler Lighting Kichler Wall Light (55211BK) in Industrial.,,,,,,,,,,,,,,,,,,,,,,,,,,,,,,,,,,,,,,,,,,,,,,,,,,,,,,,,,,,,,,,,,,,,,,,,,,,,,,,,,,,,,,,,,,,,,,,,,,,,,,,,,,,,,,,,,,,,,,,,,,,,,,,,,,,,,,,,,,,,,,,,,,,,,,,,,,,,,,,,,,,,,,,,,,,,,,,,,,,,,,,,,,,,,,,,,,,,,,,,,,,,,,,,,,,,,,,,,,,,,,,No
,,,,,,,Tools,Industrial,General,,55211NI,55211NI Kichler Wall Light,-- Unbranded --,-- No Unilog Brand --,-- No DIB Brand --,Kichler Lighting (KICLI),Kichler Lighting (KICLI),Kichler,,55211NI,55211NI,Tools > Industrial > General,Kichler Lighting 55211NI Kichler Wall Light,KICHLER LIGHTING 55211NI KICHLER WALL LIGHT,Kichler Lighting 55211NI Kichler Wall Light,Kichler Lighting Kichler Wall Light (MPN: 55211NI) in the Tools > Industrial > General category.,Kichler Lighting Kichler Wall Light (55211NI) in Industrial.,Kichler Lighting Kichler Wall Light (55211NI) in Industrial.,,,,,,,,,,,,,,,,,,,,,,,,,,,,,,,,,,,,,,,,,,,,,,,,,,,,,,,,,,,,,,,,,,,,,,,,,,,,,,,,,,,,,,,,,,,,,,,,,,,,,,,,,,,,,,,,,,,,,,,,,,,,,,,,,,,,,,,,,,,,,,,,,,,,,,,,,,,,,,,,,,,,,,,,,,,,,,,,,,,,,,,,,,,,,,,,,,,,,,,,,,,,,,,,,,,,,,,,,,,,,,,No
,,,,,,,Tools,Industrial,General,,55212NI,55212NI Kichler Wall Light,-- Unbranded --,-- No Unilog Brand --,-- No DIB Brand --,Kichler Lighting (KICLI),Kichler Lighting (KICLI),Kichler,,55212NI,55212NI,Tools > Industrial > General,Kichler Lighting 55212NI Kichler Wall Light,KICHLER LIGHTING 55212NI KICHLER WALL LIGHT,Kichler Lighting 55212NI Kichler Wall Light,Kichler Lighting Kichler Wall Light (MPN: 55212NI) in the Tools > Industrial > General category.,Kichler Lighting Kichler Wall Light (55212NI) in Industrial.,Kichler Lighting Kichler Wall Light (55212NI) in Industrial.,,,,,,,,,,,,,,,,,,,,,,,,,,,,,,,,,,,,,,,,,,,,,,,,,,,,,,,,,,,,,,,,,,,,,,,,,,,,,,,,,,,,,,,,,,,,,,,,,,,,,,,,,,,,,,,,,,,,,,,,,,,,,,,,,,,,,,,,,,,,,,,,,,,,,,,,,,,,,,,,,,,,,,,,,,,,,,,,,,,,,,,,,,,,,,,,,,,,,,,,,,,,,,,,,,,,,,,,,,,,,,,No
,,,,,,,Tools,Industrial,General,,55226BKLFU,55226BKFLU Kichler Wall Lt,-- Unbranded --,-- No Unilog Brand --,-- No DIB Brand --,Kichler Lighting (KICLI),Kichler Lighting (KICLI),Kichler,,55226BKLFU,55226BKLFU,Tools > Industrial > General,Kichler Lighting 55226BKLFU 55226BKFLU Kichler Wall Lt,KICHLER LIGHTING 55226BKLFU 55226BKFLU KICHLER WALL LT,Kichler Lighting 55226BKLFU 55226BKFLU Kichler Wall Lt,Kichler Lighting 55226BKFLU Kichler Wall Lt (MPN: 55226BKLFU) in the Tools > Industrial > General category.,Kichler Lighting 55226BKFLU Kichler Wall Lt (55226BKLFU) in Industrial.,Kichler Lighting 55226BKFLU Kichler Wall Lt (55226BKLFU) in Industrial.,,,,,,,,,,,,,,,,,,,,,,,,,,,,,,,,,,,,,,,,,,,,,,,,,,,,,,,,,,,,,,,,,,,,,,,,,,,,,,,,,,,,,,,,,,,,,,,,,,,,,,,,,,,,,,,,,,,,,,,,,,,,,,,,,,,,,,,,,,,,,,,,,,,,,,,,,,,,,,,,,,,,,,,,,,,,,,,,,,,,,,,,,,,,,,,,,,,,,,,,,,,,,,,,,,,,,,,,,,,,,,,No
,,,,,,,Tools,Industrial,General,,55239CPZLED,55239CPZLED Kichler Wall Lt,-- Unbranded --,-- No Unilog Brand --,-- No DIB Brand --,Kichler Lighting (KICLI),Kichler Lighting (KICLI),Kichler,,55239CPZLED,55239CPZLED,Tools > Industrial > General,Kichler Lighting 55239CPZLED Kichler Wall Lt,KICHLER LIGHTING 55239CPZLED KICHLER WALL LT,Kichler Lighting 55239CPZLED Kichler Wall Lt,Kichler Lighting Kichler Wall Lt (MPN: 55239CPZLED) in the Tools > Industrial > General category.,Kichler Lighting Kichler Wall Lt (55239CPZLED) in Industrial.,Kichler Lighting Kichler Wall Lt (55239CPZLED) in Industrial.,,,,,,,,,,,,,,,,,,,,,,,,,,,,,,,,,,,,,,,,,,,,,,,,,,,,,,,,,,,,,,,,,,,,,,,,,,,,,,,,,,,,,,,,,,,,,,,,,,,,,,,,,,,,,,,,,,,,,,,,,,,,,,,,,,,,,,,,,,,,,,,,,,,,,,,,,,,,,,,,,,,,,,,,,,,,,,,,,,,,,,,,,,,,,,,,,,,,,,,,,,,,,,,,,,,,,,,,,,,,,,,No
,,,,,,,Tools,Industrial,General,,44072DBK,44072DBK Kichler Chandelier Lt,-- Unbranded --,-- No Unilog Brand --,-- No DIB Brand --,Kichler Lighting (KICLI),Kichler Lighting (KICLI),Kichler,,44072DBK,44072DBK,Tools > Industrial > General,Kichler Lighting 44072DBK Kichler Chandelier Lt,KICHLER LIGHTING 44072DBK KICHLER CHANDELIER LT,Kichler Lighting 44072DBK Kichler Chandelier Lt,Kichler Lighting Kichler Chandelier Lt (MPN: 44072DBK) in the Tools > Industrial > General category.,Kichler Lighting Kichler Chandelier Lt (44072DBK) in Industrial.,Kichler Lighting Kichler Chandelier Lt (44072DBK) in Industrial.,,,,,,,,,,,,,,,,,,,,,,,,,,,,,,,,,,,,,,,,,,,,,,,,,,,,,,,,,,,,,,,,,,,,,,,,,,,,,,,,,,,,,,,,,,,,,,,,,,,,,,,,,,,,,,,,,,,,,,,,,,,,,,,,,,,,,,,,,,,,,,,,,,,,,,,,,,,,,,,,,,,,,,,,,,,,,,,,,,,,,,,,,,,,,,,,,,,,,,,,,,,,,,,,,,,,,,,,,,,,,,,No
,,,,,,,Tools,Industrial,General,,44073NI,44073NI Kichler Chandelier Lt,-- Unbranded --,-- No Unilog Brand --,-- No DIB Brand --,Kichler Lighting (KICLI),Kichler Lighting (KICLI),Kichler,,44073NI,44073NI,Tools > Industrial > General,Kichler Lighting 44073NI Kichler Chandelier Lt,KICHLER LIGHTING 44073NI KICHLER CHANDELIER LT,Kichler Lighting 44073NI Kichler Chandelier Lt,Kichler Lighting Kichler Chandelier Lt (MPN: 44073NI) in the Tools > Industrial > General category.,Kichler Lighting Kichler Chandelier Lt (44073NI) in Industrial.,Kichler Lighting Kichler Chandelier Lt (44073NI) in Industrial.,,,,,,,,,,,,,,,,,,,,,,,,,,,,,,,,,,,,,,,,,,,,,,,,,,,,,,,,,,,,,,,,,,,,,,,,,,,,,,,,,,,,,,,,,,,,,,,,,,,,,,,,,,,,,,,,,,,,,,,,,,,,,,,,,,,,,,,,,,,,,,,,,,,,,,,,,,,,,,,,,,,,,,,,,,,,,,,,,,,,,,,,,,,,,,,,,,,,,,,,,,,,,,,,,,,,,,,,,,,,,,,No
,,,,,,,Tools,Industrial,General,,52033BK,52033BK Kichler Chandelier Lt,-- Unbranded --,-- No Unilog Brand --,-- No DIB Brand --,Kichler Lighting (KICLI),Kichler Lighting (KICLI),Kichler,,52033BK,52033BK,Tools > Industrial > General,Kichler Lighting 52033BK Kichler Chandelier Lt,KICHLER LIGHTING 52033BK KICHLER CHANDELIER LT,Kichler Lighting 52033BK Kichler Chandelier Lt,Kichler Lighting Kichler Chandelier Lt (MPN: 52033BK) in the Tools > Industrial > General category.,Kichler Lighting Kichler Chandelier Lt (52033BK) in Industrial.,Kichler Lighting Kichler Chandelier Lt (52033BK) in Industrial.,,,,,,,,,,,,,,,,,,,,,,,,,,,,,,,,,,,,,,,,,,,,,,,,,,,,,,,,,,,,,,,,,,,,,,,,,,,,,,,,,,,,,,,,,,,,,,,,,,,,,,,,,,,,,,,,,,,,,,,,,,,,,,,,,,,,,,,,,,,,,,,,,,,,,,,,,,,,,,,,,,,,,,,,,,,,,,,,,,,,,,,,,,,,,,,,,,,,,,,,,,,,,,,,,,,,,,,,,,,,,,,No
,,,,,,,Tools,Industrial,General,,84322WH,84322WH Kichler Chandelier Lt,-- Unbranded --,-- No Unilog Brand --,-- No DIB Brand --,Kichler Lighting (KICLI),Kichler Lighting (KICLI),Kichler,,84322WH,84322WH,Tools > Industrial > General,Kichler Lighting 84322WH Kichler Chandelier Lt,KICHLER LIGHTING 84322WH KICHLER CHANDELIER LT,Kichler Lighting 84322WH Kichler Chandelier Lt,Kichler Lighting Kichler Chandelier Lt (MPN: 84322WH) in the Tools > Industrial > General category.,Kichler Lighting Kichler Chandelier Lt (84322WH) in Industrial.,Kichler Lighting Kichler Chandelier Lt (84322WH) in Industrial.,,,,,,,,,,,,,,,,,,,,,,,,,,,,,,,,,,,,,,,,,,,,,,,,,,,,,,,,,,,,,,,,,,,,,,,,,,,,,,,,,,,,,,,,,,,,,,,,,,,,,,,,,,,,,,,,,,,,,,,,,,,,,,,,,,,,,,,,,,,,,,,,,,,,,,,,,,,,,,,,,,,,,,,,,,,,,,,,,,,,,,,,,,,,,,,,,,,,,,,,,,,,,,,,,,,,,,,,,,,,,,,No
,,,,,,,Tools,Industrial,General,,52404BK,52404BK Kichler Chandelier Lt,-- Unbranded --,-- No Unilog Brand --,-- No DIB Brand --,Kichler Lighting (KICLI),Kichler Lighting (KICLI),Kichler,,52404BK,52404BK,Tools > Industrial > General,Kichler Lighting 52404BK Kichler Chandelier Lt,KICHLER LIGHTING 52404BK KICHLER CHANDELIER LT,Kichler Lighting 52404BK Kichler Chandelier Lt,Kichler Lighting Kichler Chandelier Lt (MPN: 52404BK) in the Tools > Industrial > General category.,Kichler Lighting Kichler Chandelier Lt (52404BK) in Industrial.,Kichler Lighting Kichler Chandelier Lt (52404BK) in Industrial.,,,,,,,,,,,,,,,,,,,,,,,,,,,,,,,,,,,,,,,,,,,,,,,,,,,,,,,,,,,,,,,,,,,,,,,,,,,,,,,,,,,,,,,,,,,,,,,,,,,,,,,,,,,,,,,,,,,,,,,,,,,,,,,,,,,,,,,,,,,,,,,,,,,,,,,,,,,,,,,,,,,,,,,,,,,,,,,,,,,,,,,,,,,,,,,,,,,,,,,,,,,,,,,,,,,,,,,,,,,,,,,No
,,,,,,,Tools,Industrial,General,,34686A,34686A Kichler Chandelier Lt,-- Unbranded --,-- No Unilog Brand --,-- No DIB Brand --,Kichler Lighting (KICLI),Kichler Lighting (KICLI),Kichler,,34686A,34686A,Tools > Industrial > General,Kichler Lighting 34686A Kichler Chandelier Lt,KICHLER LIGHTING 34686A KICHLER CHANDELIER LT,Kichler Lighting 34686A Kichler Chandelier Lt,Kichler Lighting Kichler Chandelier Lt (MPN: 34686A) in the Tools > Industrial > General category.,Kichler Lighting Kichler Chandelier Lt (34686A) in Industrial.,Kichler Lighting Kichler Chandelier Lt (34686A) in Industrial.,,,,,,,,,,,,,,,,,,,,,,,,,,,,,,,,,,,,,,,,,,,,,,,,,,,,,,,,,,,,,,,,,,,,,,,,,,,,,,,,,,,,,,,,,,,,,,,,,,,,,,,,,,,,,,,,,,,,,,,,,,,,,,,,,,,,,,,,,,,,,,,,,,,,,,,,,,,,,,,,,,,,,,,,,,,,,,,,,,,,,,,,,,,,,,,,,,,,,,,,,,,,,,,,,,,,,,,,,,,,,,,No
,,,,,,,Tools,Industrial,General,,34687A,34687A Kichler Chandelier Lt,-- Unbranded --,-- No Unilog Brand --,-- No DIB Brand --,Kichler Lighting (KICLI),Kichler Lighting (KICLI),Kichler,,34687A,34687A,Tools > Industrial > General,Kichler Lighting 34687A Kichler Chandelier Lt,KICHLER LIGHTING 34687A KICHLER CHANDELIER LT,Kichler Lighting 34687A Kichler Chandelier Lt,Kichler Lighting Kichler Chandelier Lt (MPN: 34687A) in the Tools > Industrial > General category.,Kichler Lighting Kichler Chandelier Lt (34687A) in Industrial.,Kichler Lighting Kichler Chandelier Lt (34687A) in Industrial.,,,,,,,,,,,,,,,,,,,,,,,,,,,,,,,,,,,,,,,,,,,,,,,,,,,,,,,,,,,,,,,,,,,,,,,,,,,,,,,,,,,,,,,,,,,,,,,,,,,,,,,,,,,,,,,,,,,,,,,,,,,,,,,,,,,,,,,,,,,,,,,,,,,,,,,,,,,,,,,,,,,,,,,,,,,,,,,,,,,,,,,,,,,,,,,,,,,,,,,,,,,,,,,,,,,,,,,,,,,,,,,No
,,,,,,,Tools,Industrial,General,,34688A,34688A Kichler Chandelier Lt,-- Unbranded --,-- No Unilog Brand --,-- No DIB Brand --,-,,Kichler,,34688A,34688A,Tools > Industrial > General,34688A Kichler Chandelier Lt,34688A KICHLER CHANDELIER LT,34688A Kichler Chandelier Lt,Kichler Chandelier Lt (MPN: 34688A) in the Tools > Industrial > General category.,Kichler Chandelier Lt (34688A) in Industrial.,Kichler Chandelier Lt (34688A) in Industrial.,,,,,,,,,,,,,,,,,,,,,,,,,,,,,,,,,,,,,,,,,,,,,,,,,,,,,,,,,,,,,,,,,,,,,,,,,,,,,,,,,,,,,,,,,,,,,,,,,,,,,,,,,,,,,,,,,,,,,,,,,,,,,,,,,,,,,,,,,,,,,,,,,,,,,,,,,,,,,,,,,,,,,,,,,,,,,,,,,,,,,,,,,,,,,,,,,,,,,,,,,,,,,,,,,,,,,,,,,,,,,,,No
,,,,,,,Tools,Industrial,General,,43671BKCLR,43671BKCLR Kichler Chand Lt,-- Unbranded --,-- No Unilog Brand --,-- No DIB Brand --,Kichler Lighting (KICLI),Kichler Lighting (KICLI),Kichler,,43671BKCLR,43671BKCLR,Tools > Industrial > General,Kichler Lighting 43671BKCLR Kichler Chand Lt,KICHLER LIGHTING 43671BKCLR KICHLER CHAND LT,Kichler Lighting 43671BKCLR Kichler Chand Lt,Kichler Lighting Kichler Chand Lt (MPN: 43671BKCLR) in the Tools > Industrial > General category.,Kichler Lighting Kichler Chand Lt (43671BKCLR) in Industrial.,Kichler Lighting Kichler Chand Lt (43671BKCLR) in Industrial.,,,,,,,,,,,,,,,,,,,,,,,,,,,,,,,,,,,,,,,,,,,,,,,,,,,,,,,,,,,,,,,,,,,,,,,,,,,,,,,,,,,,,,,,,,,,,,,,,,,,,,,,,,,,,,,,,,,,,,,,,,,,,,,,,,,,,,,,,,,,,,,,,,,,,,,,,,,,,,,,,,,,,,,,,,,,,,,,,,,,,,,,,,,,,,,,,,,,,,,,,,,,,,,,,,,,,,,,,,,,,,,No
,,,,,,,Tools,Industrial,General,,52616BK,52616BK Kichler Chandelier Lt,-- Unbranded --,-- No Unilog Brand --,-- No DIB Brand --,Kichler Lighting (KICLI),Kichler Lighting (KICLI),Kichler,,52616BK,52616BK,Tools > Industrial > General,Kichler Lighting 52616BK Kichler Chandelier Lt,KICHLER LIGHTING 52616BK KICHLER CHANDELIER LT,Kichler Lighting 52616BK Kichler Chandelier Lt,Kichler Lighting Kichler Chandelier Lt (MPN: 52616BK) in the Tools > Industrial > General category.,Kichler Lighting Kichler Chandelier Lt (52616BK) in Industrial.,Kichler Lighting Kichler Chandelier Lt (52616BK) in Industrial.,,,,,,,,,,,,,,,,,,,,,,,,,,,,,,,,,,,,,,,,,,,,,,,,,,,,,,,,,,,,,,,,,,,,,,,,,,,,,,,,,,,,,,,,,,,,,,,,,,,,,,,,,,,,,,,,,,,,,,,,,,,,,,,,,,,,,,,,,,,,,,,,,,,,,,,,,,,,,,,,,,,,,,,,,,,,,,,,,,,,,,,,,,,,,,,,,,,,,,,,,,,,,,,,,,,,,,,,,,,,,,,No
,,,,,,,Tools,Industrial,General,,52616NI,52616NI Kichler Chandelier Lt,-- Unbranded --,-- No Unilog Brand --,-- No DIB Brand --,Kichler Lighting (KICLI),Kichler Lighting (KICLI),Kichler,,52616NI,52616NI,Tools > Industrial > General,Kichler Lighting 52616NI Kichler Chandelier Lt,KICHLER LIGHTING 52616NI KICHLER CHANDELIER LT,Kichler Lighting 52616NI Kichler Chandelier Lt,Kichler Lighting Kichler Chandelier Lt (MPN: 52616NI) in the Tools > Industrial > General category.,Kichler Lighting Kichler Chandelier Lt (52616NI) in Industrial.,Kichler Lighting Kichler Chandelier Lt (52616NI) in Industrial.,,,,,,,,,,,,,,,,,,,,,,,,,,,,,,,,,,,,,,,,,,,,,,,,,,,,,,,,,,,,,,,,,,,,,,,,,,,,,,,,,,,,,,,,,,,,,,,,,,,,,,,,,,,,,,,,,,,,,,,,,,,,,,,,,,,,,,,,,,,,,,,,,,,,,,,,,,,,,,,,,,,,,,,,,,,,,,,,,,,,,,,,,,,,,,,,,,,,,,,,,,,,,,,,,,,,,,,,,,,,,,,No
,,,,,,,Tools,Industrial,General,,52678BK,52678BK Kichler Chandelier Lt,-- Unbranded --,-- No Unilog Brand --,-- No DIB Brand --,Kichler Lighting (KICLI),Kichler Lighting (KICLI),Kichler,,52678BK,52678BK,Tools > Industrial > General,Kichler Lighting 52678BK Kichler Chandelier Lt,KICHLER LIGHTING 52678BK KICHLER CHANDELIER LT,Kichler Lighting 52678BK Kichler Chandelier Lt,Kichler Lighting Kichler Chandelier Lt (MPN: 52678BK) in the Tools > Industrial > General category.,Kichler Lighting Kichler Chandelier Lt (52678BK) in Industrial.,Kichler Lighting Kichler Chandelier Lt (52678BK) in Industrial.,,,,,,,,,,,,,,,,,,,,,,,,,,,,,,,,,,,,,,,,,,,,,,,,,,,,,,,,,,,,,,,,,,,,,,,,,,,,,,,,,,,,,,,,,,,,,,,,,,,,,,,,,,,,,,,,,,,,,,,,,,,,,,,,,,,,,,,,,,,,,,,,,,,,,,,,,,,,,,,,,,,,,,,,,,,,,,,,,,,,,,,,,,,,,,,,,,,,,,,,,,,,,,,,,,,,,,,,,,,,,,,No
,,,,,,,Tools,Industrial,General,,52680CPZ,52680CPZ Kichler Chandelier Lt,-- Unbranded --,-- No Unilog Brand --,-- No DIB Brand --,Kichler Lighting (KICLI),Kichler Lighting (KICLI),Kichler,,52680CPZ,52680CPZ,Tools > Industrial > General,Kichler Lighting 52680CPZ Kichler Chandelier Lt,KICHLER LIGHTING 52680CPZ KICHLER CHANDELIER LT,Kichler Lighting 52680CPZ Kichler Chandelier Lt,Kichler Lighting Kichler Chandelier Lt (MPN: 52680CPZ) in the Tools > Industrial > General category.,Kichler Lighting Kichler Chandelier Lt (52680CPZ) in Industrial.,Kichler Lighting Kichler Chandelier Lt (52680CPZ) in Industrial.,,,,,,,,,,,,,,,,,,,,,,,,,,,,,,,,,,,,,,,,,,,,,,,,,,,,,,,,,,,,,,,,,,,,,,,,,,,,,,,,,,,,,,,,,,,,,,,,,,,,,,,,,,,,,,,,,,,,,,,,,,,,,,,,,,,,,,,,,,,,,,,,,,,,,,,,,,,,,,,,,,,,,,,,,,,,,,,,,,,,,,,,,,,,,,,,,,,,,,,,,,,,,,,,,,,,,,,,,,,,,,,No
,,,,,,,Tools,Industrial,General,,52772BK,52772BK Kichler Chandelier Lt,-- Unbranded --,-- No Unilog Brand --,-- No DIB Brand --,Kichler Lighting (KICLI),Kichler Lighting (KICLI),Kichler,,52772BK,52772BK,Tools > Industrial > General,Kichler Lighting 52772BK Kichler Chandelier Lt,KICHLER LIGHTING 52772BK KICHLER CHANDELIER LT,Kichler Lighting 52772BK Kichler Chandelier Lt,Kichler Lighting Kichler Chandelier Lt (MPN: 52772BK) in the Tools > Industrial > General category.,Kichler Lighting Kichler Chandelier Lt (52772BK) in Industrial.,Kichler Lighting Kichler Chandelier Lt (52772BK) in Industrial.,,,,,,,,,,,,,,,,,,,,,,,,,,,,,,,,,,,,,,,,,,,,,,,,,,,,,,,,,,,,,,,,,,,,,,,,,,,,,,,,,,,,,,,,,,,,,,,,,,,,,,,,,,,,,,,,,,,,,,,,,,,,,,,,,,,,,,,,,,,,,,,,,,,,,,,,,,,,,,,,,,,,,,,,,,,,,,,,,,,,,,,,,,,,,,,,,,,,,,,,,,,,,,,,,,,,,,,,,,,,,,,No
,,,,,,,Tools,Industrial,General,,82399,82399 Kichler Chandelier Lt,-- Unbranded --,-- No Unilog Brand --,-- No DIB Brand --,Kichler Lighting (KICLI),Kichler Lighting (KICLI),Kichler,,82399,82399,Tools > Industrial > General,Kichler Lighting 82399 Kichler Chandelier Lt,KICHLER LIGHTING 82399 KICHLER CHANDELIER LT,Kichler Lighting 82399 Kichler Chandelier Lt,Kichler Lighting Kichler Chandelier Lt (MPN: 82399) in the Tools > Industrial > General category.,Kichler Lighting Kichler Chandelier Lt (82399) in Industrial.,Kichler Lighting Kichler Chandelier Lt (82399) in Industrial.,,,,,,,,,,,,,,,,,,,,,,,,,,,,,,,,,,,,,,,,,,,,,,,,,,,,,,,,,,,,,,,,,,,,,,,,,,,,,,,,,,,,,,,,,,,,,,,,,,,,,,,,,,,,,,,,,,,,,,,,,,,,,,,,,,,,,,,,,,,,,,,,,,,,,,,,,,,,,,,,,,,,,,,,,,,,,,,,,,,,,,,,,,,,,,,,,,,,,,,,,,,,,,,,,,,,,,,,,,,,,,,No
,,,,,,,Tools,Industrial,General,,65-771R3,65-771R3 Nuvo Highbay Light,-- Unbranded --,-- No Unilog Brand --,-- No DIB Brand --,Satco Prod Inc (5573),Satco Prod Inc,,,65-771R3,65-771R3,Tools > Industrial > General,Satco Prod Inc 65-771R3 Nuvo Highbay Light,SATCO PROD INC 65-771R3 NUVO HIGHBAY LIGHT,Satco Prod Inc 65-771R3 Nuvo Highbay Light,Satco Prod Inc Nuvo Highbay Light (MPN: 65-771R3) in the Tools > Industrial > General category.,Satco Prod Inc Nuvo Highbay Light (65-771R3) in Industrial.,Satco Prod Inc Nuvo Highbay Light (65-771R3) in Industrial.,,,,,,,,,,,,,,,,,,,,,,,,,,,,,,,,,,,,,,,,,,,,,,,,,,,,,,,,,,,,,,,,,,,,,,,,,,,,,,,,,,,,,,,,,,,,,,,,,,,,,,,,,,,,,,,,,,,,,,,,,,,,,,,,,,,,,,,,,,,,,,,,,,,,,,,,,,,,,,,,,,,,,,,,,,,,,,,,,,,,,,,,,,,,,,,,,,,,,,,,,,,,,,,,,,,,,,,,,,,,,,,No
,,,,,,,Tools,Industrial,General,,42955BK,42955BK Kichler Ceiling Lt,-- Unbranded --,-- No Unilog Brand --,-- No DIB Brand --,Kichler Lighting (KICLI),Kichler Lighting (KICLI),Kichler,,42955BK,42955BK,Tools > Industrial > General,Kichler Lighting 42955BK Kichler Ceiling Lt,KICHLER LIGHTING 42955BK KICHLER CEILING LT,Kichler Lighting 42955BK Kichler Ceiling Lt,Kichler Lighting Kichler Ceiling Lt (MPN: 42955BK) in the Tools > Industrial > General category.,Kichler Lighting Kichler Ceiling Lt (42955BK) in Industrial.,Kichler Lighting Kichler Ceiling Lt (42955BK) in Industrial.,,,,,,,,,,,,,,,,,,,,,,,,,,,,,,,,,,,,,,,,,,,,,,,,,,,,,,,,,,,,,,,,,,,,,,,,,,,,,,,,,,,,,,,,,,,,,,,,,,,,,,,,,,,,,,,,,,,,,,,,,,,,,,,,,,,,,,,,,,,,,,,,,,,,,,,,,,,,,,,,,,,,,,,,,,,,,,,,,,,,,,,,,,,,,,,,,,,,,,,,,,,,,,,,,,,,,,,,,,,,,,,No
,,,,,,,Tools,Industrial,General,,42275BK,42275BK Kichler Ceiling Lt,-- Unbranded --,-- No Unilog Brand --,-- No DIB Brand --,Kichler Lighting (KICLI),Kichler Lighting (KICLI),Kichler,,42275BK,42275BK,Tools > Industrial > General,Kichler Lighting 42275BK Kichler Ceiling Lt,KICHLER LIGHTING 42275BK KICHLER CEILING LT,Kichler Lighting 42275BK Kichler Ceiling Lt,Kichler Lighting Kichler Ceiling Lt (MPN: 42275BK) in the Tools > Industrial > General category.,Kichler Lighting Kichler Ceiling Lt (42275BK) in Industrial.,Kichler Lighting Kichler Ceiling Lt (42275BK) in Industrial.,,,,,,,,,,,,,,,,,,,,,,,,,,,,,,,,,,,,,,,,,,,,,,,,,,,,,,,,,,,,,,,,,,,,,,,,,,,,,,,,,,,,,,,,,,,,,,,,,,,,,,,,,,,,,,,,,,,,,,,,,,,,,,,,,,,,,,,,,,,,,,,,,,,,,,,,,,,,,,,,,,,,,,,,,,,,,,,,,,,,,,,,,,,,,,,,,,,,,,,,,,,,,,,,,,,,,,,,,,,,,,,No
,,,,,,,Tools,Industrial,General,,62-1850,"62-1850 11"" Led Ceiling Light",-- Unbranded --,-- No Unilog Brand --,-- No DIB Brand --,Satco Prod Inc (5573),Satco Prod Inc,,,62-1850,62-1850,Tools > Industrial > General,"Satco Prod Inc 62-1850 11"" Led Ceiling Light","SATCO PROD INC 62-1850 11"" LED CEILING LIGHT","Satco Prod Inc 62-1850 11"" Led Ceiling Light","Satco Prod Inc 11"" Led Ceiling Light (MPN: 62-1850) in the Tools > Industrial > General category.","Satco Prod Inc 11"" Led Ceiling Light (62-1850) in Industrial.","Satco Prod Inc 11"" Led Ceiling Light (62-1850) in Industrial.",,,,,,,,,,,,,,,,,,,,,,,,,,,,,,,,,,,,,,,,,,,,,,,,,,,,,,,,,,,,,,,,,,,,,,,,,,,,,,,,,,,,,,,,,,,,,,,,,,,,,,,,,,,,,,,,,,,,,,,,,,,,,,,,,,,,,,,,,,,,,,,,,,,,,,,,,,,,,,,,,,,,,,,,,,,,,,,,,,,,,,,,,,,,,,,,,,,,,,,,,,,,,,,,,,,,,,,,,,,,,,,No
,,,,,,,Tools,Industrial,General,,62-1852,"62-1852 14"" Satco Led Ceiling Lt",-- Unbranded --,-- No Unilog Brand --,-- No DIB Brand --,Satco Prod Inc (5573),Satco Prod Inc,Satco,,62-1852,62-1852,Tools > Industrial > General,"Satco Prod Inc 62-1852 14"" Satco Led Ceiling Lt","SATCO PROD INC 62-1852 14"" SATCO LED CEILING LT","Satco Prod Inc 62-1852 14"" Satco Led Ceiling Lt","Satco Prod Inc 14"" Satco Led Ceiling Lt (MPN: 62-1852) in the Tools > Industrial > General category.","Satco Prod Inc 14"" Satco Led Ceiling Lt (62-1852) in Industrial.","Satco Prod Inc 14"" Satco Led Ceiling Lt (62-1852) in Industrial.",,,,,,,,,,,,,,,,,,,,,,,,,,,,,,,,,,,,,,,,,,,,,,,,,,,,,,,,,,,,,,,,,,,,,,,,,,,,,,,,,,,,,,,,,,,,,,,,,,,,,,,,,,,,,,,,,,,,,,,,,,,,,,,,,,,,,,,,,,,,,,,,,,,,,,,,,,,,,,,,,,,,,,,,,,,,,,,,,,,,,,,,,,,,,,,,,,,,,,,,,,,,,,,,,,,,,,,,,,,,,,,No
,,,,,,,Tools,Industrial,General,,62-1875,"62-1875 10"" Led Ceiling Lt Bn",-- Unbranded --,-- No Unilog Brand --,-- No DIB Brand --,Satco Prod Inc (5573),Satco Prod Inc,,,62-1875,62-1875,Tools > Industrial > General,"Satco Prod Inc 62-1875 10"" Led Ceiling Lt Bn","SATCO PROD INC 62-1875 10"" LED CEILING LT BN","Satco Prod Inc 62-1875 10"" Led Ceiling Lt Bn","Satco Prod Inc 10"" Led Ceiling Lt Bn (MPN: 62-1875) in the Tools > Industrial > General category.","Satco Prod Inc 10"" Led Ceiling Lt Bn (62-1875) in Industrial.","Satco Prod Inc 10"" Led Ceiling Lt Bn (62-1875) in Industrial.",,,,,,,,,,,,,,,,,,,,,,,,,,,,,,,,,,,,,,,,,,,,,,,,,,,,,,,,,,,,,,,,,,,,,,,,,,,,,,,,,,,,,,,,,,,,,,,,,,,,,,,,,,,,,,,,,,,,,,,,,,,,,,,,,,,,,,,,,,,,,,,,,,,,,,,,,,,,,,,,,,,,,,,,,,,,,,,,,,,,,,,,,,,,,,,,,,,,,,,,,,,,,,,,,,,,,,,,,,,,,,,No
,,,,,,,Tools,Industrial,General,,62-1876,"62-1876 13"" Satco Ceiling Light BN",-- Unbranded --,-- No Unilog Brand --,-- No DIB Brand --,Satco Prod Inc (5573),Satco Prod Inc,Satco,,62-1876,62-1876,Tools > Industrial > General,"Satco Prod Inc 62-1876 13"" Satco Ceiling Light BN","SATCO PROD INC 62-1876 13"" SATCO CEILING LIGHT BN","Satco Prod Inc 62-1876 13"" Satco Ceiling Light BN","Satco Prod Inc 13"" Satco Ceiling Light BN (MPN: 62-1876) in the Tools > Industrial > General category.","Satco Prod Inc 13"" Satco Ceiling Light BN (62-1876) in Industrial.","Satco Prod Inc 13"" Satco Ceiling Light BN (62-1876) in Industrial.",,,,,,,,,,,,,,,,,,,,,,,,,,,,,,,,,,,,,,,,,,,,,,,,,,,,,,,,,,,,,,,,,,,,,,,,,,,,,,,,,,,,,,,,,,,,,,,,,,,,,,,,,,,,,,,,,,,,,,,,,,,,,,,,,,,,,,,,,,,,,,,,,,,,,,,,,,,,,,,,,,,,,,,,,,,,,,,,,,,,,,,,,,,,,,,,,,,,,,,,,,,,,,,,,,,,,,,,,,,,,,,No
,,,,,,,Tools,Industrial,General,,42296BK,42296BK Kichler Ceiling Lt,-- Unbranded --,-- No Unilog Brand --,-- No DIB Brand --,Kichler Lighting (KICLI),Kichler Lighting (KICLI),Kichler,,42296BK,42296BK,Tools > Industrial > General,Kichler Lighting 42296BK Kichler Ceiling Lt,KICHLER LIGHTING 42296BK KICHLER CEILING LT,Kichler Lighting 42296BK Kichler Ceiling Lt,Kichler Lighting Kichler Ceiling Lt (MPN: 42296BK) in the Tools > Industrial > General category.,Kichler Lighting Kichler Ceiling Lt (42296BK) in Industrial.,Kichler Lighting Kichler Ceiling Lt (42296BK) in Industrial.,,,,,,,,,,,,,,,,,,,,,,,,,,,,,,,,,,,,,,,,,,,,,,,,,,,,,,,,,,,,,,,,,,,,,,,,,,,,,,,,,,,,,,,,,,,,,,,,,,,,,,,,,,,,,,,,,,,,,,,,,,,,,,,,,,,,,,,,,,,,,,,,,,,,,,,,,,,,,,,,,,,,,,,,,,,,,,,,,,,,,,,,,,,,,,,,,,,,,,,,,,,,,,,,,,,,,,,,,,,,,,,No
,,,,,,,Tools,Industrial,General,,43913BK,43913BK Kichler Pendant Lt,-- Unbranded --,-- No Unilog Brand --,-- No DIB Brand --,Kichler Lighting (KICLI),Kichler Lighting (KICLI),Kichler,,43913BK,43913BK,Tools > Industrial > General,Kichler Lighting 43913BK Kichler Pendant Lt,KICHLER LIGHTING 43913BK KICHLER PENDANT LT,Kichler Lighting 43913BK Kichler Pendant Lt,Kichler Lighting Kichler Pendant Lt (MPN: 43913BK) in the Tools > Industrial > General category.,Kichler Lighting Kichler Pendant Lt (43913BK) in Industrial.,Kichler Lighting Kichler Pendant Lt (43913BK) in Industrial.,,,,,,,,,,,,,,,,,,,,,,,,,,,,,,,,,,,,,,,,,,,,,,,,,,,,,,,,,,,,,,,,,,,,,,,,,,,,,,,,,,,,,,,,,,,,,,,,,,,,,,,,,,,,,,,,,,,,,,,,,,,,,,,,,,,,,,,,,,,,,,,,,,,,,,,,,,,,,,,,,,,,,,,,,,,,,,,,,,,,,,,,,,,,,,,,,,,,,,,,,,,,,,,,,,,,,,,,,,,,,,,No
,,,,,,,Tools,Industrial,General,,HLSMS9129FS1E,"HLSMS9129FS1E 9"" Motion Lt",-- Unbranded --,-- No Unilog Brand --,-- No DIB Brand --,Cooper Lighting (7638),,,,HLSMS9129FS1E,HLSMS9129FS1E,Tools > Industrial > General,"Cooper Lighting HLSMS9129FS1E 9"" Motion Lt","COOPER LIGHTING HLSMS9129FS1E 9"" MOTION LT","Cooper Lighting HLSMS9129FS1E 9"" Motion Lt","Cooper Lighting 9"" Motion Lt (MPN: HLSMS9129FS1E) in the Tools > Industrial > General category.","Cooper Lighting 9"" Motion Lt (HLSMS9129FS1E) in Industrial.","Cooper Lighting 9"" Motion Lt (HLSMS9129FS1E) in Industrial.",,,,,,,,,,,,,,,,,,,,,,,,,,,,,,,,,,,,,,,,,,,,,,,,,,,,,,,,,,,,,,,,,,,,,,,,,,,,,,,,,,,,,,,,,,,,,,,,,,,,,,,,,,,,,,,,,,,,,,,,,,,,,,,,,,,,,,,,,,,,,,,,,,,,,,,,,,,,,,,,,,,,,,,,,,,,,,,,,,,,,,,,,,,,,,,,,,,,,,,,,,,,,,,,,,,,,,,,,,,,,,,No
,,,,,,,Tools,Industrial,General,,64-110,64-110 Satco Tape Light 16',-- Unbranded --,-- No Unilog Brand --,-- No DIB Brand --,Satco Prod Inc (5573),Satco Prod Inc,Satco,,64-110,64-110,Tools > Industrial > General,Satco Prod Inc 64-110 Satco Tape Light 16',SATCO PROD INC 64-110 SATCO TAPE LIGHT 16',Satco Prod Inc 64-110 Satco Tape Light 16',Satco Prod Inc Satco Tape Light 16' (MPN: 64-110) in the Tools > Industrial > General category.,Satco Prod Inc Satco Tape Light 16' (64-110) in Industrial.,Satco Prod Inc Satco Tape Light 16' (64-110) in Industrial.,,,,,,,,,,,,,,,,,,,,,,,,,,,,,,,,,,,,,,,,,,,,,,,,,,,,,,,,,,,,,,,,,,,,,,,,,,,,,,,,,,,,,,,,,,,,,,,,,,,,,,,,,,,,,,,,,,,,,,,,,,,,,,,,,,,,,,,,,,,,,,,,,,,,,,,,,,,,,,,,,,,,,,,,,,,,,,,,,,,,,,,,,,,,,,,,,,,,,,,,,,,,,,,,,,,,,,,,,,,,,,,No
,,,,,,,Tools,Industrial,General,,603571,603571 3' Strip Light Ext,-- Unbranded --,-- No Unilog Brand --,Wiz,Phillips Lighting (5831),Phillips Lighting,,,603571,603571,Tools > Industrial > General,Phillips Lighting 603571 3' Strip Light Ext,PHILLIPS LIGHTING 603571 3' STRIP LIGHT EXT,Phillips Lighting 603571 3' Strip Light Ext,Phillips Lighting 3' Strip Light Ext (MPN: 603571) in the Tools > Industrial > General category.,Phillips Lighting 3' Strip Light Ext (603571) in Industrial.,Phillips Lighting 3' Strip Light Ext (603571) in Industrial.,,,,,,,,,,,,,,,,,,,,,,,,,,,,,,,,,,,,,,,,,,,,,,,,,,,,,,,,,,,,,,,,,,,,,,,,,,,,,,,,,,,,,,,,,,,,,,,,,,,,,,,,,,,,,,,,,,,,,,,,,,,,,,,,,,,,,,,,,,,,,,,,,,,,,,,,,,,,,,,,,,,,,,,,,,,,,,,,,,,,,,,,,,,,,,,,,,,,,,,,,,,,,,,,,,,,,,,,,,,,,,,No
,,,,,,,Tools,Industrial,General,,65-572R1,65572 Satco 2x4 Led Flat Panel,-- Unbranded --,-- No Unilog Brand --,-- No DIB Brand --,Satco Prod Inc (5573),Satco Prod Inc,Satco,,65-572R1,65-572R1,Tools > Industrial > General,Satco Prod Inc 65-572R1 65572 Satco 2x4 Led Flat Panel,SATCO PROD INC 65-572R1 65572 SATCO 2X4 LED FLAT PANEL,Satco Prod Inc 65-572R1 65572 Satco 2x4 Led Flat Panel,Satco Prod Inc 65572 Satco 2x4 Led Flat Panel (MPN: 65-572R1) in the Tools > Industrial > General category.,Satco Prod Inc 65572 Satco 2x4 Led Flat Panel (65-572R1) in Industrial.,Satco Prod Inc 65572 Satco 2x4 Led Flat Panel (65-572R1) in Industrial.,,,,,,,,,,,,,,,,,,,,,,,,,,,,,,,,,,,,,,,,,,,,,,,,,,,,,,,,,,,,,,,,,,,,,,,,,,,,,,,,,,,,,,,,,,,,,,,,,,,,,,,,,,,,,,,,,,,,,,,,,,,,,,,,,,,,,,,,,,,,,,,,,,,,,,,,,,,,,,,,,,,,,,,,,,,,,,,,,,,,,,,,,,,,,,,,,,,,,,,,,,,,,,,,,,,,,,,,,,,,,,,No
,,,,,,,Tools,Industrial,General,,52476AVI,52476AVI Kichler Pendant Lt,-- Unbranded --,-- No Unilog Brand --,-- No DIB Brand --,Kichler Lighting (KICLI),Kichler Lighting (KICLI),Kichler,,52476AVI,52476AVI,Tools > Industrial > General,Kichler Lighting 52476AVI Kichler Pendant Lt,KICHLER LIGHTING 52476AVI KICHLER PENDANT LT,Kichler Lighting 52476AVI Kichler Pendant Lt,Kichler Lighting Kichler Pendant Lt (MPN: 52476AVI) in the Tools > Industrial > General category.,Kichler Lighting Kichler Pendant Lt (52476AVI) in Industrial.,Kichler Lighting Kichler Pendant Lt (52476AVI) in Industrial.,,,,,,,,,,,,,,,,,,,,,,,,,,,,,,,,,,,,,,,,,,,,,,,,,,,,,,,,,,,,,,,,,,,,,,,,,,,,,,,,,,,,,,,,,,,,,,,,,,,,,,,,,,,,,,,,,,,,,,,,,,,,,,,,,,,,,,,,,,,,,,,,,,,,,,,,,,,,,,,,,,,,,,,,,,,,,,,,,,,,,,,,,,,,,,,,,,,,,,,,,,,,,,,,,,,,,,,,,,,,,,,No
,,,,,,,Tools,Industrial,General,,42199BK,42199BK Kichler Pendant Lt,-- Unbranded --,-- No Unilog Brand --,-- No DIB Brand --,Kichler Lighting (KICLI),Kichler Lighting (KICLI),Kichler,,42199BK,42199BK,Tools > Industrial > General,Kichler Lighting 42199BK Kichler Pendant Lt,KICHLER LIGHTING 42199BK KICHLER PENDANT LT,Kichler Lighting 42199BK Kichler Pendant Lt,Kichler Lighting Kichler Pendant Lt (MPN: 42199BK) in the Tools > Industrial > General category.,Kichler Lighting Kichler Pendant Lt (42199BK) in Industrial.,Kichler Lighting Kichler Pendant Lt (42199BK) in Industrial.,,,,,,,,,,,,,,,,,,,,,,,,,,,,,,,,,,,,,,,,,,,,,,,,,,,,,,,,,,,,,,,,,,,,,,,,,,,,,,,,,,,,,,,,,,,,,,,,,,,,,,,,,,,,,,,,,,,,,,,,,,,,,,,,,,,,,,,,,,,,,,,,,,,,,,,,,,,,,,,,,,,,,,,,,,,,,,,,,,,,,,,,,,,,,,,,,,,,,,,,,,,,,,,,,,,,,,,,,,,,,,,No
,,,,,,,Tools,Industrial,General,,42199BKCS,42199BKCS Kichler Pendant Lt,-- Unbranded --,-- No Unilog Brand --,-- No DIB Brand --,Kichler Lighting (KICLI),Kichler Lighting (KICLI),Kichler,,42199BKCS,42199BKCS,Tools > Industrial > General,Kichler Lighting 42199BKCS Kichler Pendant Lt,KICHLER LIGHTING 42199BKCS KICHLER PENDANT LT,Kichler Lighting 42199BKCS Kichler Pendant Lt,Kichler Lighting Kichler Pendant Lt (MPN: 42199BKCS) in the Tools > Industrial > General category.,Kichler Lighting Kichler Pendant Lt (42199BKCS) in Industrial.,Kichler Lighting Kichler Pendant Lt (42199BKCS) in Industrial.,,,,,,,,,,,,,,,,,,,,,,,,,,,,,,,,,,,,,,,,,,,,,,,,,,,,,,,,,,,,,,,,,,,,,,,,,,,,,,,,,,,,,,,,,,,,,,,,,,,,,,,,,,,,,,,,,,,,,,,,,,,,,,,,,,,,,,,,,,,,,,,,,,,,,,,,,,,,,,,,,,,,,,,,,,,,,,,,,,,,,,,,,,,,,,,,,,,,,,,,,,,,,,,,,,,,,,,,,,,,,,,No
,,,,,,,Tools,Industrial,General,,42200BK,42200BK Kichler Pendant Lt,-- Unbranded --,-- No Unilog Brand --,-- No DIB Brand --,Kichler Lighting (KICLI),Kichler Lighting (KICLI),Kichler,,42200BK,42200BK,Tools > Industrial > General,Kichler Lighting 42200BK Kichler Pendant Lt,KICHLER LIGHTING 42200BK KICHLER PENDANT LT,Kichler Lighting 42200BK Kichler Pendant Lt,Kichler Lighting Kichler Pendant Lt (MPN: 42200BK) in the Tools > Industrial > General category.,Kichler Lighting Kichler Pendant Lt (42200BK) in Industrial.,Kichler Lighting Kichler Pendant Lt (42200BK) in Industrial.,,,,,,,,,,,,,,,,,,,,,,,,,,,,,,,,,,,,,,,,,,,,,,,,,,,,,,,,,,,,,,,,,,,,,,,,,,,,,,,,,,,,,,,,,,,,,,,,,,,,,,,,,,,,,,,,,,,,,,,,,,,,,,,,,,,,,,,,,,,,,,,,,,,,,,,,,,,,,,,,,,,,,,,,,,,,,,,,,,,,,,,,,,,,,,,,,,,,,,,,,,,,,,,,,,,,,,,,,,,,,,,No
,,,,,,,Tools,Industrial,General,,42200BKCS,42200BKCS Kichler Pendant Lt,-- Unbranded --,-- No Unilog Brand --,-- No DIB Brand --,Kichler Lighting (KICLI),Kichler Lighting (KICLI),Kichler,,42200BKCS,42200BKCS,Tools > Industrial > General,Kichler Lighting 42200BKCS Kichler Pendant Lt,KICHLER LIGHTING 42200BKCS KICHLER PENDANT LT,Kichler Lighting 42200BKCS Kichler Pendant Lt,Kichler Lighting Kichler Pendant Lt (MPN: 42200BKCS) in the Tools > Industrial > General category.,Kichler Lighting Kichler Pendant Lt (42200BKCS) in Industrial.,Kichler Lighting Kichler Pendant Lt (42200BKCS) in Industrial.,,,,,,,,,,,,,,,,,,,,,,,,,,,,,,,,,,,,,,,,,,,,,,,,,,,,,,,,,,,,,,,,,,,,,,,,,,,,,,,,,,,,,,,,,,,,,,,,,,,,,,,,,,,,,,,,,,,,,,,,,,,,,,,,,,,,,,,,,,,,,,,,,,,,,,,,,,,,,,,,,,,,,,,,,,,,,,,,,,,,,,,,,,,,,,,,,,,,,,,,,,,,,,,,,,,,,,,,,,,,,,,No
,,,,,,,Tools,Industrial,General,,43851BK,43851BK Kichler Pendant Lt,-- Unbranded --,-- No Unilog Brand --,-- No DIB Brand --,Kichler Lighting (KICLI),Kichler Lighting (KICLI),Kichler,,43851BK,43851BK,Tools > Industrial > General,Kichler Lighting 43851BK Kichler Pendant Lt,KICHLER LIGHTING 43851BK KICHLER PENDANT LT,Kichler Lighting 43851BK Kichler Pendant Lt,Kichler Lighting Kichler Pendant Lt (MPN: 43851BK) in the Tools > Industrial > General category.,Kichler Lighting Kichler Pendant Lt (43851BK) in Industrial.,Kichler Lighting Kichler Pendant Lt (43851BK) in Industrial.,,,,,,,,,,,,,,,,,,,,,,,,,,,,,,,,,,,,,,,,,,,,,,,,,,,,,,,,,,,,,,,,,,,,,,,,,,,,,,,,,,,,,,,,,,,,,,,,,,,,,,,,,,,,,,,,,,,,,,,,,,,,,,,,,,,,,,,,,,,,,,,,,,,,,,,,,,,,,,,,,,,,,,,,,,,,,,,,,,,,,,,,,,,,,,,,,,,,,,,,,,,,,,,,,,,,,,,,,,,,,,,No
,,,,,,,Tools,Industrial,General,,43852BK,43852BK Kichler Pendant Lt,-- Unbranded --,-- No Unilog Brand --,-- No DIB Brand --,Kichler Lighting (KICLI),Kichler Lighting (KICLI),Kichler,,43852BK,43852BK,Tools > Industrial > General,Kichler Lighting 43852BK Kichler Pendant Lt,KICHLER LIGHTING 43852BK KICHLER PENDANT LT,Kichler Lighting 43852BK Kichler Pendant Lt,Kichler Lighting Kichler Pendant Lt (MPN: 43852BK) in the Tools > Industrial > General category.,Kichler Lighting Kichler Pendant Lt (43852BK) in Industrial.,Kichler Lighting Kichler Pendant Lt (43852BK) in Industrial.,,,,,,,,,,,,,,,,,,,,,,,,,,,,,,,,,,,,,,,,,,,,,,,,,,,,,,,,,,,,,,,,,,,,,,,,,,,,,,,,,,,,,,,,,,,,,,,,,,,,,,,,,,,,,,,,,,,,,,,,,,,,,,,,,,,,,,,,,,,,,,,,,,,,,,,,,,,,,,,,,,,,,,,,,,,,,,,,,,,,,,,,,,,,,,,,,,,,,,,,,,,,,,,,,,,,,,,,,,,,,,,No
,,,,,,,Tools,Industrial,General,,43853BK,43853BK Kichler Pendant Lt,-- Unbranded --,-- No Unilog Brand --,-- No DIB Brand --,Kichler Lighting (KICLI),Kichler Lighting (KICLI),Kichler,,43853BK,43853BK,Tools > Industrial > General,Kichler Lighting 43853BK Kichler Pendant Lt,KICHLER LIGHTING 43853BK KICHLER PENDANT LT,Kichler Lighting 43853BK Kichler Pendant Lt,Kichler Lighting Kichler Pendant Lt (MPN: 43853BK) in the Tools > Industrial > General category.,Kichler Lighting Kichler Pendant Lt (43853BK) in Industrial.,Kichler Lighting Kichler Pendant Lt (43853BK) in Industrial.,,,,,,,,,,,,,,,,,,,,,,,,,,,,,,,,,,,,,,,,,,,,,,,,,,,,,,,,,,,,,,,,,,,,,,,,,,,,,,,,,,,,,,,,,,,,,,,,,,,,,,,,,,,,,,,,,,,,,,,,,,,,,,,,,,,,,,,,,,,,,,,,,,,,,,,,,,,,,,,,,,,,,,,,,,,,,,,,,,,,,,,,,,,,,,,,,,,,,,,,,,,,,,,,,,,,,,,,,,,,,,,No
,,,,,,,Tools,Industrial,General,,43905BK,43905BK Kichler Pendant Lt,-- Unbranded --,-- No Unilog Brand --,-- No DIB Brand --,Kichler Lighting (KICLI),Kichler Lighting (KICLI),Kichler,,43905BK,43905BK,Tools > Industrial > General,Kichler Lighting 43905BK Kichler Pendant Lt,KICHLER LIGHTING 43905BK KICHLER PENDANT LT,Kichler Lighting 43905BK Kichler Pendant Lt,Kichler Lighting Kichler Pendant Lt (MPN: 43905BK) in the Tools > Industrial > General category.,Kichler Lighting Kichler Pendant Lt (43905BK) in Industrial.,Kichler Lighting Kichler Pendant Lt (43905BK) in Industrial.,,,,,,,,,,,,,,,,,,,,,,,,,,,,,,,,,,,,,,,,,,,,,,,,,,,,,,,,,,,,,,,,,,,,,,,,,,,,,,,,,,,,,,,,,,,,,,,,,,,,,,,,,,,,,,,,,,,,,,,,,,,,,,,,,,,,,,,,,,,,,,,,,,,,,,,,,,,,,,,,,,,,,,,,,,,,,,,,,,,,,,,,,,,,,,,,,,,,,,,,,,,,,,,,,,,,,,,,,,,,,,,No
,,,,,,,Tools,Industrial,General,,43911BK,43911BK Kichler Pendant Lt,-- Unbranded --,-- No Unilog Brand --,-- No DIB Brand --,Kichler Lighting (KICLI),Kichler Lighting (KICLI),Kichler,,43911BK,43911BK,Tools > Industrial > General,Kichler Lighting 43911BK Kichler Pendant Lt,KICHLER LIGHTING 43911BK KICHLER PENDANT LT,Kichler Lighting 43911BK Kichler Pendant Lt,Kichler Lighting Kichler Pendant Lt (MPN: 43911BK) in the Tools > Industrial > General category.,Kichler Lighting Kichler Pendant Lt (43911BK) in Industrial.,Kichler Lighting Kichler Pendant Lt (43911BK) in Industrial.,,,,,,,,,,,,,,,,,,,,,,,,,,,,,,,,,,,,,,,,,,,,,,,,,,,,,,,,,,,,,,,,,,,,,,,,,,,,,,,,,,,,,,,,,,,,,,,,,,,,,,,,,,,,,,,,,,,,,,,,,,,,,,,,,,,,,,,,,,,,,,,,,,,,,,,,,,,,,,,,,,,,,,,,,,,,,,,,,,,,,,,,,,,,,,,,,,,,,,,,,,,,,,,,,,,,,,,,,,,,,,,No
,,,,,,,Tools,Industrial,General,,52529BK,52529BK Kichler Pendant Light,-- Unbranded --,-- No Unilog Brand --,-- No DIB Brand --,Kichler Lighting (KICLI),Kichler Lighting (KICLI),Kichler,,52529BK,52529BK,Tools > Industrial > General,Kichler Lighting 52529BK Kichler Pendant Light,KICHLER LIGHTING 52529BK KICHLER PENDANT LIGHT,Kichler Lighting 52529BK Kichler Pendant Light,Kichler Lighting Kichler Pendant Light (MPN: 52529BK) in the Tools > Industrial > General category.,Kichler Lighting Kichler Pendant Light (52529BK) in Industrial.,Kichler Lighting Kichler Pendant Light (52529BK) in Industrial.,,,,,,,,,,,,,,,,,,,,,,,,,,,,,,,,,,,,,,,,,,,,,,,,,,,,,,,,,,,,,,,,,,,,,,,,,,,,,,,,,,,,,,,,,,,,,,,,,,,,,,,,,,,,,,,,,,,,,,,,,,,,,,,,,,,,,,,,,,,,,,,,,,,,,,,,,,,,,,,,,,,,,,,,,,,,,,,,,,,,,,,,,,,,,,,,,,,,,,,,,,,,,,,,,,,,,,,,,,,,,,,No
,,,,,,,Tools,Industrial,General,,52662BKCLR,52662BKCLR Kichler Pendant Lt,-- Unbranded --,-- No Unilog Brand --,-- No DIB Brand --,Kichler Lighting (KICLI),Kichler Lighting (KICLI),Kichler,,52662BKCLR,52662BKCLR,Tools > Industrial > General,Kichler Lighting 52662BKCLR Kichler Pendant Lt,KICHLER LIGHTING 52662BKCLR KICHLER PENDANT LT,Kichler Lighting 52662BKCLR Kichler Pendant Lt,Kichler Lighting Kichler Pendant Lt (MPN: 52662BKCLR) in the Tools > Industrial > General category.,Kichler Lighting Kichler Pendant Lt (52662BKCLR) in Industrial.,Kichler Lighting Kichler Pendant Lt (52662BKCLR) in Industrial.,,,,,,,,,,,,,,,,,,,,,,,,,,,,,,,,,,,,,,,,,,,,,,,,,,,,,,,,,,,,,,,,,,,,,,,,,,,,,,,,,,,,,,,,,,,,,,,,,,,,,,,,,,,,,,,,,,,,,,,,,,,,,,,,,,,,,,,,,,,,,,,,,,,,,,,,,,,,,,,,,,,,,,,,,,,,,,,,,,,,,,,,,,,,,,,,,,,,,,,,,,,,,,,,,,,,,,,,,,,,,,,No
,,,,,,,Tools,Industrial,General,,52734CPZ,52734CPZ Kichler Pendant Light,-- Unbranded --,-- No Unilog Brand --,-- No DIB Brand --,Kichler Lighting (KICLI),Kichler Lighting (KICLI),Kichler,,52734CPZ,52734CPZ,Tools > Industrial > General,Kichler Lighting 52734CPZ Kichler Pendant Light,KICHLER LIGHTING 52734CPZ KICHLER PENDANT LIGHT,Kichler Lighting 52734CPZ Kichler Pendant Light,Kichler Lighting Kichler Pendant Light (MPN: 52734CPZ) in the Tools > Industrial > General category.,Kichler Lighting Kichler Pendant Light (52734CPZ) in Industrial.,Kichler Lighting Kichler Pendant Light (52734CPZ) in Industrial.,,,,,,,,,,,,,,,,,,,,,,,,,,,,,,,,,,,,,,,,,,,,,,,,,,,,,,,,,,,,,,,,,,,,,,,,,,,,,,,,,,,,,,,,,,,,,,,,,,,,,,,,,,,,,,,,,,,,,,,,,,,,,,,,,,,,,,,,,,,,,,,,,,,,,,,,,,,,,,,,,,,,,,,,,,,,,,,,,,,,,,,,,,,,,,,,,,,,,,,,,,,,,,,,,,,,,,,,,,,,,,,No
,,,,,,,Tools,Industrial,General,,82400,82400 Kichler Pendant Lt,-- Unbranded --,-- No Unilog Brand --,-- No DIB Brand --,Kichler Lighting (KICLI),Kichler Lighting (KICLI),Kichler,,82400,82400,Tools > Industrial > General,Kichler Lighting 82400 Kichler Pendant Lt,KICHLER LIGHTING 82400 KICHLER PENDANT LT,Kichler Lighting 82400 Kichler Pendant Lt,Kichler Lighting Kichler Pendant Lt (MPN: 82400) in the Tools > Industrial > General category.,Kichler Lighting Kichler Pendant Lt (82400) in Industrial.,Kichler Lighting Kichler Pendant Lt (82400) in Industrial.,,,,,,,,,,,,,,,,,,,,,,,,,,,,,,,,,,,,,,,,,,,,,,,,,,,,,,,,,,,,,,,,,,,,,,,,,,,,,,,,,,,,,,,,,,,,,,,,,,,,,,,,,,,,,,,,,,,,,,,,,,,,,,,,,,,,,,,,,,,,,,,,,,,,,,,,,,,,,,,,,,,,,,,,,,,,,,,,,,,,,,,,,,,,,,,,,,,,,,,,,,,,,,,,,,,,,,,,,,,,,,,No
,,,,,,,Tools,Industrial,General,,S11606,"S11606 8"" Round Down Lt 30K",-- Unbranded --,-- No Unilog Brand --,-- No DIB Brand --,Satco Prod Inc (5573),Satco Prod Inc,,,S11606,S11606,Tools > Industrial > General,"Satco Prod Inc S11606 8"" Round Down Lt 30K","SATCO PROD INC S11606 8"" ROUND DOWN LT 30K","Satco Prod Inc S11606 8"" Round Down Lt 30K","Satco Prod Inc 8"" Round Down Lt 30K (MPN: S11606) in the Tools > Industrial > General category.","Satco Prod Inc 8"" Round Down Lt 30K (S11606) in Industrial.","Satco Prod Inc 8"" Round Down Lt 30K (S11606) in Industrial.",,,,,,,,,,,,,,,,,,,,,,,,,,,,,,,,,,,,,,,,,,,,,,,,,,,,,,,,,,,,,,,,,,,,,,,,,,,,,,,,,,,,,,,,,,,,,,,,,,,,,,,,,,,,,,,,,,,,,,,,,,,,,,,,,,,,,,,,,,,,,,,,,,,,,,,,,,,,,,,,,,,,,,,,,,,,,,,,,,,,,,,,,,,,,,,,,,,,,,,,,,,,,,,,,,,,,,,,,,,,,,,No
,,,,,,,Tools,Industrial,General,,S11828,"S11828 8"" Led Down Light",-- Unbranded --,-- No Unilog Brand --,-- No DIB Brand --,Satco Prod Inc (5573),Satco Prod Inc,,,S11828,S11828,Tools > Industrial > General,"Satco Prod Inc S11828 8"" Led Down Light","SATCO PROD INC S11828 8"" LED DOWN LIGHT","Satco Prod Inc S11828 8"" Led Down Light","Satco Prod Inc 8"" Led Down Light (MPN: S11828) in the Tools > Industrial > General category.","Satco Prod Inc 8"" Led Down Light (S11828) in Industrial.","Satco Prod Inc 8"" Led Down Light (S11828) in Industrial.",,,,,,,,,,,,,,,,,,,,,,,,,,,,,,,,,,,,,,,,,,,,,,,,,,,,,,,,,,,,,,,,,,,,,,,,,,,,,,,,,,,,,,,,,,,,,,,,,,,,,,,,,,,,,,,,,,,,,,,,,,,,,,,,,,,,,,,,,,,,,,,,,,,,,,,,,,,,,,,,,,,,,,,,,,,,,,,,,,,,,,,,,,,,,,,,,,,,,,,,,,,,,,,,,,,,,,,,,,,,,,,No
,,,,,,,Tools,Industrial,General,,801274,"801274 10w LED 6"" Retro 50k",-- Unbranded --,-- No Unilog Brand --,Philips,Phillips Lighting (5831),Phillips Lighting,,,801274,801274,Tools > Industrial > General,"Phillips Lighting 801274 10w LED 6"" Retro 50k","PHILLIPS LIGHTING 801274 10W LED 6"" RETRO 50K","Phillips Lighting 801274 10w LED 6"" Retro 50k","Phillips Lighting 10w LED 6"" Retro 50k (MPN: 801274) in the Tools > Industrial > General category.","Phillips Lighting 10w LED 6"" Retro 50k (801274) in Industrial.","Phillips Lighting 10w LED 6"" Retro 50k (801274) in Industrial.",,,,,,,,,,,,,,,,,,,,,,,,,,,,,,,,,,,,,,,,,,,,,,,,,,,,,,,,,,,,,,,,,,,,,,,,,,,,,,,,,,,,,,,,,,,,,,,,,,,,,,,,,,,,,,,,,,,,,,,,,,,,,,,,,,,,,,,,,,,,,,,,,,,,,,,,,,,,,,,,,,,,,,,,,,,,,,,,,,,,,,,,,,,,,,,,,,,,,,,,,,,,,,,,,,,,,,,,,,,,,,,No
,,,,,,,Tools,Industrial,General,,S11860,"S11860 6"" Downlight White 5 CCT",-- Unbranded --,-- No Unilog Brand --,-- No DIB Brand --,Satco Prod Inc (5573),Satco Prod Inc,,,S11860,S11860,Tools > Industrial > General,"Satco Prod Inc S11860 6"" Downlight White 5 CCT","SATCO PROD INC S11860 6"" DOWNLIGHT WHITE 5 CCT","Satco Prod Inc S11860 6"" Downlight White 5 CCT","Satco Prod Inc 6"" Downlight White 5 CCT (MPN: S11860) in the Tools > Industrial > General category.","Satco Prod Inc 6"" Downlight White 5 CCT (S11860) in Industrial.","Satco Prod Inc 6"" Downlight White 5 CCT (S11860) in Industrial.",,,,,,,,,,,,,,,,,,,,,,,,,,,,,,,,,,,,,,,,,,,,,,,,,,,,,,,,,,,,,,,,,,,,,,,,,,,,,,,,,,,,,,,,,,,,,,,,,,,,,,,,,,,,,,,,,,,,,,,,,,,,,,,,,,,,,,,,,,,,,,,,,,,,,,,,,,,,,,,,,,,,,,,,,,,,,,,,,,,,,,,,,,,,,,,,,,,,,,,,,,,,,,,,,,,,,,,,,,,,,,,No
,,,,,,,Tools,Industrial,General,,S11562,"S11562 Starfish 6"" D/W Downlight",-- Unbranded --,-- No Unilog Brand --,-- No DIB Brand --,Satco Prod Inc (5573),Satco Prod Inc,,,S11562,S11562,Tools > Industrial > General,"Satco Prod Inc S11562 Starfish 6"" D/W Downlight","SATCO PROD INC S11562 STARFISH 6"" D/W DOWNLIGHT","Satco Prod Inc S11562 Starfish 6"" D/W Downlight","Satco Prod Inc Starfish 6"" D/W Downlight (MPN: S11562) in the Tools > Industrial > General category.","Satco Prod Inc Starfish 6"" D/W Downlight (S11562) in Industrial.","Satco Prod Inc Starfish 6"" D/W Downlight (S11562) in Industrial.",,,,,,,,,,,,,,,,,,,,,,,,,,,,,,,,,,,,,,,,,,,,,,,,,,,,,,,,,,,,,,,,,,,,,,,,,,,,,,,,,,,,,,,,,,,,,,,,,,,,,,,,,,,,,,,,,,,,,,,,,,,,,,,,,,,,,,,,,,,,,,,,,,,,,,,,,,,,,,,,,,,,,,,,,,,,,,,,,,,,,,,,,,,,,,,,,,,,,,,,,,,,,,,,,,,,,,,,,,,,,,,No
,,,,,,,Tools,Industrial,General,,S11646,"S11646 6"" Downlight Wh",-- Unbranded --,-- No Unilog Brand --,-- No DIB Brand --,Satco Prod Inc (5573),Satco Prod Inc,,,S11646,S11646,Tools > Industrial > General,"Satco Prod Inc S11646 6"" Downlight Wh","SATCO PROD INC S11646 6"" DOWNLIGHT WH","Satco Prod Inc S11646 6"" Downlight Wh","Satco Prod Inc 6"" Downlight Wh (MPN: S11646) in the Tools > Industrial > General category.","Satco Prod Inc 6"" Downlight Wh (S11646) in Industrial.","Satco Prod Inc 6"" Downlight Wh (S11646) in Industrial.",,,,,,,,,,,,,,,,,,,,,,,,,,,,,,,,,,,,,,,,,,,,,,,,,,,,,,,,,,,,,,,,,,,,,,,,,,,,,,,,,,,,,,,,,,,,,,,,,,,,,,,,,,,,,,,,,,,,,,,,,,,,,,,,,,,,,,,,,,,,,,,,,,,,,,,,,,,,,,,,,,,,,,,,,,,,,,,,,,,,,,,,,,,,,,,,,,,,,,,,,,,,,,,,,,,,,,,,,,,,,,,No
,,,,,,,Tools,Industrial,General,,S11801R1,"S11801R1 6"" Led Downlight Wh",-- Unbranded --,-- No Unilog Brand --,-- No DIB Brand --,Satco Prod Inc (5573),Satco Prod Inc,,,S11801R1,S11801R1,Tools > Industrial > General,"Satco Prod Inc S11801R1 6"" Led Downlight Wh","SATCO PROD INC S11801R1 6"" LED DOWNLIGHT WH","Satco Prod Inc S11801R1 6"" Led Downlight Wh","Satco Prod Inc 6"" Led Downlight Wh (MPN: S11801R1) in the Tools > Industrial > General category.","Satco Prod Inc 6"" Led Downlight Wh (S11801R1) in Industrial.","Satco Prod Inc 6"" Led Downlight Wh (S11801R1) in Industrial.",,,,,,,,,,,,,,,,,,,,,,,,,,,,,,,,,,,,,,,,,,,,,,,,,,,,,,,,,,,,,,,,,,,,,,,,,,,,,,,,,,,,,,,,,,,,,,,,,,,,,,,,,,,,,,,,,,,,,,,,,,,,,,,,,,,,,,,,,,,,,,,,,,,,,,,,,,,,,,,,,,,,,,,,,,,,,,,,,,,,,,,,,,,,,,,,,,,,,,,,,,,,,,,,,,,,,,,,,,,,,,,No
,,,,,,,Tools,Industrial,General,,S11848,"S11848 10"" Down Light Wh",-- Unbranded --,-- No Unilog Brand --,-- No DIB Brand --,Satco Prod Inc (5573),Satco Prod Inc,,,S11848,S11848,Tools > Industrial > General,"Satco Prod Inc S11848 10"" Down Light Wh","SATCO PROD INC S11848 10"" DOWN LIGHT WH","Satco Prod Inc S11848 10"" Down Light Wh","Satco Prod Inc 10"" Down Light Wh (MPN: S11848) in the Tools > Industrial > General category.","Satco Prod Inc 10"" Down Light Wh (S11848) in Industrial.","Satco Prod Inc 10"" Down Light Wh (S11848) in Industrial.",,,,,,,,,,,,,,,,,,,,,,,,,,,,,,,,,,,,,,,,,,,,,,,,,,,,,,,,,,,,,,,,,,,,,,,,,,,,,,,,,,,,,,,,,,,,,,,,,,,,,,,,,,,,,,,,,,,,,,,,,,,,,,,,,,,,,,,,,,,,,,,,,,,,,,,,,,,,,,,,,,,,,,,,,,,,,,,,,,,,,,,,,,,,,,,,,,,,,,,,,,,,,,,,,,,,,,,,,,,,,,,No
,,,,,,,Tools,Industrial,General,,S11849,"S11849 12"" Down Light Wh",-- Unbranded --,-- No Unilog Brand --,-- No DIB Brand --,Satco Prod Inc (5573),Satco Prod Inc,,,S11849,S11849,Tools > Industrial > General,"Satco Prod Inc S11849 12"" Down Light Wh","SATCO PROD INC S11849 12"" DOWN LIGHT WH","Satco Prod Inc S11849 12"" Down Light Wh","Satco Prod Inc 12"" Down Light Wh (MPN: S11849) in the Tools > Industrial > General category.","Satco Prod Inc 12"" Down Light Wh (S11849) in Industrial.","Satco Prod Inc 12"" Down Light Wh (S11849) in Industrial.",,,,,,,,,,,,,,,,,,,,,,,,,,,,,,,,,,,,,,,,,,,,,,,,,,,,,,,,,,,,,,,,,,,,,,,,,,,,,,,,,,,,,,,,,,,,,,,,,,,,,,,,,,,,,,,,,,,,,,,,,,,,,,,,,,,,,,,,,,,,,,,,,,,,,,,,,,,,,,,,,,,,,,,,,,,,,,,,,,,,,,,,,,,,,,,,,,,,,,,,,,,,,,,,,,,,,,,,,,,,,,,No
,,,,,,,Tools,Industrial,General,,HLBSL609FS5,"HLBSL609FS5 6"" Down Light",-- Unbranded --,-- No Unilog Brand --,-- No DIB Brand --,Cooper Lighting (7638),,,,HLBSL609FS5,HLBSL609FS5,Tools > Industrial > General,"Cooper Lighting HLBSL609FS5 6"" Down Light","COOPER LIGHTING HLBSL609FS5 6"" DOWN LIGHT","Cooper Lighting HLBSL609FS5 6"" Down Light","Cooper Lighting 6"" Down Light (MPN: HLBSL609FS5) in the Tools > Industrial > General category.","Cooper Lighting 6"" Down Light (HLBSL609FS5) in Industrial.","Cooper Lighting 6"" Down Light (HLBSL609FS5) in Industrial.",,,,,,,,,,,,,,,,,,,,,,,,,,,,,,,,,,,,,,,,,,,,,,,,,,,,,,,,,,,,,,,,,,,,,,,,,,,,,,,,,,,,,,,,,,,,,,,,,,,,,,,,,,,,,,,,,,,,,,,,,,,,,,,,,,,,,,,,,,,,,,,,,,,,,,,,,,,,,,,,,,,,,,,,,,,,,,,,,,,,,,,,,,,,,,,,,,,,,,,,,,,,,,,,,,,,,,,,,,,,,,,No
,,,,,,,Tools,Industrial,General,,WF4REGSWW590CRIMW,"WF4REGSWW590CRIMW 4"" Down Light",-- Unbranded --,-- No Unilog Brand --,-- No DIB Brand --,Lithonia Lighting (2776),Lithonia Lighting,,,WF4REGSWW590CRIMW,WF4REGSWW590CRIMW,Tools > Industrial > General,"Lithonia Lighting WF4REGSWW590CRIMW 4"" Down Light","LITHONIA LIGHTING WF4REGSWW590CRIMW 4"" DOWN LIGHT","Lithonia Lighting WF4REGSWW590CRIMW 4"" Down Light","Lithonia Lighting 4"" Down Light (MPN: WF4REGSWW590CRIMW) in the Tools > Industrial > General category.","Lithonia Lighting 4"" Down Light (WF4REGSWW590CRIMW) in Industrial.","Lithonia Lighting 4"" Down Light (WF4REGSWW590CRIMW) in Industrial.",,,,,,,,,,,,,,,,,,,,,,,,,,,,,,,,,,,,,,,,,,,,,,,,,,,,,,,,,,,,,,,,,,,,,,,,,,,,,,,,,,,,,,,,,,,,,,,,,,,,,,,,,,,,,,,,,,,,,,,,,,,,,,,,,,,,,,,,,,,,,,,,,,,,,,,,,,,,,,,,,,,,,,,,,,,,,,,,,,,,,,,,,,,,,,,,,,,,,,,,,,,,,,,,,,,,,,,,,,,,,,,No
,,,,,,,Tools,Industrial,General,,43849WH5CCT,43849WH5CCT Kichler Ceiling Lt,-- Unbranded --,-- No Unilog Brand --,-- No DIB Brand --,Kichler Lighting (KICLI),Kichler Lighting (KICLI),Kichler,,43849WH5CCT,43849WH5CCT,Tools > Industrial > General,Kichler Lighting 43849WH5CCT Kichler Ceiling Lt,KICHLER LIGHTING 43849WH5CCT KICHLER CEILING LT,Kichler Lighting 43849WH5CCT Kichler Ceiling Lt,Kichler Lighting Kichler Ceiling Lt (MPN: 43849WH5CCT) in the Tools > Industrial > General category.,Kichler Lighting Kichler Ceiling Lt (43849WH5CCT) in Industrial.,Kichler Lighting Kichler Ceiling Lt (43849WH5CCT) in Industrial.,,,,,,,,,,,,,,,,,,,,,,,,,,,,,,,,,,,,,,,,,,,,,,,,,,,,,,,,,,,,,,,,,,,,,,,,,,,,,,,,,,,,,,,,,,,,,,,,,,,,,,,,,,,,,,,,,,,,,,,,,,,,,,,,,,,,,,,,,,,,,,,,,,,,,,,,,,,,,,,,,,,,,,,,,,,,,,,,,,,,,,,,,,,,,,,,,,,,,,,,,,,,,,,,,,,,,,,,,,,,,,,No
,,,,,,,Tools,Industrial,General,,62-1777,"62-1777 15"" Ceiling Lt Wh",-- Unbranded --,-- No Unilog Brand --,-- No DIB Brand --,Satco Prod Inc (5573),Satco Prod Inc,,,62-1777,62-1777,Tools > Industrial > General,"Satco Prod Inc 62-1777 15"" Ceiling Lt Wh","SATCO PROD INC 62-1777 15"" CEILING LT WH","Satco Prod Inc 62-1777 15"" Ceiling Lt Wh","Satco Prod Inc 15"" Ceiling Lt Wh (MPN: 62-1777) in the Tools > Industrial > General category.","Satco Prod Inc 15"" Ceiling Lt Wh (62-1777) in Industrial.","Satco Prod Inc 15"" Ceiling Lt Wh (62-1777) in Industrial.",,,,,,,,,,,,,,,,,,,,,,,,,,,,,,,,,,,,,,,,,,,,,,,,,,,,,,,,,,,,,,,,,,,,,,,,,,,,,,,,,,,,,,,,,,,,,,,,,,,,,,,,,,,,,,,,,,,,,,,,,,,,,,,,,,,,,,,,,,,,,,,,,,,,,,,,,,,,,,,,,,,,,,,,,,,,,,,,,,,,,,,,,,,,,,,,,,,,,,,,,,,,,,,,,,,,,,,,,,,,,,,No
,,,,,,,Tools,Industrial,General,,62-1778,"62-1778 19"" Ceiling Lt Wh",-- Unbranded --,-- No Unilog Brand --,-- No DIB Brand --,Satco Prod Inc (5573),Satco Prod Inc,,,62-1778,62-1778,Tools > Industrial > General,"Satco Prod Inc 62-1778 19"" Ceiling Lt Wh","SATCO PROD INC 62-1778 19"" CEILING LT WH","Satco Prod Inc 62-1778 19"" Ceiling Lt Wh","Satco Prod Inc 19"" Ceiling Lt Wh (MPN: 62-1778) in the Tools > Industrial > General category.","Satco Prod Inc 19"" Ceiling Lt Wh (62-1778) in Industrial.","Satco Prod Inc 19"" Ceiling Lt Wh (62-1778) in Industrial.",,,,,,,,,,,,,,,,,,,,,,,,,,,,,,,,,,,,,,,,,,,,,,,,,,,,,,,,,,,,,,,,,,,,,,,,,,,,,,,,,,,,,,,,,,,,,,,,,,,,,,,,,,,,,,,,,,,,,,,,,,,,,,,,,,,,,,,,,,,,,,,,,,,,,,,,,,,,,,,,,,,,,,,,,,,,,,,,,,,,,,,,,,,,,,,,,,,,,,,,,,,,,,,,,,,,,,,,,,,,,,,No
,,,,,,,Tools,Industrial,General,,62-1784,62-1784 24x24 Led Ceiling Lt,-- Unbranded --,-- No Unilog Brand --,-- No DIB Brand --,Satco Prod Inc (5573),Satco Prod Inc,,,62-1784,62-1784,Tools > Industrial > General,Satco Prod Inc 62-1784 24x24 Led Ceiling Lt,SATCO PROD INC 62-1784 24X24 LED CEILING LT,Satco Prod Inc 62-1784 24x24 Led Ceiling Lt,Satco Prod Inc 24x24 Led Ceiling Lt (MPN: 62-1784) in the Tools > Industrial > General category.,Satco Prod Inc 24x24 Led Ceiling Lt (62-1784) in Industrial.,Satco Prod Inc 24x24 Led Ceiling Lt (62-1784) in Industrial.,,,,,,,,,,,,,,,,,,,,,,,,,,,,,,,,,,,,,,,,,,,,,,,,,,,,,,,,,,,,,,,,,,,,,,,,,,,,,,,,,,,,,,,,,,,,,,,,,,,,,,,,,,,,,,,,,,,,,,,,,,,,,,,,,,,,,,,,,,,,,,,,,,,,,,,,,,,,,,,,,,,,,,,,,,,,,,,,,,,,,,,,,,,,,,,,,,,,,,,,,,,,,,,,,,,,,,,,,,,,,,,No
,,,,,,,Tools,Industrial,General,,62-1787,"62-1787 15"" Ceiling Lt Bk",-- Unbranded --,-- No Unilog Brand --,-- No DIB Brand --,Satco Prod Inc (5573),Satco Prod Inc,,,62-1787,62-1787,Tools > Industrial > General,"Satco Prod Inc 62-1787 15"" Ceiling Lt Bk","SATCO PROD INC 62-1787 15"" CEILING LT BK","Satco Prod Inc 62-1787 15"" Ceiling Lt Bk","Satco Prod Inc 15"" Ceiling Lt Bk (MPN: 62-1787) in the Tools > Industrial > General category.","Satco Prod Inc 15"" Ceiling Lt Bk (62-1787) in Industrial.","Satco Prod Inc 15"" Ceiling Lt Bk (62-1787) in Industrial.",,,,,,,,,,,,,,,,,,,,,,,,,,,,,,,,,,,,,,,,,,,,,,,,,,,,,,,,,,,,,,,,,,,,,,,,,,,,,,,,,,,,,,,,,,,,,,,,,,,,,,,,,,,,,,,,,,,,,,,,,,,,,,,,,,,,,,,,,,,,,,,,,,,,,,,,,,,,,,,,,,,,,,,,,,,,,,,,,,,,,,,,,,,,,,,,,,,,,,,,,,,,,,,,,,,,,,,,,,,,,,,No
,,,,,,,Tools,Industrial,General,,62-1788,"62-1788 19"" Ceiling Lt Bk",-- Unbranded --,-- No Unilog Brand --,-- No DIB Brand --,Satco Prod Inc (5573),Satco Prod Inc,,,62-1788,62-1788,Tools > Industrial > General,"Satco Prod Inc 62-1788 19"" Ceiling Lt Bk","SATCO PROD INC 62-1788 19"" CEILING LT BK","Satco Prod Inc 62-1788 19"" Ceiling Lt Bk","Satco Prod Inc 19"" Ceiling Lt Bk (MPN: 62-1788) in the Tools > Industrial > General category.","Satco Prod Inc 19"" Ceiling Lt Bk (62-1788) in Industrial.","Satco Prod Inc 19"" Ceiling Lt Bk (62-1788) in Industrial.",,,,,,,,,,,,,,,,,,,,,,,,,,,,,,,,,,,,,,,,,,,,,,,,,,,,,,,,,,,,,,,,,,,,,,,,,,,,,,,,,,,,,,,,,,,,,,,,,,,,,,,,,,,,,,,,,,,,,,,,,,,,,,,,,,,,,,,,,,,,,,,,,,,,,,,,,,,,,,,,,,,,,,,,,,,,,,,,,,,,,,,,,,,,,,,,,,,,,,,,,,,,,,,,,,,,,,,,,,,,,,,No
,,,,,,,Tools,Industrial,General,,SHOP/4X2/840/V1,4' Feit Shop Light 4500L 40k,-- Unbranded --,-- No Unilog Brand --,Feit Electric,Feit Electric (3468),Feit Electric,,,SHOP/4X2/840/V1,SHOP/4X2/840/V1,Tools > Industrial > General,Feit Electric SHOP/4X2/840/V1 4' Feit Shop Light 4500L 40k,FEIT ELECTRIC SHOP/4X2/840/V1 4' FEIT SHOP LIGHT 4500L 40K,Feit Electric SHOP/4X2/840/V1 4' Feit Shop Light 4500L 40k,Feit Electric 4' Feit Shop Light 4500L 40k (MPN: SHOP/4X2/840/V1) in the Tools > Industrial > General category.,Feit Electric 4' Feit Shop Light 4500L 40k (SHOP/4X2/840/V1) in Industrial.,Feit Electric 4' Feit Shop Light 4500L 40k (SHOP/4X2/840/V1) in Industrial.,,,,,,,,,,,,,,,,,,,,,,,,,,,,,,,,,,,,,,,,,,,,,,,,,,,,,,,,,,,,,,,,,,,,,,,,,,,,,,,,,,,,,,,,,,,,,,,,,,,,,,,,,,,,,,,,,,,,,,,,,,,,,,,,,,,,,,,,,,,,,,,,,,,,,,,,,,,,,,,,,,,,,,,,,,,,,,,,,,,,,,,,,,,,,,,,,,,,,,,,,,,,,,,,,,,,,,,,,,,,,,,No
,,,,,,,Tools,Industrial,General,,45495BKCLR,45495BKCLR Kichler Wall Lt,-- Unbranded --,-- No Unilog Brand --,-- No DIB Brand --,Kichler Lighting (KICLI),Kichler Lighting (KICLI),Kichler,,45495BKCLR,45495BKCLR,Tools > Industrial > General,Kichler Lighting 45495BKCLR Kichler Wall Lt,KICHLER LIGHTING 45495BKCLR KICHLER WALL LT,Kichler Lighting 45495BKCLR Kichler Wall Lt,Kichler Lighting Kichler Wall Lt (MPN: 45495BKCLR) in the Tools > Industrial > General category.,Kichler Lighting Kichler Wall Lt (45495BKCLR) in Industrial.,Kichler Lighting Kichler Wall Lt (45495BKCLR) in Industrial.,,,,,,,,,,,,,,,,,,,,,,,,,,,,,,,,,,,,,,,,,,,,,,,,,,,,,,,,,,,,,,,,,,,,,,,,,,,,,,,,,,,,,,,,,,,,,,,,,,,,,,,,,,,,,,,,,,,,,,,,,,,,,,,,,,,,,,,,,,,,,,,,,,,,,,,,,,,,,,,,,,,,,,,,,,,,,,,,,,,,,,,,,,,,,,,,,,,,,,,,,,,,,,,,,,,,,,,,,,,,,,,No
,,,,,,,Tools,Industrial,General,,55209NI,55209NI Kichler Wall Sconce,-- Unbranded --,-- No Unilog Brand --,-- No DIB Brand --,Kichler Lighting (KICLI),Kichler Lighting (KICLI),Kichler,,55209NI,55209NI,Tools > Industrial > General,Kichler Lighting 55209NI Kichler Wall Sconce,KICHLER LIGHTING 55209NI KICHLER WALL SCONCE,Kichler Lighting 55209NI Kichler Wall Sconce,Kichler Lighting Kichler Wall Sconce (MPN: 55209NI) in the Tools > Industrial > General category.,Kichler Lighting Kichler Wall Sconce (55209NI) in Industrial.,Kichler Lighting Kichler Wall Sconce (55209NI) in Industrial.,,,,,,,,,,,,,,,,,,,,,,,,,,,,,,,,,,,,,,,,,,,,,,,,,,,,,,,,,,,,,,,,,,,,,,,,,,,,,,,,,,,,,,,,,,,,,,,,,,,,,,,,,,,,,,,,,,,,,,,,,,,,,,,,,,,,,,,,,,,,,,,,,,,,,,,,,,,,,,,,,,,,,,,,,,,,,,,,,,,,,,,,,,,,,,,,,,,,,,,,,,,,,,,,,,,,,,,,,,,,,,,No
,,,,,,,Tools,Industrial,General,,65-1210,65-1210 2' LED Wrap Lt,-- Unbranded --,-- No Unilog Brand --,-- No DIB Brand --,Satco Prod Inc (5573),Satco Prod Inc,,,65-1210,65-1210,Tools > Industrial > General,Satco Prod Inc 65-1210 2' LED Wrap Lt,SATCO PROD INC 65-1210 2' LED WRAP LT,Satco Prod Inc 65-1210 2' LED Wrap Lt,Satco Prod Inc 2' LED Wrap Lt (MPN: 65-1210) in the Tools > Industrial > General category.,Satco Prod Inc 2' LED Wrap Lt (65-1210) in Industrial.,Satco Prod Inc 2' LED Wrap Lt (65-1210) in Industrial.,,,,,,,,,,,,,,,,,,,,,,,,,,,,,,,,,,,,,,,,,,,,,,,,,,,,,,,,,,,,,,,,,,,,,,,,,,,,,,,,,,,,,,,,,,,,,,,,,,,,,,,,,,,,,,,,,,,,,,,,,,,,,,,,,,,,,,,,,,,,,,,,,,,,,,,,,,,,,,,,,,,,,,,,,,,,,,,,,,,,,,,,,,,,,,,,,,,,,,,,,,,,,,,,,,,,,,,,,,,,,,,No
,,,,,,,Tools,Industrial,General,,65-1211,65-1211 4' Led Wrap Light,-- Unbranded --,-- No Unilog Brand --,-- No DIB Brand --,Satco Prod Inc (5573),Satco Prod Inc,,,65-1211,65-1211,Tools > Industrial > General,Satco Prod Inc 65-1211 4' Led Wrap Light,SATCO PROD INC 65-1211 4' LED WRAP LIGHT,Satco Prod Inc 65-1211 4' Led Wrap Light,Satco Prod Inc 4' Led Wrap Light (MPN: 65-1211) in the Tools > Industrial > General category.,Satco Prod Inc 4' Led Wrap Light (65-1211) in Industrial.,Satco Prod Inc 4' Led Wrap Light (65-1211) in Industrial.,,,,,,,,,,,,,,,,,,,,,,,,,,,,,,,,,,,,,,,,,,,,,,,,,,,,,,,,,,,,,,,,,,,,,,,,,,,,,,,,,,,,,,,,,,,,,,,,,,,,,,,,,,,,,,,,,,,,,,,,,,,,,,,,,,,,,,,,,,,,,,,,,,,,,,,,,,,,,,,,,,,,,,,,,,,,,,,,,,,,,,,,,,,,,,,,,,,,,,,,,,,,,,,,,,,,,,,,,,,,,,,No
,,,,,,,Tools,Industrial,General,,141465,"141465 15W Flor 18"" T12 27k",-- Unbranded --,-- No Unilog Brand --,Philips,Phillips Lighting (5831),Phillips Lighting,,,141465,141465,Tools > Industrial > General,"Phillips Lighting 141465 15W Flor 18"" T12 27k","PHILLIPS LIGHTING 141465 15W FLOR 18"" T12 27K","Phillips Lighting 141465 15W Flor 18"" T12 27k","Phillips Lighting 15W Flor 18"" T12 27k (MPN: 141465) in the Tools > Industrial > General category.","Phillips Lighting 15W Flor 18"" T12 27k (141465) in Industrial.","Phillips Lighting 15W Flor 18"" T12 27k (141465) in Industrial.",,,,,,,,,,,,,,,,,,,,,,,,,,,,,,,,,,,,,,,,,,,,,,,,,,,,,,,,,,,,,,,,,,,,,,,,,,,,,,,,,,,,,,,,,,,,,,,,,,,,,,,,,,,,,,,,,,,,,,,,,,,,,,,,,,,,,,,,,,,,,,,,,,,,,,,,,,,,,,,,,,,,,,,,,,,,,,,,,,,,,,,,,,,,,,,,,,,,,,,,,,,,,,,,,,,,,,,,,,,,,,,No
,,,,,,,Tools,Industrial,General,,391227,"391227 32W Led 12"" T9 30K",-- Unbranded --,-- No Unilog Brand --,Philips,Phillips Lighting (5831),Phillips Lighting,,,391227,391227,Tools > Industrial > General,"Phillips Lighting 391227 32W Led 12"" T9 30K","PHILLIPS LIGHTING 391227 32W LED 12"" T9 30K","Phillips Lighting 391227 32W Led 12"" T9 30K","Phillips Lighting 32W Led 12"" T9 30K (MPN: 391227) in the Tools > Industrial > General category.","Phillips Lighting 32W Led 12"" T9 30K (391227) in Industrial.","Phillips Lighting 32W Led 12"" T9 30K (391227) in Industrial.",,,,,,,,,,,,,,,,,,,,,,,,,,,,,,,,,,,,,,,,,,,,,,,,,,,,,,,,,,,,,,,,,,,,,,,,,,,,,,,,,,,,,,,,,,,,,,,,,,,,,,,,,,,,,,,,,,,,,,,,,,,,,,,,,,,,,,,,,,,,,,,,,,,,,,,,,,,,,,,,,,,,,,,,,,,,,,,,,,,,,,,,,,,,,,,,,,,,,,,,,,,,,,,,,,,,,,,,,,,,,,,No
,,,,,,,Tools,Industrial,General,,392225,"392225 22W Flor 8"" T9 30k",-- Unbranded --,-- No Unilog Brand --,Philips,Phillips Lighting (5831),Phillips Lighting,,,392225,392225,Tools > Industrial > General,"Phillips Lighting 392225 22W Flor 8"" T9 30k","PHILLIPS LIGHTING 392225 22W FLOR 8"" T9 30K","Phillips Lighting 392225 22W Flor 8"" T9 30k","Phillips Lighting 22W Flor 8"" T9 30k (MPN: 392225) in the Tools > Industrial > General category.","Phillips Lighting 22W Flor 8"" T9 30k (392225) in Industrial.","Phillips Lighting 22W Flor 8"" T9 30k (392225) in Industrial.",,,,,,,,,,,,,,,,,,,,,,,,,,,,,,,,,,,,,,,,,,,,,,,,,,,,,,,,,,,,,,,,,,,,,,,,,,,,,,,,,,,,,,,,,,,,,,,,,,,,,,,,,,,,,,,,,,,,,,,,,,,,,,,,,,,,,,,,,,,,,,,,,,,,,,,,,,,,,,,,,,,,,,,,,,,,,,,,,,,,,,,,,,,,,,,,,,,,,,,,,,,,,,,,,,,,,,,,,,,,,,,No
,,,,,,,Tools,Industrial,General,,S3539,S3539 20W Halogen Pin T4,-- Unbranded --,-- No Unilog Brand --,Satco,Satco Prod Inc (5573),Satco Prod Inc,,,S3539,S3539,Tools > Industrial > General,Satco Prod Inc S3539 20W Halogen Pin T4,SATCO PROD INC S3539 20W HALOGEN PIN T4,Satco Prod Inc S3539 20W Halogen Pin T4,Satco Prod Inc 20W Halogen Pin T4 (MPN: S3539) in the Tools > Industrial > General category.,Satco Prod Inc 20W Halogen Pin T4 (S3539) in Industrial.,Satco Prod Inc 20W Halogen Pin T4 (S3539) in Industrial.,,,,,,,,,,,,,,,,,,,,,,,,,,,,,,,,,,,,,,,,,,,,,,,,,,,,,,,,,,,,,,,,,,,,,,,,,,,,,,,,,,,,,,,,,,,,,,,,,,,,,,,,,,,,,,,,,,,,,,,,,,,,,,,,,,,,,,,,,,,,,,,,,,,,,,,,,,,,,,,,,,,,,,,,,,,,,,,,,,,,,,,,,,,,,,,,,,,,,,,,,,,,,,,,,,,,,,,,,,,,,,,No
,,,,,,,Tools,Industrial,General,,S3496,S3496 300W Halogen T3 Bulb,-- Unbranded --,-- No Unilog Brand --,Satco,Satco Prod Inc (5573),Satco Prod Inc,,,S3496,S3496,Tools > Industrial > General,Satco Prod Inc S3496 300W Halogen T3 Bulb,SATCO PROD INC S3496 300W HALOGEN T3 BULB,Satco Prod Inc S3496 300W Halogen T3 Bulb,Satco Prod Inc 300W Halogen T3 Bulb (MPN: S3496) in the Tools > Industrial > General category.,Satco Prod Inc 300W Halogen T3 Bulb (S3496) in Industrial.,Satco Prod Inc 300W Halogen T3 Bulb (S3496) in Industrial.,,,,,,,,,,,,,,,,,,,,,,,,,,,,,,,,,,,,,,,,,,,,,,,,,,,,,,,,,,,,,,,,,,,,,,,,,,,,,,,,,,,,,,,,,,,,,,,,,,,,,,,,,,,,,,,,,,,,,,,,,,,,,,,,,,,,,,,,,,,,,,,,,,,,,,,,,,,,,,,,,,,,,,,,,,,,,,,,,,,,,,,,,,,,,,,,,,,,,,,,,,,,,,,,,,,,,,,,,,,,,,,No
,,,,,,,Tools,Industrial,General,,467316,467316 150W Sodium Med 21k,-- Unbranded --,-- No Unilog Brand --,Philips,Phillips Lighting (5831),Phillips Lighting,,,467316,467316,Tools > Industrial > General,Phillips Lighting 467316 150W Sodium Med 21k,PHILLIPS LIGHTING 467316 150W SODIUM MED 21K,Phillips Lighting 467316 150W Sodium Med 21k,Phillips Lighting 150W Sodium Med 21k (MPN: 467316) in the Tools > Industrial > General category.,Phillips Lighting 150W Sodium Med 21k (467316) in Industrial.,Phillips Lighting 150W Sodium Med 21k (467316) in Industrial.,,,,,,,,,,,,,,,,,,,,,,,,,,,,,,,,,,,,,,,,,,,,,,,,,,,,,,,,,,,,,,,,,,,,,,,,,,,,,,,,,,,,,,,,,,,,,,,,,,,,,,,,,,,,,,,,,,,,,,,,,,,,,,,,,,,,,,,,,,,,,,,,,,,,,,,,,,,,,,,,,,,,,,,,,,,,,,,,,,,,,,,,,,,,,,,,,,,,,,,,,,,,,,,,,,,,,,,,,,,,,,,No
,,,,,,,Tools,Industrial,General,,S3709,S3709 25W Incan 27K,-- Unbranded --,-- No Unilog Brand --,Satco,Satco Prod Inc (5573),Satco Prod Inc,,,S3709,S3709,Tools > Industrial > General,Satco Prod Inc S3709 25W Incan 27K,SATCO PROD INC S3709 25W INCAN 27K,Satco Prod Inc S3709 25W Incan 27K,Satco Prod Inc 25W Incan 27K (MPN: S3709) in the Tools > Industrial > General category.,Satco Prod Inc 25W Incan 27K (S3709) in Industrial.,Satco Prod Inc 25W Incan 27K (S3709) in Industrial.,,,,,,,,,,,,,,,,,,,,,,,,,,,,,,,,,,,,,,,,,,,,,,,,,,,,,,,,,,,,,,,,,,,,,,,,,,,,,,,,,,,,,,,,,,,,,,,,,,,,,,,,,,,,,,,,,,,,,,,,,,,,,,,,,,,,,,,,,,,,,,,,,,,,,,,,,,,,,,,,,,,,,,,,,,,,,,,,,,,,,,,,,,,,,,,,,,,,,,,,,,,,,,,,,,,,,,,,,,,,,,,No
,,,,,,,Tools,Industrial,General,,S4720,S4720 25W Incan 27K,-- Unbranded --,-- No Unilog Brand --,Satco,Satco Prod Inc (5573),Satco Prod Inc,,,S4720,S4720,Tools > Industrial > General,Satco Prod Inc S4720 25W Incan 27K,SATCO PROD INC S4720 25W INCAN 27K,Satco Prod Inc S4720 25W Incan 27K,Satco Prod Inc 25W Incan 27K (MPN: S4720) in the Tools > Industrial > General category.,Satco Prod Inc 25W Incan 27K (S4720) in Industrial.,Satco Prod Inc 25W Incan 27K (S4720) in Industrial.,,,,,,,,,,,,,,,,,,,,,,,,,,,,,,,,,,,,,,,,,,,,,,,,,,,,,,,,,,,,,,,,,,,,,,,,,,,,,,,,,,,,,,,,,,,,,,,,,,,,,,,,,,,,,,,,,,,,,,,,,,,,,,,,,,,,,,,,,,,,,,,,,,,,,,,,,,,,,,,,,,,,,,,,,,,,,,,,,,,,,,,,,,,,,,,,,,,,,,,,,,,,,,,,,,,,,,,,,,,,,,,No
,,,,,,,Tools,Industrial,General,,S3720,S3720 40w Inc A15 Med 26k,-- Unbranded --,-- No Unilog Brand --,Satco,Satco Prod Inc (5573),Satco Prod Inc,,,S3720,S3720,Tools > Industrial > General,Satco Prod Inc S3720 40w Inc A15 Med 26k,SATCO PROD INC S3720 40W INC A15 MED 26K,Satco Prod Inc S3720 40w Inc A15 Med 26k,Satco Prod Inc 40w Inc A15 Med 26k (MPN: S3720) in the Tools > Industrial > General category.,Satco Prod Inc 40w Inc A15 Med 26k (S3720) in Industrial.,Satco Prod Inc 40w Inc A15 Med 26k (S3720) in Industrial.,,,,,,,,,,,,,,,,,,,,,,,,,,,,,,,,,,,,,,,,,,,,,,,,,,,,,,,,,,,,,,,,,,,,,,,,,,,,,,,,,,,,,,,,,,,,,,,,,,,,,,,,,,,,,,,,,,,,,,,,,,,,,,,,,,,,,,,,,,,,,,,,,,,,,,,,,,,,,,,,,,,,,,,,,,,,,,,,,,,,,,,,,,,,,,,,,,,,,,,,,,,,,,,,,,,,,,,,,,,,,,,No
,,,,,,,Tools,Industrial,General,,S3702,S3702 40W Incan Med 27K,-- Unbranded --,-- No Unilog Brand --,Satco,Satco Prod Inc (5573),Satco Prod Inc,,,S3702,S3702,Tools > Industrial > General,Satco Prod Inc S3702 40W Incan Med 27K,SATCO PROD INC S3702 40W INCAN MED 27K,Satco Prod Inc S3702 40W Incan Med 27K,Satco Prod Inc 40W Incan Med 27K (MPN: S3702) in the Tools > Industrial > General category.,Satco Prod Inc 40W Incan Med 27K (S3702) in Industrial.,Satco Prod Inc 40W Incan Med 27K (S3702) in Industrial.,,,,,,,,,,,,,,,,,,,,,,,,,,,,,,,,,,,,,,,,,,,,,,,,,,,,,,,,,,,,,,,,,,,,,,,,,,,,,,,,,,,,,,,,,,,,,,,,,,,,,,,,,,,,,,,,,,,,,,,,,,,,,,,,,,,,,,,,,,,,,,,,,,,,,,,,,,,,,,,,,,,,,,,,,,,,,,,,,,,,,,,,,,,,,,,,,,,,,,,,,,,,,,,,,,,,,,,,,,,,,,,No
,,,,,,,Tools,Industrial,General,,S3703,S3703 40W Incan Med 27K,-- Unbranded --,-- No Unilog Brand --,Satco,Satco Prod Inc (5573),Satco Prod Inc,,,S3703,S3703,Tools > Industrial > General,Satco Prod Inc S3703 40W Incan Med 27K,SATCO PROD INC S3703 40W INCAN MED 27K,Satco Prod Inc S3703 40W Incan Med 27K,Satco Prod Inc 40W Incan Med 27K (MPN: S3703) in the Tools > Industrial > General category.,Satco Prod Inc 40W Incan Med 27K (S3703) in Industrial.,Satco Prod Inc 40W Incan Med 27K (S3703) in Industrial.,,,,,,,,,,,,,,,,,,,,,,,,,,,,,,,,,,,,,,,,,,,,,,,,,,,,,,,,,,,,,,,,,,,,,,,,,,,,,,,,,,,,,,,,,,,,,,,,,,,,,,,,,,,,,,,,,,,,,,,,,,,,,,,,,,,,,,,,,,,,,,,,,,,,,,,,,,,,,,,,,,,,,,,,,,,,,,,,,,,,,,,,,,,,,,,,,,,,,,,,,,,,,,,,,,,,,,,,,,,,,,,No
,,,,,,,Tools,Industrial,General,,S3797,S3797 4W Incan Cand 27K 2pk,-- Unbranded --,-- No Unilog Brand --,Satco,Satco Prod Inc (5573),Satco Prod Inc,,,S3797,S3797,Tools > Industrial > General,Satco Prod Inc S3797 4W Incan Cand 27K 2pk,SATCO PROD INC S3797 4W INCAN CAND 27K 2PK,Satco Prod Inc S3797 4W Incan Cand 27K 2pk,Satco Prod Inc 4W Incan Cand 27K 2pk (MPN: S3797) in the Tools > Industrial > General category.,Satco Prod Inc 4W Incan Cand 27K 2pk (S3797) in Industrial.,Satco Prod Inc 4W Incan Cand 27K 2pk (S3797) in Industrial.,,,,,,,,,,,,,,,,,,,,,,,,,,,,,,,,,,,,,,,,,,,,,,,,,,,,,,,,,,,,,,,,,,,,,,,,,,,,,,,,,,,,,,,,,,,,,,,,,,,,,,,,,,,,,,,,,,,,,,,,,,,,,,,,,,,,,,,,,,,,,,,,,,,,,,,,,,,,,,,,,,,,,,,,,,,,,,,,,,,,,,,,,,,,,,,,,,,,,,,,,,,,,,,,,,,,,,,,,,,,,,,No
,,,,,,,Tools,Industrial,General,,S4724,S4724 4W Incan Cand 27K 4pk,-- Unbranded --,-- No Unilog Brand --,Satco,Satco Prod Inc (5573),Satco Prod Inc,,,S4724,S4724,Tools > Industrial > General,Satco Prod Inc S4724 4W Incan Cand 27K 4pk,SATCO PROD INC S4724 4W INCAN CAND 27K 4PK,Satco Prod Inc S4724 4W Incan Cand 27K 4pk,Satco Prod Inc 4W Incan Cand 27K 4pk (MPN: S4724) in the Tools > Industrial > General category.,Satco Prod Inc 4W Incan Cand 27K 4pk (S4724) in Industrial.,Satco Prod Inc 4W Incan Cand 27K 4pk (S4724) in Industrial.,,,,,,,,,,,,,,,,,,,,,,,,,,,,,,,,,,,,,,,,,,,,,,,,,,,,,,,,,,,,,,,,,,,,,,,,,,,,,,,,,,,,,,,,,,,,,,,,,,,,,,,,,,,,,,,,,,,,,,,,,,,,,,,,,,,,,,,,,,,,,,,,,,,,,,,,,,,,,,,,,,,,,,,,,,,,,,,,,,,,,,,,,,,,,,,,,,,,,,,,,,,,,,,,,,,,,,,,,,,,,,,No
,,,,,,,Tools,Industrial,General,,S4717,S4717 6W Incan Cand 27k 2pk,-- Unbranded --,-- No Unilog Brand --,Satco,Satco Prod Inc (5573),Satco Prod Inc,,,S4717,S4717,Tools > Industrial > General,Satco Prod Inc S4717 6W Incan Cand 27k 2pk,SATCO PROD INC S4717 6W INCAN CAND 27K 2PK,Satco Prod Inc S4717 6W Incan Cand 27k 2pk,Satco Prod Inc 6W Incan Cand 27k 2pk (MPN: S4717) in the Tools > Industrial > General category.,Satco Prod Inc 6W Incan Cand 27k 2pk (S4717) in Industrial.,Satco Prod Inc 6W Incan Cand 27k 2pk (S4717) in Industrial.,,,,,,,,,,,,,,,,,,,,,,,,,,,,,,,,,,,,,,,,,,,,,,,,,,,,,,,,,,,,,,,,,,,,,,,,,,,,,,,,,,,,,,,,,,,,,,,,,,,,,,,,,,,,,,,,,,,,,,,,,,,,,,,,,,,,,,,,,,,,,,,,,,,,,,,,,,,,,,,,,,,,,,,,,,,,,,,,,,,,,,,,,,,,,,,,,,,,,,,,,,,,,,,,,,,,,,,,,,,,,,,No
,,,,,,,Tools,Industrial,General,,S3794,S3794 7W Incan Med 27K,-- Unbranded --,-- No Unilog Brand --,Satco,Satco Prod Inc (5573),Satco Prod Inc,,,S3794,S3794,Tools > Industrial > General,Satco Prod Inc S3794 7W Incan Med 27K,SATCO PROD INC S3794 7W INCAN MED 27K,Satco Prod Inc S3794 7W Incan Med 27K,Satco Prod Inc 7W Incan Med 27K (MPN: S3794) in the Tools > Industrial > General category.,Satco Prod Inc 7W Incan Med 27K (S3794) in Industrial.,Satco Prod Inc 7W Incan Med 27K (S3794) in Industrial.,,,,,,,,,,,,,,,,,,,,,,,,,,,,,,,,,,,,,,,,,,,,,,,,,,,,,,,,,,,,,,,,,,,,,,,,,,,,,,,,,,,,,,,,,,,,,,,,,,,,,,,,,,,,,,,,,,,,,,,,,,,,,,,,,,,,,,,,,,,,,,,,,,,,,,,,,,,,,,,,,,,,,,,,,,,,,,,,,,,,,,,,,,,,,,,,,,,,,,,,,,,,,,,,,,,,,,,,,,,,,,,No
,,,,,,,Tools,Industrial,General,,S3795,S3795 7W Incan Med 27K,-- Unbranded --,-- No Unilog Brand --,Satco,Satco Prod Inc (5573),Satco Prod Inc,,,S3795,S3795,Tools > Industrial > General,Satco Prod Inc S3795 7W Incan Med 27K,SATCO PROD INC S3795 7W INCAN MED 27K,Satco Prod Inc S3795 7W Incan Med 27K,Satco Prod Inc 7W Incan Med 27K (MPN: S3795) in the Tools > Industrial > General category.,Satco Prod Inc 7W Incan Med 27K (S3795) in Industrial.,Satco Prod Inc 7W Incan Med 27K (S3795) in Industrial.,,,,,,,,,,,,,,,,,,,,,,,,,,,,,,,,,,,,,,,,,,,,,,,,,,,,,,,,,,,,,,,,,,,,,,,,,,,,,,,,,,,,,,,,,,,,,,,,,,,,,,,,,,,,,,,,,,,,,,,,,,,,,,,,,,,,,,,,,,,,,,,,,,,,,,,,,,,,,,,,,,,,,,,,,,,,,,,,,,,,,,,,,,,,,,,,,,,,,,,,,,,,,,,,,,,,,,,,,,,,,,,No
,,,,,,,Tools,Industrial,General,,S4726,S4726 7W Incan Cand 27K 4pk,-- Unbranded --,-- No Unilog Brand --,Satco,Satco Prod Inc (5573),Satco Prod Inc,,,S4726,S4726,Tools > Industrial > General,Satco Prod Inc S4726 7W Incan Cand 27K 4pk,SATCO PROD INC S4726 7W INCAN CAND 27K 4PK,Satco Prod Inc S4726 7W Incan Cand 27K 4pk,Satco Prod Inc 7W Incan Cand 27K 4pk (MPN: S4726) in the Tools > Industrial > General category.,Satco Prod Inc 7W Incan Cand 27K 4pk (S4726) in Industrial.,Satco Prod Inc 7W Incan Cand 27K 4pk (S4726) in Industrial.,,,,,,,,,,,,,,,,,,,,,,,,,,,,,,,,,,,,,,,,,,,,,,,,,,,,,,,,,,,,,,,,,,,,,,,,,,,,,,,,,,,,,,,,,,,,,,,,,,,,,,,,,,,,,,,,,,,,,,,,,,,,,,,,,,,,,,,,,,,,,,,,,,,,,,,,,,,,,,,,,,,,,,,,,,,,,,,,,,,,,,,,,,,,,,,,,,,,,,,,,,,,,,,,,,,,,,,,,,,,,,,No
,,,,,,,Tools,Industrial,General,,S11429,S11429 60W Led Bulb 27K,-- Unbranded --,-- No Unilog Brand --,Satco,Satco Prod Inc (5573),Satco Prod Inc,,,S11429,S11429,Tools > Industrial > General,Satco Prod Inc S11429 60W Led Bulb 27K,SATCO PROD INC S11429 60W LED BULB 27K,Satco Prod Inc S11429 60W Led Bulb 27K,Satco Prod Inc 60W Led Bulb 27K (MPN: S11429) in the Tools > Industrial > General category.,Satco Prod Inc 60W Led Bulb 27K (S11429) in Industrial.,Satco Prod Inc 60W Led Bulb 27K (S11429) in Industrial.,,,,,,,,,,,,,,,,,,,,,,,,,,,,,,,,,,,,,,,,,,,,,,,,,,,,,,,,,,,,,,,,,,,,,,,,,,,,,,,,,,,,,,,,,,,,,,,,,,,,,,,,,,,,,,,,,,,,,,,,,,,,,,,,,,,,,,,,,,,,,,,,,,,,,,,,,,,,,,,,,,,,,,,,,,,,,,,,,,,,,,,,,,,,,,,,,,,,,,,,,,,,,,,,,,,,,,,,,,,,,,,No
,,,,,,,Tools,Industrial,General,,S21354,S21354 8W Led T9 Med 27k,-- Unbranded --,-- No Unilog Brand --,-- No DIB Brand --,Satco Prod Inc (5573),Satco Prod Inc,,,S21354,S21354,Tools > Industrial > General,Satco Prod Inc S21354 8W Led T9 Med 27k,SATCO PROD INC S21354 8W LED T9 MED 27K,Satco Prod Inc S21354 8W Led T9 Med 27k,Satco Prod Inc 8W Led T9 Med 27k (MPN: S21354) in the Tools > Industrial > General category.,Satco Prod Inc 8W Led T9 Med 27k (S21354) in Industrial.,Satco Prod Inc 8W Led T9 Med 27k (S21354) in Industrial.,,,,,,,,,,,,,,,,,,,,,,,,,,,,,,,,,,,,,,,,,,,,,,,,,,,,,,,,,,,,,,,,,,,,,,,,,,,,,,,,,,,,,,,,,,,,,,,,,,,,,,,,,,,,,,,,,,,,,,,,,,,,,,,,,,,,,,,,,,,,,,,,,,,,,,,,,,,,,,,,,,,,,,,,,,,,,,,,,,,,,,,,,,,,,,,,,,,,,,,,,,,,,,,,,,,,,,,,,,,,,,,No
,,,,,,,Tools,Industrial,General,,S21363,S21363 8W Led Edison ST19 27K,-- Unbranded --,-- No Unilog Brand --,-- No DIB Brand --,Satco Prod Inc (5573),Satco Prod Inc,,,S21363,S21363,Tools > Industrial > General,Satco Prod Inc S21363 8W Led Edison ST19 27K,SATCO PROD INC S21363 8W LED EDISON ST19 27K,Satco Prod Inc S21363 8W Led Edison ST19 27K,Satco Prod Inc 8W Led Edison ST19 27K (MPN: S21363) in the Tools > Industrial > General category.,Satco Prod Inc 8W Led Edison ST19 27K (S21363) in Industrial.,Satco Prod Inc 8W Led Edison ST19 27K (S21363) in Industrial.,,,,,,,,,,,,,,,,,,,,,,,,,,,,,,,,,,,,,,,,,,,,,,,,,,,,,,,,,,,,,,,,,,,,,,,,,,,,,,,,,,,,,,,,,,,,,,,,,,,,,,,,,,,,,,,,,,,,,,,,,,,,,,,,,,,,,,,,,,,,,,,,,,,,,,,,,,,,,,,,,,,,,,,,,,,,,,,,,,,,,,,,,,,,,,,,,,,,,,,,,,,,,,,,,,,,,,,,,,,,,,,No
,,,,,,,Tools,Industrial,General,,S11445,S11445 12W Led Med 30k Motion,-- Unbranded --,-- No Unilog Brand --,-- No DIB Brand --,Satco Prod Inc (5573),Satco Prod Inc,,,S11445,S11445,Tools > Industrial > General,Satco Prod Inc S11445 12W Led Med 30k Motion,SATCO PROD INC S11445 12W LED MED 30K MOTION,Satco Prod Inc S11445 12W Led Med 30k Motion,Satco Prod Inc 12W Led Med 30k Motion (MPN: S11445) in the Tools > Industrial > General category.,Satco Prod Inc 12W Led Med 30k Motion (S11445) in Industrial.,Satco Prod Inc 12W Led Med 30k Motion (S11445) in Industrial.,,,,,,,,,,,,,,,,,,,,,,,,,,,,,,,,,,,,,,,,,,,,,,,,,,,,,,,,,,,,,,,,,,,,,,,,,,,,,,,,,,,,,,,,,,,,,,,,,,,,,,,,,,,,,,,,,,,,,,,,,,,,,,,,,,,,,,,,,,,,,,,,,,,,,,,,,,,,,,,,,,,,,,,,,,,,,,,,,,,,,,,,,,,,,,,,,,,,,,,,,,,,,,,,,,,,,,,,,,,,,,,No
,,,,,,,Tools,Industrial,General,,567313,567313 50W Led MR16 30K 3pk,-- Unbranded --,-- No Unilog Brand --,Philips,Phillips Lighting (5831),Phillips Lighting,,,567313,567313,Tools > Industrial > General,Phillips Lighting 567313 50W Led MR16 30K 3pk,PHILLIPS LIGHTING 567313 50W LED MR16 30K 3PK,Phillips Lighting 567313 50W Led MR16 30K 3pk,Phillips Lighting 50W Led MR16 30K 3pk (MPN: 567313) in the Tools > Industrial > General category.,Phillips Lighting 50W Led MR16 30K 3pk (567313) in Industrial.,Phillips Lighting 50W Led MR16 30K 3pk (567313) in Industrial.,,,,,,,,,,,,,,,,,,,,,,,,,,,,,,,,,,,,,,,,,,,,,,,,,,,,,,,,,,,,,,,,,,,,,,,,,,,,,,,,,,,,,,,,,,,,,,,,,,,,,,,,,,,,,,,,,,,,,,,,,,,,,,,,,,,,,,,,,,,,,,,,,,,,,,,,,,,,,,,,,,,,,,,,,,,,,,,,,,,,,,,,,,,,,,,,,,,,,,,,,,,,,,,,,,,,,,,,,,,,,,,No
,,,,,,,Tools,Industrial,General,,586875,586875 60W Led Multi CCT 4pk,-- Unbranded --,-- No Unilog Brand --,Philips,Phillips Lighting (5831),Phillips Lighting,,,586875,586875,Tools > Industrial > General,Phillips Lighting 586875 60W Led Multi CCT 4pk,PHILLIPS LIGHTING 586875 60W LED MULTI CCT 4PK,Phillips Lighting 586875 60W Led Multi CCT 4pk,Phillips Lighting 60W Led Multi CCT 4pk (MPN: 586875) in the Tools > Industrial > General category.,Phillips Lighting 60W Led Multi CCT 4pk (586875) in Industrial.,Phillips Lighting 60W Led Multi CCT 4pk (586875) in Industrial.,,,,,,,,,,,,,,,,,,,,,,,,,,,,,,,,,,,,,,,,,,,,,,,,,,,,,,,,,,,,,,,,,,,,,,,,,,,,,,,,,,,,,,,,,,,,,,,,,,,,,,,,,,,,,,,,,,,,,,,,,,,,,,,,,,,,,,,,,,,,,,,,,,,,,,,,,,,,,,,,,,,,,,,,,,,,,,,,,,,,,,,,,,,,,,,,,,,,,,,,,,,,,,,,,,,,,,,,,,,,,,,No
,,,,,,,Tools,Industrial,General,,576355,576355 60/100/150 Led Med 50k,-- Unbranded --,-- No Unilog Brand --,Philips,Phillips Lighting (5831),Phillips Lighting,,,576355,576355,Tools > Industrial > General,Phillips Lighting 576355 60/100/150 Led Med 50k,PHILLIPS LIGHTING 576355 60/100/150 LED MED 50K,Phillips Lighting 576355 60/100/150 Led Med 50k,Phillips Lighting 60/100/150 Led Med 50k (MPN: 576355) in the Tools > Industrial > General category.,Phillips Lighting 60/100/150 Led Med 50k (576355) in Industrial.,Phillips Lighting 60/100/150 Led Med 50k (576355) in Industrial.,,,,,,,,,,,,,,,,,,,,,,,,,,,,,,,,,,,,,,,,,,,,,,,,,,,,,,,,,,,,,,,,,,,,,,,,,,,,,,,,,,,,,,,,,,,,,,,,,,,,,,,,,,,,,,,,,,,,,,,,,,,,,,,,,,,,,,,,,,,,,,,,,,,,,,,,,,,,,,,,,,,,,,,,,,,,,,,,,,,,,,,,,,,,,,,,,,,,,,,,,,,,,,,,,,,,,,,,,,,,,,,No
,,,,,,,Tools,Industrial,General,,576363,576363 100/150/200 Led Med 27k,-- Unbranded --,-- No Unilog Brand --,Philips,Phillips Lighting (5831),Phillips Lighting,,,576363,576363,Tools > Industrial > General,Phillips Lighting 576363 100/150/200 Led Med 27k,PHILLIPS LIGHTING 576363 100/150/200 LED MED 27K,Phillips Lighting 576363 100/150/200 Led Med 27k,Phillips Lighting 100/150/200 Led Med 27k (MPN: 576363) in the Tools > Industrial > General category.,Phillips Lighting 100/150/200 Led Med 27k (576363) in Industrial.,Phillips Lighting 100/150/200 Led Med 27k (576363) in Industrial.,,,,,,,,,,,,,,,,,,,,,,,,,,,,,,,,,,,,,,,,,,,,,,,,,,,,,,,,,,,,,,,,,,,,,,,,,,,,,,,,,,,,,,,,,,,,,,,,,,,,,,,,,,,,,,,,,,,,,,,,,,,,,,,,,,,,,,,,,,,,,,,,,,,,,,,,,,,,,,,,,,,,,,,,,,,,,,,,,,,,,,,,,,,,,,,,,,,,,,,,,,,,,,,,,,,,,,,,,,,,,,,No
,,,,,,,Tools,Industrial,General,,565374,565374 75W Led A19 Med 27k 4pk,-- Unbranded --,-- No Unilog Brand --,Philips,Phillips Lighting (5831),Phillips Lighting,,,565374,565374,Tools > Industrial > General,Phillips Lighting 565374 75W Led A19 Med 27k 4pk,PHILLIPS LIGHTING 565374 75W LED A19 MED 27K 4PK,Phillips Lighting 565374 75W Led A19 Med 27k 4pk,Phillips Lighting 75W Led A19 Med 27k 4pk (MPN: 565374) in the Tools > Industrial > General category.,Phillips Lighting 75W Led A19 Med 27k 4pk (565374) in Industrial.,Phillips Lighting 75W Led A19 Med 27k 4pk (565374) in Industrial.,,,,,,,,,,,,,,,,,,,,,,,,,,,,,,,,,,,,,,,,,,,,,,,,,,,,,,,,,,,,,,,,,,,,,,,,,,,,,,,,,,,,,,,,,,,,,,,,,,,,,,,,,,,,,,,,,,,,,,,,,,,,,,,,,,,,,,,,,,,,,,,,,,,,,,,,,,,,,,,,,,,,,,,,,,,,,,,,,,,,,,,,,,,,,,,,,,,,,,,,,,,,,,,,,,,,,,,,,,,,,,,No
,,,,,,,Tools,Industrial,General,,565390,565390 75W Led A19 Med 50k 4pk,-- Unbranded --,-- No Unilog Brand --,Philips,Phillips Lighting (5831),Phillips Lighting,,,565390,565390,Tools > Industrial > General,Phillips Lighting 565390 75W Led A19 Med 50k 4pk,PHILLIPS LIGHTING 565390 75W LED A19 MED 50K 4PK,Phillips Lighting 565390 75W Led A19 Med 50k 4pk,Phillips Lighting 75W Led A19 Med 50k 4pk (MPN: 565390) in the Tools > Industrial > General category.,Phillips Lighting 75W Led A19 Med 50k 4pk (565390) in Industrial.,Phillips Lighting 75W Led A19 Med 50k 4pk (565390) in Industrial.,,,,,,,,,,,,,,,,,,,,,,,,,,,,,,,,,,,,,,,,,,,,,,,,,,,,,,,,,,,,,,,,,,,,,,,,,,,,,,,,,,,,,,,,,,,,,,,,,,,,,,,,,,,,,,,,,,,,,,,,,,,,,,,,,,,,,,,,,,,,,,,,,,,,,,,,,,,,,,,,,,,,,,,,,,,,,,,,,,,,,,,,,,,,,,,,,,,,,,,,,,,,,,,,,,,,,,,,,,,,,,,No
,,,,,,,Tools,Industrial,General,,576371,576371 100/150/200 Led Med 50k,-- Unbranded --,-- No Unilog Brand --,Philips,Phillips Lighting (5831),Phillips Lighting,,,576371,576371,Tools > Industrial > General,Phillips Lighting 576371 100/150/200 Led Med 50k,PHILLIPS LIGHTING 576371 100/150/200 LED MED 50K,Phillips Lighting 576371 100/150/200 Led Med 50k,Phillips Lighting 100/150/200 Led Med 50k (MPN: 576371) in the Tools > Industrial > General category.,Phillips Lighting 100/150/200 Led Med 50k (576371) in Industrial.,Phillips Lighting 100/150/200 Led Med 50k (576371) in Industrial.,,,,,,,,,,,,,,,,,,,,,,,,,,,,,,,,,,,,,,,,,,,,,,,,,,,,,,,,,,,,,,,,,,,,,,,,,,,,,,,,,,,,,,,,,,,,,,,,,,,,,,,,,,,,,,,,,,,,,,,,,,,,,,,,,,,,,,,,,,,,,,,,,,,,,,,,,,,,,,,,,,,,,,,,,,,,,,,,,,,,,,,,,,,,,,,,,,,,,,,,,,,,,,,,,,,,,,,,,,,,,,,No
,,,,,,,Tools,Industrial,General,,576496,576496 45W Led R20 Med 27k,-- Unbranded --,-- No Unilog Brand --,Philips,Phillips Lighting (5831),Phillips Lighting,,,576496,576496,Tools > Industrial > General,Phillips Lighting 576496 45W Led R20 Med 27k,PHILLIPS LIGHTING 576496 45W LED R20 MED 27K,Phillips Lighting 576496 45W Led R20 Med 27k,Phillips Lighting 45W Led R20 Med 27k (MPN: 576496) in the Tools > Industrial > General category.,Phillips Lighting 45W Led R20 Med 27k (576496) in Industrial.,Phillips Lighting 45W Led R20 Med 27k (576496) in Industrial.,,,,,,,,,,,,,,,,,,,,,,,,,,,,,,,,,,,,,,,,,,,,,,,,,,,,,,,,,,,,,,,,,,,,,,,,,,,,,,,,,,,,,,,,,,,,,,,,,,,,,,,,,,,,,,,,,,,,,,,,,,,,,,,,,,,,,,,,,,,,,,,,,,,,,,,,,,,,,,,,,,,,,,,,,,,,,,,,,,,,,,,,,,,,,,,,,,,,,,,,,,,,,,,,,,,,,,,,,,,,,,,No
,,,,,,,Tools,Industrial,General,,564856,564856 40W Led ST19 27k 2pk,-- Unbranded --,-- No Unilog Brand --,Philips,Phillips Lighting (5831),Phillips Lighting,,,564856,564856,Tools > Industrial > General,Phillips Lighting 564856 40W Led ST19 27k 2pk,PHILLIPS LIGHTING 564856 40W LED ST19 27K 2PK,Phillips Lighting 564856 40W Led ST19 27k 2pk,Phillips Lighting 40W Led ST19 27k 2pk (MPN: 564856) in the Tools > Industrial > General category.,Phillips Lighting 40W Led ST19 27k 2pk (564856) in Industrial.,Phillips Lighting 40W Led ST19 27k 2pk (564856) in Industrial.,,,,,,,,,,,,,,,,,,,,,,,,,,,,,,,,,,,,,,,,,,,,,,,,,,,,,,,,,,,,,,,,,,,,,,,,,,,,,,,,,,,,,,,,,,,,,,,,,,,,,,,,,,,,,,,,,,,,,,,,,,,,,,,,,,,,,,,,,,,,,,,,,,,,,,,,,,,,,,,,,,,,,,,,,,,,,,,,,,,,,,,,,,,,,,,,,,,,,,,,,,,,,,,,,,,,,,,,,,,,,,,No
,,,,,,,Tools,Industrial,General,,565796,565796 60W Led A19 Med 20k,-- Unbranded --,-- No Unilog Brand --,Philips,Phillips Lighting (5831),Phillips Lighting,,,565796,565796,Tools > Industrial > General,Phillips Lighting 565796 60W Led A19 Med 20k,PHILLIPS LIGHTING 565796 60W LED A19 MED 20K,Phillips Lighting 565796 60W Led A19 Med 20k,Phillips Lighting 60W Led A19 Med 20k (MPN: 565796) in the Tools > Industrial > General category.,Phillips Lighting 60W Led A19 Med 20k (565796) in Industrial.,Phillips Lighting 60W Led A19 Med 20k (565796) in Industrial.,,,,,,,,,,,,,,,,,,,,,,,,,,,,,,,,,,,,,,,,,,,,,,,,,,,,,,,,,,,,,,,,,,,,,,,,,,,,,,,,,,,,,,,,,,,,,,,,,,,,,,,,,,,,,,,,,,,,,,,,,,,,,,,,,,,,,,,,,,,,,,,,,,,,,,,,,,,,,,,,,,,,,,,,,,,,,,,,,,,,,,,,,,,,,,,,,,,,,,,,,,,,,,,,,,,,,,,,,,,,,,,No
,,,,,,,Tools,Industrial,General,,576389,576389 100/200/300 Led Med 27k,-- Unbranded --,-- No Unilog Brand --,Philips,Phillips Lighting (5831),Phillips Lighting,,,576389,576389,Tools > Industrial > General,Phillips Lighting 576389 100/200/300 Led Med 27k,PHILLIPS LIGHTING 576389 100/200/300 LED MED 27K,Phillips Lighting 576389 100/200/300 Led Med 27k,Phillips Lighting 100/200/300 Led Med 27k (MPN: 576389) in the Tools > Industrial > General category.,Phillips Lighting 100/200/300 Led Med 27k (576389) in Industrial.,Phillips Lighting 100/200/300 Led Med 27k (576389) in Industrial.,,,,,,,,,,,,,,,,,,,,,,,,,,,,,,,,,,,,,,,,,,,,,,,,,,,,,,,,,,,,,,,,,,,,,,,,,,,,,,,,,,,,,,,,,,,,,,,,,,,,,,,,,,,,,,,,,,,,,,,,,,,,,,,,,,,,,,,,,,,,,,,,,,,,,,,,,,,,,,,,,,,,,,,,,,,,,,,,,,,,,,,,,,,,,,,,,,,,,,,,,,,,,,,,,,,,,,,,,,,,,,,No
,,,,,,,Tools,Industrial,General,,564492,564492 75W Adj Base 27k 3pk,-- Unbranded --,-- No Unilog Brand --,Philips,Phillips Lighting (5831),Phillips Lighting,,,564492,564492,Tools > Industrial > General,Phillips Lighting 564492 75W Adj Base 27k 3pk,PHILLIPS LIGHTING 564492 75W ADJ BASE 27K 3PK,Phillips Lighting 564492 75W Adj Base 27k 3pk,Phillips Lighting 75W Adj Base 27k 3pk (MPN: 564492) in the Tools > Industrial > General category.,Phillips Lighting 75W Adj Base 27k 3pk (564492) in Industrial.,Phillips Lighting 75W Adj Base 27k 3pk (564492) in Industrial.,,,,,,,,,,,,,,,,,,,,,,,,,,,,,,,,,,,,,,,,,,,,,,,,,,,,,,,,,,,,,,,,,,,,,,,,,,,,,,,,,,,,,,,,,,,,,,,,,,,,,,,,,,,,,,,,,,,,,,,,,,,,,,,,,,,,,,,,,,,,,,,,,,,,,,,,,,,,,,,,,,,,,,,,,,,,,,,,,,,,,,,,,,,,,,,,,,,,,,,,,,,,,,,,,,,,,,,,,,,,,,,No
,,,,,,,Tools,Industrial,General,,603449,603449 Wiz 60W Led Med Clr Ch,-- Unbranded --,-- No Unilog Brand --,Wiz,Phillips Lighting (5831),Phillips Lighting,,,603449,603449,Tools > Industrial > General,Phillips Lighting 603449 Wiz 60W Led Med Clr Ch,PHILLIPS LIGHTING 603449 WIZ 60W LED MED CLR CH,Phillips Lighting 603449 Wiz 60W Led Med Clr Ch,Phillips Lighting Wiz 60W Led Med Clr Ch (MPN: 603449) in the Tools > Industrial > General category.,Phillips Lighting Wiz 60W Led Med Clr Ch (603449) in Industrial.,Phillips Lighting Wiz 60W Led Med Clr Ch (603449) in Industrial.,,,,,,,,,,,,,,,,,,,,,,,,,,,,,,,,,,,,,,,,,,,,,,,,,,,,,,,,,,,,,,,,,,,,,,,,,,,,,,,,,,,,,,,,,,,,,,,,,,,,,,,,,,,,,,,,,,,,,,,,,,,,,,,,,,,,,,,,,,,,,,,,,,,,,,,,,,,,,,,,,,,,,,,,,,,,,,,,,,,,,,,,,,,,,,,,,,,,,,,,,,,,,,,,,,,,,,,,,,,,,,,No
,,,,,,,Tools,Industrial,General,,586909,586909 Led 60W Med A19 27K,-- Unbranded --,-- No Unilog Brand --,Philips,Phillips Lighting (5831),Phillips Lighting,,,586909,586909,Tools > Industrial > General,Phillips Lighting 586909 Led 60W Med A19 27K,PHILLIPS LIGHTING 586909 LED 60W MED A19 27K,Phillips Lighting 586909 Led 60W Med A19 27K,Phillips Lighting Led 60W Med A19 27K (MPN: 586909) in the Tools > Industrial > General category.,Phillips Lighting Led 60W Med A19 27K (586909) in Industrial.,Phillips Lighting Led 60W Med A19 27K (586909) in Industrial.,,,,,,,,,,,,,,,,,,,,,,,,,,,,,,,,,,,,,,,,,,,,,,,,,,,,,,,,,,,,,,,,,,,,,,,,,,,,,,,,,,,,,,,,,,,,,,,,,,,,,,,,,,,,,,,,,,,,,,,,,,,,,,,,,,,,,,,,,,,,,,,,,,,,,,,,,,,,,,,,,,,,,,,,,,,,,,,,,,,,,,,,,,,,,,,,,,,,,,,,,,,,,,,,,,,,,,,,,,,,,,,No
,,,,,,,Tools,Industrial,General,,566364,566364 75W Led ST19 27k 4pk,-- Unbranded --,-- No Unilog Brand --,Philips,Phillips Lighting (5831),Phillips Lighting,,,566364,566364,Tools > Industrial > General,Phillips Lighting 566364 75W Led ST19 27k 4pk,PHILLIPS LIGHTING 566364 75W LED ST19 27K 4PK,Phillips Lighting 566364 75W Led ST19 27k 4pk,Phillips Lighting 75W Led ST19 27k 4pk (MPN: 566364) in the Tools > Industrial > General category.,Phillips Lighting 75W Led ST19 27k 4pk (566364) in Industrial.,Phillips Lighting 75W Led ST19 27k 4pk (566364) in Industrial.,,,,,,,,,,,,,,,,,,,,,,,,,,,,,,,,,,,,,,,,,,,,,,,,,,,,,,,,,,,,,,,,,,,,,,,,,,,,,,,,,,,,,,,,,,,,,,,,,,,,,,,,,,,,,,,,,,,,,,,,,,,,,,,,,,,,,,,,,,,,,,,,,,,,,,,,,,,,,,,,,,,,,,,,,,,,,,,,,,,,,,,,,,,,,,,,,,,,,,,,,,,,,,,,,,,,,,,,,,,,,,,No
,,,,,,,Tools,Industrial,General,,576397,576394 100/200/300 Led A23 50k,-- Unbranded --,-- No Unilog Brand --,Philips,Phillips Lighting (5831),Phillips Lighting,,,576397,576397,Tools > Industrial > General,Phillips Lighting 576397 576394 100/200/300 Led A23 50k,PHILLIPS LIGHTING 576397 576394 100/200/300 LED A23 50K,Phillips Lighting 576397 576394 100/200/300 Led A23 50k,Phillips Lighting 576394 100/200/300 Led A23 50k (MPN: 576397) in the Tools > Industrial > General category.,Phillips Lighting 576394 100/200/300 Led A23 50k (576397) in Industrial.,Phillips Lighting 576394 100/200/300 Led A23 50k (576397) in Industrial.,,,,,,,,,,,,,,,,,,,,,,,,,,,,,,,,,,,,,,,,,,,,,,,,,,,,,,,,,,,,,,,,,,,,,,,,,,,,,,,,,,,,,,,,,,,,,,,,,,,,,,,,,,,,,,,,,,,,,,,,,,,,,,,,,,,,,,,,,,,,,,,,,,,,,,,,,,,,,,,,,,,,,,,,,,,,,,,,,,,,,,,,,,,,,,,,,,,,,,,,,,,,,,,,,,,,,,,,,,,,,,,No
,,,,,,,Tools,Industrial,General,,571497,571497 150W Led Med 27k,-- Unbranded --,-- No Unilog Brand --,Philips,Phillips Lighting (5831),Phillips Lighting,,,571497,571497,Tools > Industrial > General,Phillips Lighting 571497 150W Led Med 27k,PHILLIPS LIGHTING 571497 150W LED MED 27K,Phillips Lighting 571497 150W Led Med 27k,Phillips Lighting 150W Led Med 27k (MPN: 571497) in the Tools > Industrial > General category.,Phillips Lighting 150W Led Med 27k (571497) in Industrial.,Phillips Lighting 150W Led Med 27k (571497) in Industrial.,,,,,,,,,,,,,,,,,,,,,,,,,,,,,,,,,,,,,,,,,,,,,,,,,,,,,,,,,,,,,,,,,,,,,,,,,,,,,,,,,,,,,,,,,,,,,,,,,,,,,,,,,,,,,,,,,,,,,,,,,,,,,,,,,,,,,,,,,,,,,,,,,,,,,,,,,,,,,,,,,,,,,,,,,,,,,,,,,,,,,,,,,,,,,,,,,,,,,,,,,,,,,,,,,,,,,,,,,,,,,,,No
,,,,,,,Tools,Industrial,General,,576306,576306 40W Led A19 5CCT 4pk,-- Unbranded --,-- No Unilog Brand --,Philips,Phillips Lighting (5831),Phillips Lighting,,,576306,576306,Tools > Industrial > General,Phillips Lighting 576306 40W Led A19 5CCT 4pk,PHILLIPS LIGHTING 576306 40W LED A19 5CCT 4PK,Phillips Lighting 576306 40W Led A19 5CCT 4pk,Phillips Lighting 40W Led A19 5CCT 4pk (MPN: 576306) in the Tools > Industrial > General category.,Phillips Lighting 40W Led A19 5CCT 4pk (576306) in Industrial.,Phillips Lighting 40W Led A19 5CCT 4pk (576306) in Industrial.,,,,,,,,,,,,,,,,,,,,,,,,,,,,,,,,,,,,,,,,,,,,,,,,,,,,,,,,,,,,,,,,,,,,,,,,,,,,,,,,,,,,,,,,,,,,,,,,,,,,,,,,,,,,,,,,,,,,,,,,,,,,,,,,,,,,,,,,,,,,,,,,,,,,,,,,,,,,,,,,,,,,,,,,,,,,,,,,,,,,,,,,,,,,,,,,,,,,,,,,,,,,,,,,,,,,,,,,,,,,,,,No
,,,,,,,Tools,Industrial,General,,588533,588533 40W Led Cand 3pk,-- Unbranded --,-- No Unilog Brand --,Philips,Phillips Lighting (5831),Phillips Lighting,,,588533,588533,Tools > Industrial > General,Phillips Lighting 588533 40W Led Cand 3pk,PHILLIPS LIGHTING 588533 40W LED CAND 3PK,Phillips Lighting 588533 40W Led Cand 3pk,Phillips Lighting 40W Led Cand 3pk (MPN: 588533) in the Tools > Industrial > General category.,Phillips Lighting 40W Led Cand 3pk (588533) in Industrial.,Phillips Lighting 40W Led Cand 3pk (588533) in Industrial.,,,,,,,,,,,,,,,,,,,,,,,,,,,,,,,,,,,,,,,,,,,,,,,,,,,,,,,,,,,,,,,,,,,,,,,,,,,,,,,,,,,,,,,,,,,,,,,,,,,,,,,,,,,,,,,,,,,,,,,,,,,,,,,,,,,,,,,,,,,,,,,,,,,,,,,,,,,,,,,,,,,,,,,,,,,,,,,,,,,,,,,,,,,,,,,,,,,,,,,,,,,,,,,,,,,,,,,,,,,,,,,No
,,,,,,,Tools,Industrial,General,,576520,576520 65W Led Med 27k,-- Unbranded --,-- No Unilog Brand --,Philips,Phillips Lighting (5831),Phillips Lighting,,,576520,576520,Tools > Industrial > General,Phillips Lighting 576520 65W Led Med 27k,PHILLIPS LIGHTING 576520 65W LED MED 27K,Phillips Lighting 576520 65W Led Med 27k,Phillips Lighting 65W Led Med 27k (MPN: 576520) in the Tools > Industrial > General category.,Phillips Lighting 65W Led Med 27k (576520) in Industrial.,Phillips Lighting 65W Led Med 27k (576520) in Industrial.,,,,,,,,,,,,,,,,,,,,,,,,,,,,,,,,,,,,,,,,,,,,,,,,,,,,,,,,,,,,,,,,,,,,,,,,,,,,,,,,,,,,,,,,,,,,,,,,,,,,,,,,,,,,,,,,,,,,,,,,,,,,,,,,,,,,,,,,,,,,,,,,,,,,,,,,,,,,,,,,,,,,,,,,,,,,,,,,,,,,,,,,,,,,,,,,,,,,,,,,,,,,,,,,,,,,,,,,,,,,,,,No
,,,,,,,Tools,Industrial,General,,574004,574004 75W Led ST19 27k 2pk,-- Unbranded --,-- No Unilog Brand --,Philips,Phillips Lighting (5831),Phillips Lighting,,,574004,574004,Tools > Industrial > General,Phillips Lighting 574004 75W Led ST19 27k 2pk,PHILLIPS LIGHTING 574004 75W LED ST19 27K 2PK,Phillips Lighting 574004 75W Led ST19 27k 2pk,Phillips Lighting 75W Led ST19 27k 2pk (MPN: 574004) in the Tools > Industrial > General category.,Phillips Lighting 75W Led ST19 27k 2pk (574004) in Industrial.,Phillips Lighting 75W Led ST19 27k 2pk (574004) in Industrial.,,,,,,,,,,,,,,,,,,,,,,,,,,,,,,,,,,,,,,,,,,,,,,,,,,,,,,,,,,,,,,,,,,,,,,,,,,,,,,,,,,,,,,,,,,,,,,,,,,,,,,,,,,,,,,,,,,,,,,,,,,,,,,,,,,,,,,,,,,,,,,,,,,,,,,,,,,,,,,,,,,,,,,,,,,,,,,,,,,,,,,,,,,,,,,,,,,,,,,,,,,,,,,,,,,,,,,,,,,,,,,,No
,,,,,,,Tools,Industrial,General,,574012,574012 75W Led ST19 50k 2pk,-- Unbranded --,-- No Unilog Brand --,Philips,Phillips Lighting (5831),Phillips Lighting,,,574012,574012,Tools > Industrial > General,Phillips Lighting 574012 75W Led ST19 50k 2pk,PHILLIPS LIGHTING 574012 75W LED ST19 50K 2PK,Phillips Lighting 574012 75W Led ST19 50k 2pk,Phillips Lighting 75W Led ST19 50k 2pk (MPN: 574012) in the Tools > Industrial > General category.,Phillips Lighting 75W Led ST19 50k 2pk (574012) in Industrial.,Phillips Lighting 75W Led ST19 50k 2pk (574012) in Industrial.,,,,,,,,,,,,,,,,,,,,,,,,,,,,,,,,,,,,,,,,,,,,,,,,,,,,,,,,,,,,,,,,,,,,,,,,,,,,,,,,,,,,,,,,,,,,,,,,,,,,,,,,,,,,,,,,,,,,,,,,,,,,,,,,,,,,,,,,,,,,,,,,,,,,,,,,,,,,,,,,,,,,,,,,,,,,,,,,,,,,,,,,,,,,,,,,,,,,,,,,,,,,,,,,,,,,,,,,,,,,,,,No
,,,,,,,Tools,Industrial,General,,573971,573971 75W Led ST19 20k 4pk,-- Unbranded --,-- No Unilog Brand --,Philips,Phillips Lighting (5831),Phillips Lighting,,,573971,573971,Tools > Industrial > General,Phillips Lighting 573971 75W Led ST19 20k 4pk,PHILLIPS LIGHTING 573971 75W LED ST19 20K 4PK,Phillips Lighting 573971 75W Led ST19 20k 4pk,Phillips Lighting 75W Led ST19 20k 4pk (MPN: 573971) in the Tools > Industrial > General category.,Phillips Lighting 75W Led ST19 20k 4pk (573971) in Industrial.,Phillips Lighting 75W Led ST19 20k 4pk (573971) in Industrial.,,,,,,,,,,,,,,,,,,,,,,,,,,,,,,,,,,,,,,,,,,,,,,,,,,,,,,,,,,,,,,,,,,,,,,,,,,,,,,,,,,,,,,,,,,,,,,,,,,,,,,,,,,,,,,,,,,,,,,,,,,,,,,,,,,,,,,,,,,,,,,,,,,,,,,,,,,,,,,,,,,,,,,,,,,,,,,,,,,,,,,,,,,,,,,,,,,,,,,,,,,,,,,,,,,,,,,,,,,,,,,,No
,,,,,,,Tools,Industrial,General,,573989,573989 40W Led Med 27K 4pk,-- Unbranded --,-- No Unilog Brand --,Philips,Phillips Lighting (5831),Phillips Lighting,,,573989,573989,Tools > Industrial > General,Phillips Lighting 573989 40W Led Med 27K 4pk,PHILLIPS LIGHTING 573989 40W LED MED 27K 4PK,Phillips Lighting 573989 40W Led Med 27K 4pk,Phillips Lighting 40W Led Med 27K 4pk (MPN: 573989) in the Tools > Industrial > General category.,Phillips Lighting 40W Led Med 27K 4pk (573989) in Industrial.,Phillips Lighting 40W Led Med 27K 4pk (573989) in Industrial.,,,,,,,,,,,,,,,,,,,,,,,,,,,,,,,,,,,,,,,,,,,,,,,,,,,,,,,,,,,,,,,,,,,,,,,,,,,,,,,,,,,,,,,,,,,,,,,,,,,,,,,,,,,,,,,,,,,,,,,,,,,,,,,,,,,,,,,,,,,,,,,,,,,,,,,,,,,,,,,,,,,,,,,,,,,,,,,,,,,,,,,,,,,,,,,,,,,,,,,,,,,,,,,,,,,,,,,,,,,,,,,No
,,,,,,,Tools,Industrial,General,,576769,576769 65W Led BR30 Med 27k,-- Unbranded --,-- No Unilog Brand --,Philips,Phillips Lighting (5831),Phillips Lighting,,,576769,576769,Tools > Industrial > General,Phillips Lighting 576769 65W Led BR30 Med 27k,PHILLIPS LIGHTING 576769 65W LED BR30 MED 27K,Phillips Lighting 576769 65W Led BR30 Med 27k,Phillips Lighting 65W Led BR30 Med 27k (MPN: 576769) in the Tools > Industrial > General category.,Phillips Lighting 65W Led BR30 Med 27k (576769) in Industrial.,Phillips Lighting 65W Led BR30 Med 27k (576769) in Industrial.,,,,,,,,,,,,,,,,,,,,,,,,,,,,,,,,,,,,,,,,,,,,,,,,,,,,,,,,,,,,,,,,,,,,,,,,,,,,,,,,,,,,,,,,,,,,,,,,,,,,,,,,,,,,,,,,,,,,,,,,,,,,,,,,,,,,,,,,,,,,,,,,,,,,,,,,,,,,,,,,,,,,,,,,,,,,,,,,,,,,,,,,,,,,,,,,,,,,,,,,,,,,,,,,,,,,,,,,,,,,,,,No
,,,,,,,Tools,Industrial,General,,567446,567446 60W Led Med 50K 3pk,-- Unbranded --,-- No Unilog Brand --,Philips,Phillips Lighting (5831),Phillips Lighting,,,567446,567446,Tools > Industrial > General,Phillips Lighting 567446 60W Led Med 50K 3pk,PHILLIPS LIGHTING 567446 60W LED MED 50K 3PK,Phillips Lighting 567446 60W Led Med 50K 3pk,Phillips Lighting 60W Led Med 50K 3pk (MPN: 567446) in the Tools > Industrial > General category.,Phillips Lighting 60W Led Med 50K 3pk (567446) in Industrial.,Phillips Lighting 60W Led Med 50K 3pk (567446) in Industrial.,,,,,,,,,,,,,,,,,,,,,,,,,,,,,,,,,,,,,,,,,,,,,,,,,,,,,,,,,,,,,,,,,,,,,,,,,,,,,,,,,,,,,,,,,,,,,,,,,,,,,,,,,,,,,,,,,,,,,,,,,,,,,,,,,,,,,,,,,,,,,,,,,,,,,,,,,,,,,,,,,,,,,,,,,,,,,,,,,,,,,,,,,,,,,,,,,,,,,,,,,,,,,,,,,,,,,,,,,,,,,,,No
,,,,,,,Tools,Industrial,General,,573997,573997 40W Led Med 50k 4pk,-- Unbranded --,-- No Unilog Brand --,Philips,Phillips Lighting (5831),Phillips Lighting,,,573997,573997,Tools > Industrial > General,Phillips Lighting 573997 40W Led Med 50k 4pk,PHILLIPS LIGHTING 573997 40W LED MED 50K 4PK,Phillips Lighting 573997 40W Led Med 50k 4pk,Phillips Lighting 40W Led Med 50k 4pk (MPN: 573997) in the Tools > Industrial > General category.,Phillips Lighting 40W Led Med 50k 4pk (573997) in Industrial.,Phillips Lighting 40W Led Med 50k 4pk (573997) in Industrial.,,,,,,,,,,,,,,,,,,,,,,,,,,,,,,,,,,,,,,,,,,,,,,,,,,,,,,,,,,,,,,,,,,,,,,,,,,,,,,,,,,,,,,,,,,,,,,,,,,,,,,,,,,,,,,,,,,,,,,,,,,,,,,,,,,,,,,,,,,,,,,,,,,,,,,,,,,,,,,,,,,,,,,,,,,,,,,,,,,,,,,,,,,,,,,,,,,,,,,,,,,,,,,,,,,,,,,,,,,,,,,,No
,,,,,,,Tools,Industrial,General,,571463,571463 100W Led BR30 Med 50k,-- Unbranded --,-- No Unilog Brand --,Philips,Phillips Lighting (5831),Phillips Lighting,,,571463,571463,Tools > Industrial > General,Phillips Lighting 571463 100W Led BR30 Med 50k,PHILLIPS LIGHTING 571463 100W LED BR30 MED 50K,Phillips Lighting 571463 100W Led BR30 Med 50k,Phillips Lighting 100W Led BR30 Med 50k (MPN: 571463) in the Tools > Industrial > General category.,Phillips Lighting 100W Led BR30 Med 50k (571463) in Industrial.,Phillips Lighting 100W Led BR30 Med 50k (571463) in Industrial.,,,,,,,,,,,,,,,,,,,,,,,,,,,,,,,,,,,,,,,,,,,,,,,,,,,,,,,,,,,,,,,,,,,,,,,,,,,,,,,,,,,,,,,,,,,,,,,,,,,,,,,,,,,,,,,,,,,,,,,,,,,,,,,,,,,,,,,,,,,,,,,,,,,,,,,,,,,,,,,,,,,,,,,,,,,,,,,,,,,,,,,,,,,,,,,,,,,,,,,,,,,,,,,,,,,,,,,,,,,,,,,No
,,,,,,,Tools,Industrial,General,,576512,576512 65W Led BR40 Med 27k,-- Unbranded --,-- No Unilog Brand --,Philips,Phillips Lighting (5831),Phillips Lighting,,,576512,576512,Tools > Industrial > General,Phillips Lighting 576512 65W Led BR40 Med 27k,PHILLIPS LIGHTING 576512 65W LED BR40 MED 27K,Phillips Lighting 576512 65W Led BR40 Med 27k,Phillips Lighting 65W Led BR40 Med 27k (MPN: 576512) in the Tools > Industrial > General category.,Phillips Lighting 65W Led BR40 Med 27k (576512) in Industrial.,Phillips Lighting 65W Led BR40 Med 27k (576512) in Industrial.,,,,,,,,,,,,,,,,,,,,,,,,,,,,,,,,,,,,,,,,,,,,,,,,,,,,,,,,,,,,,,,,,,,,,,,,,,,,,,,,,,,,,,,,,,,,,,,,,,,,,,,,,,,,,,,,,,,,,,,,,,,,,,,,,,,,,,,,,,,,,,,,,,,,,,,,,,,,,,,,,,,,,,,,,,,,,,,,,,,,,,,,,,,,,,,,,,,,,,,,,,,,,,,,,,,,,,,,,,,,,,,No
,,,,,,,Tools,Industrial,General,,581181,581181 40W Led Med 2pk,-- Unbranded --,-- No Unilog Brand --,Philips,Phillips Lighting (5831),Phillips Lighting,,,581181,581181,Tools > Industrial > General,Phillips Lighting 581181 40W Led Med 2pk,PHILLIPS LIGHTING 581181 40W LED MED 2PK,Phillips Lighting 581181 40W Led Med 2pk,Phillips Lighting 40W Led Med 2pk (MPN: 581181) in the Tools > Industrial > General category.,Phillips Lighting 40W Led Med 2pk (581181) in Industrial.,Phillips Lighting 40W Led Med 2pk (581181) in Industrial.,,,,,,,,,,,,,,,,,,,,,,,,,,,,,,,,,,,,,,,,,,,,,,,,,,,,,,,,,,,,,,,,,,,,,,,,,,,,,,,,,,,,,,,,,,,,,,,,,,,,,,,,,,,,,,,,,,,,,,,,,,,,,,,,,,,,,,,,,,,,,,,,,,,,,,,,,,,,,,,,,,,,,,,,,,,,,,,,,,,,,,,,,,,,,,,,,,,,,,,,,,,,,,,,,,,,,,,,,,,,,,,No
,,,,,,,Tools,Industrial,General,,GT-CB-100C,GTCB100C Led 100W Cob Bulb,-- Unbranded --,-- No Unilog Brand --,GT-Lite,Keystone (5702),Keystone,,,GT-CB-100C,GT-CB-100C,Tools > Industrial > General,Keystone GT-CB-100C GTCB100C Led 100W Cob Bulb,KEYSTONE GT-CB-100C GTCB100C LED 100W COB BULB,Keystone GT-CB-100C GTCB100C Led 100W Cob Bulb,Keystone GTCB100C Led 100W Cob Bulb (MPN: GT-CB-100C) in the Tools > Industrial > General category.,Keystone GTCB100C Led 100W Cob Bulb (GT-CB-100C) in Industrial.,Keystone GTCB100C Led 100W Cob Bulb (GT-CB-100C) in Industrial.,,,,,,,,,,,,,,,,,,,,,,,,,,,,,,,,,,,,,,,,,,,,,,,,,,,,,,,,,,,,,,,,,,,,,,,,,,,,,,,,,,,,,,,,,,,,,,,,,,,,,,,,,,,,,,,,,,,,,,,,,,,,,,,,,,,,,,,,,,,,,,,,,,,,,,,,,,,,,,,,,,,,,,,,,,,,,,,,,,,,,,,,,,,,,,,,,,,,,,,,,,,,,,,,,,,,,,,,,,,,,,,No
,,,,,,,Tools,Industrial,General,,566430,566430 75W Led Med 50k 4pk,-- Unbranded --,-- No Unilog Brand --,Philips,Phillips Lighting (5831),Phillips Lighting,,,566430,566430,Tools > Industrial > General,Phillips Lighting 566430 75W Led Med 50k 4pk,PHILLIPS LIGHTING 566430 75W LED MED 50K 4PK,Phillips Lighting 566430 75W Led Med 50k 4pk,Phillips Lighting 75W Led Med 50k 4pk (MPN: 566430) in the Tools > Industrial > General category.,Phillips Lighting 75W Led Med 50k 4pk (566430) in Industrial.,Phillips Lighting 75W Led Med 50k 4pk (566430) in Industrial.,,,,,,,,,,,,,,,,,,,,,,,,,,,,,,,,,,,,,,,,,,,,,,,,,,,,,,,,,,,,,,,,,,,,,,,,,,,,,,,,,,,,,,,,,,,,,,,,,,,,,,,,,,,,,,,,,,,,,,,,,,,,,,,,,,,,,,,,,,,,,,,,,,,,,,,,,,,,,,,,,,,,,,,,,,,,,,,,,,,,,,,,,,,,,,,,,,,,,,,,,,,,,,,,,,,,,,,,,,,,,,,No
,,,,,,,Tools,Industrial,General,,568337,568337 120W Led Par38 Med 50k,-- Unbranded --,-- No Unilog Brand --,Philips,Phillips Lighting (5831),Phillips Lighting,,,568337,568337,Tools > Industrial > General,Phillips Lighting 568337 120W Led Par38 Med 50k,PHILLIPS LIGHTING 568337 120W LED PAR38 MED 50K,Phillips Lighting 568337 120W Led Par38 Med 50k,Phillips Lighting 120W Led Par38 Med 50k (MPN: 568337) in the Tools > Industrial > General category.,Phillips Lighting 120W Led Par38 Med 50k (568337) in Industrial.,Phillips Lighting 120W Led Par38 Med 50k (568337) in Industrial.,,,,,,,,,,,,,,,,,,,,,,,,,,,,,,,,,,,,,,,,,,,,,,,,,,,,,,,,,,,,,,,,,,,,,,,,,,,,,,,,,,,,,,,,,,,,,,,,,,,,,,,,,,,,,,,,,,,,,,,,,,,,,,,,,,,,,,,,,,,,,,,,,,,,,,,,,,,,,,,,,,,,,,,,,,,,,,,,,,,,,,,,,,,,,,,,,,,,,,,,,,,,,,,,,,,,,,,,,,,,,,,No
,,,,,,,Tools,Industrial,General,,565788,565788 40W Led A19 Med 27k,-- Unbranded --,-- No Unilog Brand --,Philips,Phillips Lighting (5831),Phillips Lighting,,,565788,565788,Tools > Industrial > General,Phillips Lighting 565788 40W Led A19 Med 27k,PHILLIPS LIGHTING 565788 40W LED A19 MED 27K,Phillips Lighting 565788 40W Led A19 Med 27k,Phillips Lighting 40W Led A19 Med 27k (MPN: 565788) in the Tools > Industrial > General category.,Phillips Lighting 40W Led A19 Med 27k (565788) in Industrial.,Phillips Lighting 40W Led A19 Med 27k (565788) in Industrial.,,,,,,,,,,,,,,,,,,,,,,,,,,,,,,,,,,,,,,,,,,,,,,,,,,,,,,,,,,,,,,,,,,,,,,,,,,,,,,,,,,,,,,,,,,,,,,,,,,,,,,,,,,,,,,,,,,,,,,,,,,,,,,,,,,,,,,,,,,,,,,,,,,,,,,,,,,,,,,,,,,,,,,,,,,,,,,,,,,,,,,,,,,,,,,,,,,,,,,,,,,,,,,,,,,,,,,,,,,,,,,,No
,,,,,,,Tools,Industrial,General,,565770,565770 40W Led A19 Med 50k,-- Unbranded --,-- No Unilog Brand --,Philips,Phillips Lighting (5831),Phillips Lighting,,,565770,565770,Tools > Industrial > General,Phillips Lighting 565770 40W Led A19 Med 50k,PHILLIPS LIGHTING 565770 40W LED A19 MED 50K,Phillips Lighting 565770 40W Led A19 Med 50k,Phillips Lighting 40W Led A19 Med 50k (MPN: 565770) in the Tools > Industrial > General category.,Phillips Lighting 40W Led A19 Med 50k (565770) in Industrial.,Phillips Lighting 40W Led A19 Med 50k (565770) in Industrial.,,,,,,,,,,,,,,,,,,,,,,,,,,,,,,,,,,,,,,,,,,,,,,,,,,,,,,,,,,,,,,,,,,,,,,,,,,,,,,,,,,,,,,,,,,,,,,,,,,,,,,,,,,,,,,,,,,,,,,,,,,,,,,,,,,,,,,,,,,,,,,,,,,,,,,,,,,,,,,,,,,,,,,,,,,,,,,,,,,,,,,,,,,,,,,,,,,,,,,,,,,,,,,,,,,,,,,,,,,,,,,,No
,,,,,,,Tools,Industrial,General,,573436,573436 60W Led A19 Med 27k 2pk,-- Unbranded --,-- No Unilog Brand --,Philips,Phillips Lighting (5831),Phillips Lighting,,,573436,573436,Tools > Industrial > General,Phillips Lighting 573436 60W Led A19 Med 27k 2pk,PHILLIPS LIGHTING 573436 60W LED A19 MED 27K 2PK,Phillips Lighting 573436 60W Led A19 Med 27k 2pk,Phillips Lighting 60W Led A19 Med 27k 2pk (MPN: 573436) in the Tools > Industrial > General category.,Phillips Lighting 60W Led A19 Med 27k 2pk (573436) in Industrial.,Phillips Lighting 60W Led A19 Med 27k 2pk (573436) in Industrial.,,,,,,,,,,,,,,,,,,,,,,,,,,,,,,,,,,,,,,,,,,,,,,,,,,,,,,,,,,,,,,,,,,,,,,,,,,,,,,,,,,,,,,,,,,,,,,,,,,,,,,,,,,,,,,,,,,,,,,,,,,,,,,,,,,,,,,,,,,,,,,,,,,,,,,,,,,,,,,,,,,,,,,,,,,,,,,,,,,,,,,,,,,,,,,,,,,,,,,,,,,,,,,,,,,,,,,,,,,,,,,,No
,,,,,,,Tools,Industrial,General,,576538,576538 65W Led BR30 Med 50k,-- Unbranded --,-- No Unilog Brand --,Philips,Phillips Lighting (5831),Phillips Lighting,,,576538,576538,Tools > Industrial > General,Phillips Lighting 576538 65W Led BR30 Med 50k,PHILLIPS LIGHTING 576538 65W LED BR30 MED 50K,Phillips Lighting 576538 65W Led BR30 Med 50k,Phillips Lighting 65W Led BR30 Med 50k (MPN: 576538) in the Tools > Industrial > General category.,Phillips Lighting 65W Led BR30 Med 50k (576538) in Industrial.,Phillips Lighting 65W Led BR30 Med 50k (576538) in Industrial.,,,,,,,,,,,,,,,,,,,,,,,,,,,,,,,,,,,,,,,,,,,,,,,,,,,,,,,,,,,,,,,,,,,,,,,,,,,,,,,,,,,,,,,,,,,,,,,,,,,,,,,,,,,,,,,,,,,,,,,,,,,,,,,,,,,,,,,,,,,,,,,,,,,,,,,,,,,,,,,,,,,,,,,,,,,,,,,,,,,,,,,,,,,,,,,,,,,,,,,,,,,,,,,,,,,,,,,,,,,,,,,No
,,,,,,,Tools,Industrial,General,,573451,573451 40W Led Med 27k 2pk,-- Unbranded --,-- No Unilog Brand --,Philips,Phillips Lighting (5831),Phillips Lighting,,,573451,573451,Tools > Industrial > General,Phillips Lighting 573451 40W Led Med 27k 2pk,PHILLIPS LIGHTING 573451 40W LED MED 27K 2PK,Phillips Lighting 573451 40W Led Med 27k 2pk,Phillips Lighting 40W Led Med 27k 2pk (MPN: 573451) in the Tools > Industrial > General category.,Phillips Lighting 40W Led Med 27k 2pk (573451) in Industrial.,Phillips Lighting 40W Led Med 27k 2pk (573451) in Industrial.,,,,,,,,,,,,,,,,,,,,,,,,,,,,,,,,,,,,,,,,,,,,,,,,,,,,,,,,,,,,,,,,,,,,,,,,,,,,,,,,,,,,,,,,,,,,,,,,,,,,,,,,,,,,,,,,,,,,,,,,,,,,,,,,,,,,,,,,,,,,,,,,,,,,,,,,,,,,,,,,,,,,,,,,,,,,,,,,,,,,,,,,,,,,,,,,,,,,,,,,,,,,,,,,,,,,,,,,,,,,,,,No
,,,,,,,Tools,Industrial,General,,586883,586883 100W Led Multi CCT 2pk,-- Unbranded --,-- No Unilog Brand --,Philips,Phillips Lighting (5831),Phillips Lighting,,,586883,586883,Tools > Industrial > General,Phillips Lighting 586883 100W Led Multi CCT 2pk,PHILLIPS LIGHTING 586883 100W LED MULTI CCT 2PK,Phillips Lighting 586883 100W Led Multi CCT 2pk,Phillips Lighting 100W Led Multi CCT 2pk (MPN: 586883) in the Tools > Industrial > General category.,Phillips Lighting 100W Led Multi CCT 2pk (586883) in Industrial.,Phillips Lighting 100W Led Multi CCT 2pk (586883) in Industrial.,,,,,,,,,,,,,,,,,,,,,,,,,,,,,,,,,,,,,,,,,,,,,,,,,,,,,,,,,,,,,,,,,,,,,,,,,,,,,,,,,,,,,,,,,,,,,,,,,,,,,,,,,,,,,,,,,,,,,,,,,,,,,,,,,,,,,,,,,,,,,,,,,,,,,,,,,,,,,,,,,,,,,,,,,,,,,,,,,,,,,,,,,,,,,,,,,,,,,,,,,,,,,,,,,,,,,,,,,,,,,,,No
,,,,,,,Tools,Industrial,General,,586859,586859 40W Led Med 27K Back Up,-- Unbranded --,-- No Unilog Brand --,Philips,Phillips Lighting (5831),Phillips Lighting,,,586859,586859,Tools > Industrial > General,Phillips Lighting 586859 40W Led Med 27K Back Up,PHILLIPS LIGHTING 586859 40W LED MED 27K BACK UP,Phillips Lighting 586859 40W Led Med 27K Back Up,Phillips Lighting 40W Led Med 27K Back Up (MPN: 586859) in the Tools > Industrial > General category.,Phillips Lighting 40W Led Med 27K Back Up (586859) in Industrial.,Phillips Lighting 40W Led Med 27K Back Up (586859) in Industrial.,,,,,,,,,,,,,,,,,,,,,,,,,,,,,,,,,,,,,,,,,,,,,,,,,,,,,,,,,,,,,,,,,,,,,,,,,,,,,,,,,,,,,,,,,,,,,,,,,,,,,,,,,,,,,,,,,,,,,,,,,,,,,,,,,,,,,,,,,,,,,,,,,,,,,,,,,,,,,,,,,,,,,,,,,,,,,,,,,,,,,,,,,,,,,,,,,,,,,,,,,,,,,,,,,,,,,,,,,,,,,,,No
,,,,,,,Tools,Industrial,General,,576488,576488 45W Led R20 Med 50k,-- Unbranded --,-- No Unilog Brand --,Philips,Phillips Lighting (5831),Phillips Lighting,,,576488,576488,Tools > Industrial > General,Phillips Lighting 576488 45W Led R20 Med 50k,PHILLIPS LIGHTING 576488 45W LED R20 MED 50K,Phillips Lighting 576488 45W Led R20 Med 50k,Phillips Lighting 45W Led R20 Med 50k (MPN: 576488) in the Tools > Industrial > General category.,Phillips Lighting 45W Led R20 Med 50k (576488) in Industrial.,Phillips Lighting 45W Led R20 Med 50k (576488) in Industrial.,,,,,,,,,,,,,,,,,,,,,,,,,,,,,,,,,,,,,,,,,,,,,,,,,,,,,,,,,,,,,,,,,,,,,,,,,,,,,,,,,,,,,,,,,,,,,,,,,,,,,,,,,,,,,,,,,,,,,,,,,,,,,,,,,,,,,,,,,,,,,,,,,,,,,,,,,,,,,,,,,,,,,,,,,,,,,,,,,,,,,,,,,,,,,,,,,,,,,,,,,,,,,,,,,,,,,,,,,,,,,,,No
,,,,,,,Tools,Industrial,General,,575217,575217 60W Led Med 50k 2pk,-- Unbranded --,-- No Unilog Brand --,Philips,Phillips Lighting (5831),Phillips Lighting,,,575217,575217,Tools > Industrial > General,Phillips Lighting 575217 60W Led Med 50k 2pk,PHILLIPS LIGHTING 575217 60W LED MED 50K 2PK,Phillips Lighting 575217 60W Led Med 50k 2pk,Phillips Lighting 60W Led Med 50k 2pk (MPN: 575217) in the Tools > Industrial > General category.,Phillips Lighting 60W Led Med 50k 2pk (575217) in Industrial.,Phillips Lighting 60W Led Med 50k 2pk (575217) in Industrial.,,,,,,,,,,,,,,,,,,,,,,,,,,,,,,,,,,,,,,,,,,,,,,,,,,,,,,,,,,,,,,,,,,,,,,,,,,,,,,,,,,,,,,,,,,,,,,,,,,,,,,,,,,,,,,,,,,,,,,,,,,,,,,,,,,,,,,,,,,,,,,,,,,,,,,,,,,,,,,,,,,,,,,,,,,,,,,,,,,,,,,,,,,,,,,,,,,,,,,,,,,,,,,,,,,,,,,,,,,,,,,,No
,,,,,,,Tools,Industrial,General,,586479,586479 90W Led Med Multi CCT,-- Unbranded --,-- No Unilog Brand --,Philips,Phillips Lighting (5831),Phillips Lighting,,,586479,586479,Tools > Industrial > General,Phillips Lighting 586479 90W Led Med Multi CCT,PHILLIPS LIGHTING 586479 90W LED MED MULTI CCT,Phillips Lighting 586479 90W Led Med Multi CCT,Phillips Lighting 90W Led Med Multi CCT (MPN: 586479) in the Tools > Industrial > General category.,Phillips Lighting 90W Led Med Multi CCT (586479) in Industrial.,Phillips Lighting 90W Led Med Multi CCT (586479) in Industrial.,,,,,,,,,,,,,,,,,,,,,,,,,,,,,,,,,,,,,,,,,,,,,,,,,,,,,,,,,,,,,,,,,,,,,,,,,,,,,,,,,,,,,,,,,,,,,,,,,,,,,,,,,,,,,,,,,,,,,,,,,,,,,,,,,,,,,,,,,,,,,,,,,,,,,,,,,,,,,,,,,,,,,,,,,,,,,,,,,,,,,,,,,,,,,,,,,,,,,,,,,,,,,,,,,,,,,,,,,,,,,,,No
,,,,,,,Tools,Industrial,General,,571471,571471 100W Led BR30 Med 27k,-- Unbranded --,-- No Unilog Brand --,Philips,Phillips Lighting (5831),Phillips Lighting,,,571471,571471,Tools > Industrial > General,Phillips Lighting 571471 100W Led BR30 Med 27k,PHILLIPS LIGHTING 571471 100W LED BR30 MED 27K,Phillips Lighting 571471 100W Led BR30 Med 27k,Phillips Lighting 100W Led BR30 Med 27k (MPN: 571471) in the Tools > Industrial > General category.,Phillips Lighting 100W Led BR30 Med 27k (571471) in Industrial.,Phillips Lighting 100W Led BR30 Med 27k (571471) in Industrial.,,,,,,,,,,,,,,,,,,,,,,,,,,,,,,,,,,,,,,,,,,,,,,,,,,,,,,,,,,,,,,,,,,,,,,,,,,,,,,,,,,,,,,,,,,,,,,,,,,,,,,,,,,,,,,,,,,,,,,,,,,,,,,,,,,,,,,,,,,,,,,,,,,,,,,,,,,,,,,,,,,,,,,,,,,,,,,,,,,,,,,,,,,,,,,,,,,,,,,,,,,,,,,,,,,,,,,,,,,,,,,,No
,,,,,,,Tools,Industrial,General,,570762,570762 50W Led Par16 30k 3pk,-- Unbranded --,-- No Unilog Brand --,Philips,Phillips Lighting (5831),Phillips Lighting,,,570762,570762,Tools > Industrial > General,Phillips Lighting 570762 50W Led Par16 30k 3pk,PHILLIPS LIGHTING 570762 50W LED PAR16 30K 3PK,Phillips Lighting 570762 50W Led Par16 30k 3pk,Phillips Lighting 50W Led Par16 30k 3pk (MPN: 570762) in the Tools > Industrial > General category.,Phillips Lighting 50W Led Par16 30k 3pk (570762) in Industrial.,Phillips Lighting 50W Led Par16 30k 3pk (570762) in Industrial.,,,,,,,,,,,,,,,,,,,,,,,,,,,,,,,,,,,,,,,,,,,,,,,,,,,,,,,,,,,,,,,,,,,,,,,,,,,,,,,,,,,,,,,,,,,,,,,,,,,,,,,,,,,,,,,,,,,,,,,,,,,,,,,,,,,,,,,,,,,,,,,,,,,,,,,,,,,,,,,,,,,,,,,,,,,,,,,,,,,,,,,,,,,,,,,,,,,,,,,,,,,,,,,,,,,,,,,,,,,,,,,No
,,,,,,,Tools,Industrial,General,,533352,571505 150W Led Med 50k,-- Unbranded --,-- No Unilog Brand --,Philips,Phillips Lighting (5831),Phillips Lighting,,,533352,533352,Tools > Industrial > General,Phillips Lighting 533352 571505 150W Led Med 50k,PHILLIPS LIGHTING 533352 571505 150W LED MED 50K,Phillips Lighting 533352 571505 150W Led Med 50k,Phillips Lighting 571505 150W Led Med 50k (MPN: 533352) in the Tools > Industrial > General category.,Phillips Lighting 571505 150W Led Med 50k (533352) in Industrial.,Phillips Lighting 571505 150W Led Med 50k (533352) in Industrial.,,,,,,,,,,,,,,,,,,,,,,,,,,,,,,,,,,,,,,,,,,,,,,,,,,,,,,,,,,,,,,,,,,,,,,,,,,,,,,,,,,,,,,,,,,,,,,,,,,,,,,,,,,,,,,,,,,,,,,,,,,,,,,,,,,,,,,,,,,,,,,,,,,,,,,,,,,,,,,,,,,,,,,,,,,,,,,,,,,,,,,,,,,,,,,,,,,,,,,,,,,,,,,,,,,,,,,,,,,,,,,,No
,,,,,,,Tools,Industrial,General,,573519,573519 100W Led A21 27k 2pk,-- Unbranded --,-- No Unilog Brand --,Philips,Phillips Lighting (5831),Phillips Lighting,,,573519,573519,Tools > Industrial > General,Phillips Lighting 573519 100W Led A21 27k 2pk,PHILLIPS LIGHTING 573519 100W LED A21 27K 2PK,Phillips Lighting 573519 100W Led A21 27k 2pk,Phillips Lighting 100W Led A21 27k 2pk (MPN: 573519) in the Tools > Industrial > General category.,Phillips Lighting 100W Led A21 27k 2pk (573519) in Industrial.,Phillips Lighting 100W Led A21 27k 2pk (573519) in Industrial.,,,,,,,,,,,,,,,,,,,,,,,,,,,,,,,,,,,,,,,,,,,,,,,,,,,,,,,,,,,,,,,,,,,,,,,,,,,,,,,,,,,,,,,,,,,,,,,,,,,,,,,,,,,,,,,,,,,,,,,,,,,,,,,,,,,,,,,,,,,,,,,,,,,,,,,,,,,,,,,,,,,,,,,,,,,,,,,,,,,,,,,,,,,,,,,,,,,,,,,,,,,,,,,,,,,,,,,,,,,,,,,No
,,,,,,,Tools,Industrial,General,,573378,573378 60W Led Med 27k 3pk,-- Unbranded --,-- No Unilog Brand --,Philips,Phillips Lighting (5831),Phillips Lighting,,,573378,573378,Tools > Industrial > General,Phillips Lighting 573378 60W Led Med 27k 3pk,PHILLIPS LIGHTING 573378 60W LED MED 27K 3PK,Phillips Lighting 573378 60W Led Med 27k 3pk,Phillips Lighting 60W Led Med 27k 3pk (MPN: 573378) in the Tools > Industrial > General category.,Phillips Lighting 60W Led Med 27k 3pk (573378) in Industrial.,Phillips Lighting 60W Led Med 27k 3pk (573378) in Industrial.,,,,,,,,,,,,,,,,,,,,,,,,,,,,,,,,,,,,,,,,,,,,,,,,,,,,,,,,,,,,,,,,,,,,,,,,,,,,,,,,,,,,,,,,,,,,,,,,,,,,,,,,,,,,,,,,,,,,,,,,,,,,,,,,,,,,,,,,,,,,,,,,,,,,,,,,,,,,,,,,,,,,,,,,,,,,,,,,,,,,,,,,,,,,,,,,,,,,,,,,,,,,,,,,,,,,,,,,,,,,,,,No
,,,,,,,Tools,Industrial,General,,565622,565622 60W Led Med 20k,-- Unbranded --,-- No Unilog Brand --,Philips,Phillips Lighting (5831),Phillips Lighting,,,565622,565622,Tools > Industrial > General,Phillips Lighting 565622 60W Led Med 20k,PHILLIPS LIGHTING 565622 60W LED MED 20K,Phillips Lighting 565622 60W Led Med 20k,Phillips Lighting 60W Led Med 20k (MPN: 565622) in the Tools > Industrial > General category.,Phillips Lighting 60W Led Med 20k (565622) in Industrial.,Phillips Lighting 60W Led Med 20k (565622) in Industrial.,,,,,,,,,,,,,,,,,,,,,,,,,,,,,,,,,,,,,,,,,,,,,,,,,,,,,,,,,,,,,,,,,,,,,,,,,,,,,,,,,,,,,,,,,,,,,,,,,,,,,,,,,,,,,,,,,,,,,,,,,,,,,,,,,,,,,,,,,,,,,,,,,,,,,,,,,,,,,,,,,,,,,,,,,,,,,,,,,,,,,,,,,,,,,,,,,,,,,,,,,,,,,,,,,,,,,,,,,,,,,,,No
,,,,,,,Tools,Industrial,General,,586891,586891 Led 60W Med A19 27k,-- Unbranded --,-- No Unilog Brand --,Philips,Phillips Lighting (5831),Phillips Lighting,,,586891,586891,Tools > Industrial > General,Phillips Lighting 586891 Led 60W Med A19 27k,PHILLIPS LIGHTING 586891 LED 60W MED A19 27K,Phillips Lighting 586891 Led 60W Med A19 27k,Phillips Lighting Led 60W Med A19 27k (MPN: 586891) in the Tools > Industrial > General category.,Phillips Lighting Led 60W Med A19 27k (586891) in Industrial.,Phillips Lighting Led 60W Med A19 27k (586891) in Industrial.,,,,,,,,,,,,,,,,,,,,,,,,,,,,,,,,,,,,,,,,,,,,,,,,,,,,,,,,,,,,,,,,,,,,,,,,,,,,,,,,,,,,,,,,,,,,,,,,,,,,,,,,,,,,,,,,,,,,,,,,,,,,,,,,,,,,,,,,,,,,,,,,,,,,,,,,,,,,,,,,,,,,,,,,,,,,,,,,,,,,,,,,,,,,,,,,,,,,,,,,,,,,,,,,,,,,,,,,,,,,,,,No
,,,,,,,Tools,Industrial,General,,585448,585448 120W Led Motion Bulb,-- Unbranded --,-- No Unilog Brand --,Philips,Phillips Lighting (5831),Phillips Lighting,,,585448,585448,Tools > Industrial > General,Phillips Lighting 585448 120W Led Motion Bulb,PHILLIPS LIGHTING 585448 120W LED MOTION BULB,Phillips Lighting 585448 120W Led Motion Bulb,Phillips Lighting 120W Led Motion Bulb (MPN: 585448) in the Tools > Industrial > General category.,Phillips Lighting 120W Led Motion Bulb (585448) in Industrial.,Phillips Lighting 120W Led Motion Bulb (585448) in Industrial.,,,,,,,,,,,,,,,,,,,,,,,,,,,,,,,,,,,,,,,,,,,,,,,,,,,,,,,,,,,,,,,,,,,,,,,,,,,,,,,,,,,,,,,,,,,,,,,,,,,,,,,,,,,,,,,,,,,,,,,,,,,,,,,,,,,,,,,,,,,,,,,,,,,,,,,,,,,,,,,,,,,,,,,,,,,,,,,,,,,,,,,,,,,,,,,,,,,,,,,,,,,,,,,,,,,,,,,,,,,,,,,No
,,,,,,,Tools,Industrial,General,,573444,573444 60W Led A19 Med 50k 2pk,-- Unbranded --,-- No Unilog Brand --,Philips,Phillips Lighting (5831),Phillips Lighting,,,573444,573444,Tools > Industrial > General,Phillips Lighting 573444 60W Led A19 Med 50k 2pk,PHILLIPS LIGHTING 573444 60W LED A19 MED 50K 2PK,Phillips Lighting 573444 60W Led A19 Med 50k 2pk,Phillips Lighting 60W Led A19 Med 50k 2pk (MPN: 573444) in the Tools > Industrial > General category.,Phillips Lighting 60W Led A19 Med 50k 2pk (573444) in Industrial.,Phillips Lighting 60W Led A19 Med 50k 2pk (573444) in Industrial.,,,,,,,,,,,,,,,,,,,,,,,,,,,,,,,,,,,,,,,,,,,,,,,,,,,,,,,,,,,,,,,,,,,,,,,,,,,,,,,,,,,,,,,,,,,,,,,,,,,,,,,,,,,,,,,,,,,,,,,,,,,,,,,,,,,,,,,,,,,,,,,,,,,,,,,,,,,,,,,,,,,,,,,,,,,,,,,,,,,,,,,,,,,,,,,,,,,,,,,,,,,,,,,,,,,,,,,,,,,,,,,No
,,,,,,,Tools,Industrial,General,,566687,566687 60W Cand Led 27k 3pk,-- Unbranded --,-- No Unilog Brand --,Philips,Phillips Lighting (5831),Phillips Lighting,,,566687,566687,Tools > Industrial > General,Phillips Lighting 566687 60W Cand Led 27k 3pk,PHILLIPS LIGHTING 566687 60W CAND LED 27K 3PK,Phillips Lighting 566687 60W Cand Led 27k 3pk,Phillips Lighting 60W Cand Led 27k 3pk (MPN: 566687) in the Tools > Industrial > General category.,Phillips Lighting 60W Cand Led 27k 3pk (566687) in Industrial.,Phillips Lighting 60W Cand Led 27k 3pk (566687) in Industrial.,,,,,,,,,,,,,,,,,,,,,,,,,,,,,,,,,,,,,,,,,,,,,,,,,,,,,,,,,,,,,,,,,,,,,,,,,,,,,,,,,,,,,,,,,,,,,,,,,,,,,,,,,,,,,,,,,,,,,,,,,,,,,,,,,,,,,,,,,,,,,,,,,,,,,,,,,,,,,,,,,,,,,,,,,,,,,,,,,,,,,,,,,,,,,,,,,,,,,,,,,,,,,,,,,,,,,,,,,,,,,,,No
,,,,,,,Tools,Industrial,General,,564385,564385 40w Led Med 27k 2pk,-- Unbranded --,-- No Unilog Brand --,Philips,Phillips Lighting (5831),Phillips Lighting,,,564385,564385,Tools > Industrial > General,Phillips Lighting 564385 40w Led Med 27k 2pk,PHILLIPS LIGHTING 564385 40W LED MED 27K 2PK,Phillips Lighting 564385 40w Led Med 27k 2pk,Phillips Lighting 40w Led Med 27k 2pk (MPN: 564385) in the Tools > Industrial > General category.,Phillips Lighting 40w Led Med 27k 2pk (564385) in Industrial.,Phillips Lighting 40w Led Med 27k 2pk (564385) in Industrial.,,,,,,,,,,,,,,,,,,,,,,,,,,,,,,,,,,,,,,,,,,,,,,,,,,,,,,,,,,,,,,,,,,,,,,,,,,,,,,,,,,,,,,,,,,,,,,,,,,,,,,,,,,,,,,,,,,,,,,,,,,,,,,,,,,,,,,,,,,,,,,,,,,,,,,,,,,,,,,,,,,,,,,,,,,,,,,,,,,,,,,,,,,,,,,,,,,,,,,,,,,,,,,,,,,,,,,,,,,,,,,,No
,,,,,,,Tools,Industrial,General,,566661,566661 40W LED Cand 27k 3pk,-- Unbranded --,-- No Unilog Brand --,Philips,Phillips Lighting (5831),Phillips Lighting,,,566661,566661,Tools > Industrial > General,Phillips Lighting 566661 40W LED Cand 27k 3pk,PHILLIPS LIGHTING 566661 40W LED CAND 27K 3PK,Phillips Lighting 566661 40W LED Cand 27k 3pk,Phillips Lighting 40W LED Cand 27k 3pk (MPN: 566661) in the Tools > Industrial > General category.,Phillips Lighting 40W LED Cand 27k 3pk (566661) in Industrial.,Phillips Lighting 40W LED Cand 27k 3pk (566661) in Industrial.,,,,,,,,,,,,,,,,,,,,,,,,,,,,,,,,,,,,,,,,,,,,,,,,,,,,,,,,,,,,,,,,,,,,,,,,,,,,,,,,,,,,,,,,,,,,,,,,,,,,,,,,,,,,,,,,,,,,,,,,,,,,,,,,,,,,,,,,,,,,,,,,,,,,,,,,,,,,,,,,,,,,,,,,,,,,,,,,,,,,,,,,,,,,,,,,,,,,,,,,,,,,,,,,,,,,,,,,,,,,,,,No
,,,,,,,Tools,Industrial,General,,564898,564898 60W Cand Led 50k 3pk,-- Unbranded --,-- No Unilog Brand --,Philips,Phillips Lighting (5831),Phillips Lighting,,,564898,564898,Tools > Industrial > General,Phillips Lighting 564898 60W Cand Led 50k 3pk,PHILLIPS LIGHTING 564898 60W CAND LED 50K 3PK,Phillips Lighting 564898 60W Cand Led 50k 3pk,Phillips Lighting 60W Cand Led 50k 3pk (MPN: 564898) in the Tools > Industrial > General category.,Phillips Lighting 60W Cand Led 50k 3pk (564898) in Industrial.,Phillips Lighting 60W Cand Led 50k 3pk (564898) in Industrial.,,,,,,,,,,,,,,,,,,,,,,,,,,,,,,,,,,,,,,,,,,,,,,,,,,,,,,,,,,,,,,,,,,,,,,,,,,,,,,,,,,,,,,,,,,,,,,,,,,,,,,,,,,,,,,,,,,,,,,,,,,,,,,,,,,,,,,,,,,,,,,,,,,,,,,,,,,,,,,,,,,,,,,,,,,,,,,,,,,,,,,,,,,,,,,,,,,,,,,,,,,,,,,,,,,,,,,,,,,,,,,,No
,,,,,,,Tools,Industrial,General,,538319,588525 40W Led Cand 3pk,-- Unbranded --,-- No Unilog Brand --,Philips,Phillips Lighting (5831),Phillips Lighting,,,538319,538319,Tools > Industrial > General,Phillips Lighting 538319 588525 40W Led Cand 3pk,PHILLIPS LIGHTING 538319 588525 40W LED CAND 3PK,Phillips Lighting 538319 588525 40W Led Cand 3pk,Phillips Lighting 588525 40W Led Cand 3pk (MPN: 538319) in the Tools > Industrial > General category.,Phillips Lighting 588525 40W Led Cand 3pk (538319) in Industrial.,Phillips Lighting 588525 40W Led Cand 3pk (538319) in Industrial.,,,,,,,,,,,,,,,,,,,,,,,,,,,,,,,,,,,,,,,,,,,,,,,,,,,,,,,,,,,,,,,,,,,,,,,,,,,,,,,,,,,,,,,,,,,,,,,,,,,,,,,,,,,,,,,,,,,,,,,,,,,,,,,,,,,,,,,,,,,,,,,,,,,,,,,,,,,,,,,,,,,,,,,,,,,,,,,,,,,,,,,,,,,,,,,,,,,,,,,,,,,,,,,,,,,,,,,,,,,,,,,No
,,,,,,,Tools,Industrial,General,,576009,576009 100W Led Par30L Med 50k,-- Unbranded --,-- No Unilog Brand --,Philips,Phillips Lighting (5831),Phillips Lighting,,,576009,576009,Tools > Industrial > General,Phillips Lighting 576009 100W Led Par30L Med 50k,PHILLIPS LIGHTING 576009 100W LED PAR30L MED 50K,Phillips Lighting 576009 100W Led Par30L Med 50k,Phillips Lighting 100W Led Par30L Med 50k (MPN: 576009) in the Tools > Industrial > General category.,Phillips Lighting 100W Led Par30L Med 50k (576009) in Industrial.,Phillips Lighting 100W Led Par30L Med 50k (576009) in Industrial.,,,,,,,,,,,,,,,,,,,,,,,,,,,,,,,,,,,,,,,,,,,,,,,,,,,,,,,,,,,,,,,,,,,,,,,,,,,,,,,,,,,,,,,,,,,,,,,,,,,,,,,,,,,,,,,,,,,,,,,,,,,,,,,,,,,,,,,,,,,,,,,,,,,,,,,,,,,,,,,,,,,,,,,,,,,,,,,,,,,,,,,,,,,,,,,,,,,,,,,,,,,,,,,,,,,,,,,,,,,,,,,No
,,,,,,,Tools,Industrial,General,,564450,564450 40W Led Cand 27k 2pk,-- Unbranded --,-- No Unilog Brand --,Philips,Phillips Lighting (5831),Phillips Lighting,,,564450,564450,Tools > Industrial > General,Phillips Lighting 564450 40W Led Cand 27k 2pk,PHILLIPS LIGHTING 564450 40W LED CAND 27K 2PK,Phillips Lighting 564450 40W Led Cand 27k 2pk,Phillips Lighting 40W Led Cand 27k 2pk (MPN: 564450) in the Tools > Industrial > General category.,Phillips Lighting 40W Led Cand 27k 2pk (564450) in Industrial.,Phillips Lighting 40W Led Cand 27k 2pk (564450) in Industrial.,,,,,,,,,,,,,,,,,,,,,,,,,,,,,,,,,,,,,,,,,,,,,,,,,,,,,,,,,,,,,,,,,,,,,,,,,,,,,,,,,,,,,,,,,,,,,,,,,,,,,,,,,,,,,,,,,,,,,,,,,,,,,,,,,,,,,,,,,,,,,,,,,,,,,,,,,,,,,,,,,,,,,,,,,,,,,,,,,,,,,,,,,,,,,,,,,,,,,,,,,,,,,,,,,,,,,,,,,,,,,,,No
,,,,,,,Tools,Industrial,General,,572669,572669 60W Led F15 Med 27k,-- Unbranded --,-- No Unilog Brand --,Philips,Phillips Lighting (5831),Phillips Lighting,,,572669,572669,Tools > Industrial > General,Phillips Lighting 572669 60W Led F15 Med 27k,PHILLIPS LIGHTING 572669 60W LED F15 MED 27K,Phillips Lighting 572669 60W Led F15 Med 27k,Phillips Lighting 60W Led F15 Med 27k (MPN: 572669) in the Tools > Industrial > General category.,Phillips Lighting 60W Led F15 Med 27k (572669) in Industrial.,Phillips Lighting 60W Led F15 Med 27k (572669) in Industrial.,,,,,,,,,,,,,,,,,,,,,,,,,,,,,,,,,,,,,,,,,,,,,,,,,,,,,,,,,,,,,,,,,,,,,,,,,,,,,,,,,,,,,,,,,,,,,,,,,,,,,,,,,,,,,,,,,,,,,,,,,,,,,,,,,,,,,,,,,,,,,,,,,,,,,,,,,,,,,,,,,,,,,,,,,,,,,,,,,,,,,,,,,,,,,,,,,,,,,,,,,,,,,,,,,,,,,,,,,,,,,,,No
,,,,,,,Tools,Industrial,General,,564906,564906 60W Led Med 27k 2pk,-- Unbranded --,-- No Unilog Brand --,Philips,Phillips Lighting (5831),Phillips Lighting,,,564906,564906,Tools > Industrial > General,Phillips Lighting 564906 60W Led Med 27k 2pk,PHILLIPS LIGHTING 564906 60W LED MED 27K 2PK,Phillips Lighting 564906 60W Led Med 27k 2pk,Phillips Lighting 60W Led Med 27k 2pk (MPN: 564906) in the Tools > Industrial > General category.,Phillips Lighting 60W Led Med 27k 2pk (564906) in Industrial.,Phillips Lighting 60W Led Med 27k 2pk (564906) in Industrial.,,,,,,,,,,,,,,,,,,,,,,,,,,,,,,,,,,,,,,,,,,,,,,,,,,,,,,,,,,,,,,,,,,,,,,,,,,,,,,,,,,,,,,,,,,,,,,,,,,,,,,,,,,,,,,,,,,,,,,,,,,,,,,,,,,,,,,,,,,,,,,,,,,,,,,,,,,,,,,,,,,,,,,,,,,,,,,,,,,,,,,,,,,,,,,,,,,,,,,,,,,,,,,,,,,,,,,,,,,,,,,,No
,,,,,,,Tools,Industrial,General,,573410,573410 40W Led A19 Med 27k 2pk,-- Unbranded --,-- No Unilog Brand --,Philips,Phillips Lighting (5831),Phillips Lighting,,,573410,573410,Tools > Industrial > General,Phillips Lighting 573410 40W Led A19 Med 27k 2pk,PHILLIPS LIGHTING 573410 40W LED A19 MED 27K 2PK,Phillips Lighting 573410 40W Led A19 Med 27k 2pk,Phillips Lighting 40W Led A19 Med 27k 2pk (MPN: 573410) in the Tools > Industrial > General category.,Phillips Lighting 40W Led A19 Med 27k 2pk (573410) in Industrial.,Phillips Lighting 40W Led A19 Med 27k 2pk (573410) in Industrial.,,,,,,,,,,,,,,,,,,,,,,,,,,,,,,,,,,,,,,,,,,,,,,,,,,,,,,,,,,,,,,,,,,,,,,,,,,,,,,,,,,,,,,,,,,,,,,,,,,,,,,,,,,,,,,,,,,,,,,,,,,,,,,,,,,,,,,,,,,,,,,,,,,,,,,,,,,,,,,,,,,,,,,,,,,,,,,,,,,,,,,,,,,,,,,,,,,,,,,,,,,,,,,,,,,,,,,,,,,,,,,,No
,,,,,,,Tools,Industrial,General,,576504,576504 65W Led BR40 Med 50k,-- Unbranded --,-- No Unilog Brand --,Philips,Phillips Lighting (5831),Phillips Lighting,,,576504,576504,Tools > Industrial > General,Phillips Lighting 576504 65W Led BR40 Med 50k,PHILLIPS LIGHTING 576504 65W LED BR40 MED 50K,Phillips Lighting 576504 65W Led BR40 Med 50k,Phillips Lighting 65W Led BR40 Med 50k (MPN: 576504) in the Tools > Industrial > General category.,Phillips Lighting 65W Led BR40 Med 50k (576504) in Industrial.,Phillips Lighting 65W Led BR40 Med 50k (576504) in Industrial.,,,,,,,,,,,,,,,,,,,,,,,,,,,,,,,,,,,,,,,,,,,,,,,,,,,,,,,,,,,,,,,,,,,,,,,,,,,,,,,,,,,,,,,,,,,,,,,,,,,,,,,,,,,,,,,,,,,,,,,,,,,,,,,,,,,,,,,,,,,,,,,,,,,,,,,,,,,,,,,,,,,,,,,,,,,,,,,,,,,,,,,,,,,,,,,,,,,,,,,,,,,,,,,,,,,,,,,,,,,,,,,No
,,,,,,,Tools,Industrial,General,,576017,576017 100W Led Par30L Med 30k,-- Unbranded --,-- No Unilog Brand --,Philips,Phillips Lighting (5831),Phillips Lighting,,,576017,576017,Tools > Industrial > General,Phillips Lighting 576017 100W Led Par30L Med 30k,PHILLIPS LIGHTING 576017 100W LED PAR30L MED 30K,Phillips Lighting 576017 100W Led Par30L Med 30k,Phillips Lighting 100W Led Par30L Med 30k (MPN: 576017) in the Tools > Industrial > General category.,Phillips Lighting 100W Led Par30L Med 30k (576017) in Industrial.,Phillips Lighting 100W Led Par30L Med 30k (576017) in Industrial.,,,,,,,,,,,,,,,,,,,,,,,,,,,,,,,,,,,,,,,,,,,,,,,,,,,,,,,,,,,,,,,,,,,,,,,,,,,,,,,,,,,,,,,,,,,,,,,,,,,,,,,,,,,,,,,,,,,,,,,,,,,,,,,,,,,,,,,,,,,,,,,,,,,,,,,,,,,,,,,,,,,,,,,,,,,,,,,,,,,,,,,,,,,,,,,,,,,,,,,,,,,,,,,,,,,,,,,,,,,,,,,No
,,,,,,,Tools,Industrial,General,,574392,574392 40W Led B11 Med 27k 3pk,-- Unbranded --,-- No Unilog Brand --,Philips,Phillips Lighting (5831),Phillips Lighting,,,574392,574392,Tools > Industrial > General,Phillips Lighting 574392 40W Led B11 Med 27k 3pk,PHILLIPS LIGHTING 574392 40W LED B11 MED 27K 3PK,Phillips Lighting 574392 40W Led B11 Med 27k 3pk,Phillips Lighting 40W Led B11 Med 27k 3pk (MPN: 574392) in the Tools > Industrial > General category.,Phillips Lighting 40W Led B11 Med 27k 3pk (574392) in Industrial.,Phillips Lighting 40W Led B11 Med 27k 3pk (574392) in Industrial.,,,,,,,,,,,,,,,,,,,,,,,,,,,,,,,,,,,,,,,,,,,,,,,,,,,,,,,,,,,,,,,,,,,,,,,,,,,,,,,,,,,,,,,,,,,,,,,,,,,,,,,,,,,,,,,,,,,,,,,,,,,,,,,,,,,,,,,,,,,,,,,,,,,,,,,,,,,,,,,,,,,,,,,,,,,,,,,,,,,,,,,,,,,,,,,,,,,,,,,,,,,,,,,,,,,,,,,,,,,,,,,No
,,,,,,,Tools,Industrial,General,,576751,576751 65W Led BR30 Med 3pk,-- Unbranded --,-- No Unilog Brand --,Philips,Phillips Lighting (5831),Phillips Lighting,,,576751,576751,Tools > Industrial > General,Phillips Lighting 576751 65W Led BR30 Med 3pk,PHILLIPS LIGHTING 576751 65W LED BR30 MED 3PK,Phillips Lighting 576751 65W Led BR30 Med 3pk,Phillips Lighting 65W Led BR30 Med 3pk (MPN: 576751) in the Tools > Industrial > General category.,Phillips Lighting 65W Led BR30 Med 3pk (576751) in Industrial.,Phillips Lighting 65W Led BR30 Med 3pk (576751) in Industrial.,,,,,,,,,,,,,,,,,,,,,,,,,,,,,,,,,,,,,,,,,,,,,,,,,,,,,,,,,,,,,,,,,,,,,,,,,,,,,,,,,,,,,,,,,,,,,,,,,,,,,,,,,,,,,,,,,,,,,,,,,,,,,,,,,,,,,,,,,,,,,,,,,,,,,,,,,,,,,,,,,,,,,,,,,,,,,,,,,,,,,,,,,,,,,,,,,,,,,,,,,,,,,,,,,,,,,,,,,,,,,,,No
,,,,,,,Tools,Industrial,General,,583161,583161 Led 65W Med BR30 3pk,-- Unbranded --,-- No Unilog Brand --,Philips,Phillips Lighting (5831),Phillips Lighting,,,583161,583161,Tools > Industrial > General,Phillips Lighting 583161 Led 65W Med BR30 3pk,PHILLIPS LIGHTING 583161 LED 65W MED BR30 3PK,Phillips Lighting 583161 Led 65W Med BR30 3pk,Phillips Lighting Led 65W Med BR30 3pk (MPN: 583161) in the Tools > Industrial > General category.,Phillips Lighting Led 65W Med BR30 3pk (583161) in Industrial.,Phillips Lighting Led 65W Med BR30 3pk (583161) in Industrial.,,,,,,,,,,,,,,,,,,,,,,,,,,,,,,,,,,,,,,,,,,,,,,,,,,,,,,,,,,,,,,,,,,,,,,,,,,,,,,,,,,,,,,,,,,,,,,,,,,,,,,,,,,,,,,,,,,,,,,,,,,,,,,,,,,,,,,,,,,,,,,,,,,,,,,,,,,,,,,,,,,,,,,,,,,,,,,,,,,,,,,,,,,,,,,,,,,,,,,,,,,,,,,,,,,,,,,,,,,,,,,,No
,,,,,,,Tools,Industrial,General,,566695,566695 60W Led Med 27k 3pk,-- Unbranded --,-- No Unilog Brand --,Philips,Phillips Lighting (5831),Phillips Lighting,,,566695,566695,Tools > Industrial > General,Phillips Lighting 566695 60W Led Med 27k 3pk,PHILLIPS LIGHTING 566695 60W LED MED 27K 3PK,Phillips Lighting 566695 60W Led Med 27k 3pk,Phillips Lighting 60W Led Med 27k 3pk (MPN: 566695) in the Tools > Industrial > General category.,Phillips Lighting 60W Led Med 27k 3pk (566695) in Industrial.,Phillips Lighting 60W Led Med 27k 3pk (566695) in Industrial.,,,,,,,,,,,,,,,,,,,,,,,,,,,,,,,,,,,,,,,,,,,,,,,,,,,,,,,,,,,,,,,,,,,,,,,,,,,,,,,,,,,,,,,,,,,,,,,,,,,,,,,,,,,,,,,,,,,,,,,,,,,,,,,,,,,,,,,,,,,,,,,,,,,,,,,,,,,,,,,,,,,,,,,,,,,,,,,,,,,,,,,,,,,,,,,,,,,,,,,,,,,,,,,,,,,,,,,,,,,,,,,No
,,,,,,,Tools,Industrial,General,,577007,577007 125W Led Med 30k Flood,-- Unbranded --,-- No Unilog Brand --,Philips,Phillips Lighting (5831),Phillips Lighting,,,577007,577007,Tools > Industrial > General,Phillips Lighting 577007 125W Led Med 30k Flood,PHILLIPS LIGHTING 577007 125W LED MED 30K FLOOD,Phillips Lighting 577007 125W Led Med 30k Flood,Phillips Lighting 125W Led Med 30k Flood (MPN: 577007) in the Tools > Industrial > General category.,Phillips Lighting 125W Led Med 30k Flood (577007) in Industrial.,Phillips Lighting 125W Led Med 30k Flood (577007) in Industrial.,,,,,,,,,,,,,,,,,,,,,,,,,,,,,,,,,,,,,,,,,,,,,,,,,,,,,,,,,,,,,,,,,,,,,,,,,,,,,,,,,,,,,,,,,,,,,,,,,,,,,,,,,,,,,,,,,,,,,,,,,,,,,,,,,,,,,,,,,,,,,,,,,,,,,,,,,,,,,,,,,,,,,,,,,,,,,,,,,,,,,,,,,,,,,,,,,,,,,,,,,,,,,,,,,,,,,,,,,,,,,,,No
,,,,,,,Tools,Industrial,General,,566653,566653 25W Led Cand 27k 3pk,-- Unbranded --,-- No Unilog Brand --,Philips,Phillips Lighting (5831),Phillips Lighting,,,566653,566653,Tools > Industrial > General,Phillips Lighting 566653 25W Led Cand 27k 3pk,PHILLIPS LIGHTING 566653 25W LED CAND 27K 3PK,Phillips Lighting 566653 25W Led Cand 27k 3pk,Phillips Lighting 25W Led Cand 27k 3pk (MPN: 566653) in the Tools > Industrial > General category.,Phillips Lighting 25W Led Cand 27k 3pk (566653) in Industrial.,Phillips Lighting 25W Led Cand 27k 3pk (566653) in Industrial.,,,,,,,,,,,,,,,,,,,,,,,,,,,,,,,,,,,,,,,,,,,,,,,,,,,,,,,,,,,,,,,,,,,,,,,,,,,,,,,,,,,,,,,,,,,,,,,,,,,,,,,,,,,,,,,,,,,,,,,,,,,,,,,,,,,,,,,,,,,,,,,,,,,,,,,,,,,,,,,,,,,,,,,,,,,,,,,,,,,,,,,,,,,,,,,,,,,,,,,,,,,,,,,,,,,,,,,,,,,,,,,No
,,,,,,,Tools,Industrial,General,,566679,566679 40W Led Med 27k 3pk,-- Unbranded --,-- No Unilog Brand --,Philips,Phillips Lighting (5831),Phillips Lighting,,,566679,566679,Tools > Industrial > General,Phillips Lighting 566679 40W Led Med 27k 3pk,PHILLIPS LIGHTING 566679 40W LED MED 27K 3PK,Phillips Lighting 566679 40W Led Med 27k 3pk,Phillips Lighting 40W Led Med 27k 3pk (MPN: 566679) in the Tools > Industrial > General category.,Phillips Lighting 40W Led Med 27k 3pk (566679) in Industrial.,Phillips Lighting 40W Led Med 27k 3pk (566679) in Industrial.,,,,,,,,,,,,,,,,,,,,,,,,,,,,,,,,,,,,,,,,,,,,,,,,,,,,,,,,,,,,,,,,,,,,,,,,,,,,,,,,,,,,,,,,,,,,,,,,,,,,,,,,,,,,,,,,,,,,,,,,,,,,,,,,,,,,,,,,,,,,,,,,,,,,,,,,,,,,,,,,,,,,,,,,,,,,,,,,,,,,,,,,,,,,,,,,,,,,,,,,,,,,,,,,,,,,,,,,,,,,,,,No
,,,,,,,Tools,Industrial,General,,573311,573311 60W Led Med 27k 2pk,-- Unbranded --,-- No Unilog Brand --,Philips,Phillips Lighting (5831),Phillips Lighting,,,573311,573311,Tools > Industrial > General,Phillips Lighting 573311 60W Led Med 27k 2pk,PHILLIPS LIGHTING 573311 60W LED MED 27K 2PK,Phillips Lighting 573311 60W Led Med 27k 2pk,Phillips Lighting 60W Led Med 27k 2pk (MPN: 573311) in the Tools > Industrial > General category.,Phillips Lighting 60W Led Med 27k 2pk (573311) in Industrial.,Phillips Lighting 60W Led Med 27k 2pk (573311) in Industrial.,,,,,,,,,,,,,,,,,,,,,,,,,,,,,,,,,,,,,,,,,,,,,,,,,,,,,,,,,,,,,,,,,,,,,,,,,,,,,,,,,,,,,,,,,,,,,,,,,,,,,,,,,,,,,,,,,,,,,,,,,,,,,,,,,,,,,,,,,,,,,,,,,,,,,,,,,,,,,,,,,,,,,,,,,,,,,,,,,,,,,,,,,,,,,,,,,,,,,,,,,,,,,,,,,,,,,,,,,,,,,,,No
,,,,,,,Tools,Industrial,General,,573394,573394 60W Led Cand 27k 2pk,-- Unbranded --,-- No Unilog Brand --,Philips,Phillips Lighting (5831),Phillips Lighting,,,573394,573394,Tools > Industrial > General,Phillips Lighting 573394 60W Led Cand 27k 2pk,PHILLIPS LIGHTING 573394 60W LED CAND 27K 2PK,Phillips Lighting 573394 60W Led Cand 27k 2pk,Phillips Lighting 60W Led Cand 27k 2pk (MPN: 573394) in the Tools > Industrial > General category.,Phillips Lighting 60W Led Cand 27k 2pk (573394) in Industrial.,Phillips Lighting 60W Led Cand 27k 2pk (573394) in Industrial.,,,,,,,,,,,,,,,,,,,,,,,,,,,,,,,,,,,,,,,,,,,,,,,,,,,,,,,,,,,,,,,,,,,,,,,,,,,,,,,,,,,,,,,,,,,,,,,,,,,,,,,,,,,,,,,,,,,,,,,,,,,,,,,,,,,,,,,,,,,,,,,,,,,,,,,,,,,,,,,,,,,,,,,,,,,,,,,,,,,,,,,,,,,,,,,,,,,,,,,,,,,,,,,,,,,,,,,,,,,,,,,No
,,,,,,,Tools,Industrial,General,,573329,573329 60W Cand Led 27k 2pk,-- Unbranded --,-- No Unilog Brand --,Philips,Phillips Lighting (5831),Phillips Lighting,,,573329,573329,Tools > Industrial > General,Phillips Lighting 573329 60W Cand Led 27k 2pk,PHILLIPS LIGHTING 573329 60W CAND LED 27K 2PK,Phillips Lighting 573329 60W Cand Led 27k 2pk,Phillips Lighting 60W Cand Led 27k 2pk (MPN: 573329) in the Tools > Industrial > General category.,Phillips Lighting 60W Cand Led 27k 2pk (573329) in Industrial.,Phillips Lighting 60W Cand Led 27k 2pk (573329) in Industrial.,,,,,,,,,,,,,,,,,,,,,,,,,,,,,,,,,,,,,,,,,,,,,,,,,,,,,,,,,,,,,,,,,,,,,,,,,,,,,,,,,,,,,,,,,,,,,,,,,,,,,,,,,,,,,,,,,,,,,,,,,,,,,,,,,,,,,,,,,,,,,,,,,,,,,,,,,,,,,,,,,,,,,,,,,,,,,,,,,,,,,,,,,,,,,,,,,,,,,,,,,,,,,,,,,,,,,,,,,,,,,,,No
,,,,,,,Tools,Industrial,General,,564930,564930 40W Cand Led 50k 3pk,-- Unbranded --,-- No Unilog Brand --,Philips,Phillips Lighting (5831),Phillips Lighting,,,564930,564930,Tools > Industrial > General,Phillips Lighting 564930 40W Cand Led 50k 3pk,PHILLIPS LIGHTING 564930 40W CAND LED 50K 3PK,Phillips Lighting 564930 40W Cand Led 50k 3pk,Phillips Lighting 40W Cand Led 50k 3pk (MPN: 564930) in the Tools > Industrial > General category.,Phillips Lighting 40W Cand Led 50k 3pk (564930) in Industrial.,Phillips Lighting 40W Cand Led 50k 3pk (564930) in Industrial.,,,,,,,,,,,,,,,,,,,,,,,,,,,,,,,,,,,,,,,,,,,,,,,,,,,,,,,,,,,,,,,,,,,,,,,,,,,,,,,,,,,,,,,,,,,,,,,,,,,,,,,,,,,,,,,,,,,,,,,,,,,,,,,,,,,,,,,,,,,,,,,,,,,,,,,,,,,,,,,,,,,,,,,,,,,,,,,,,,,,,,,,,,,,,,,,,,,,,,,,,,,,,,,,,,,,,,,,,,,,,,,No
,,,,,,,Tools,Industrial,General,,565000,565000 60W Led Med 27k 2pk,-- Unbranded --,-- No Unilog Brand --,Philips,Phillips Lighting (5831),Phillips Lighting,,,565000,565000,Tools > Industrial > General,Phillips Lighting 565000 60W Led Med 27k 2pk,PHILLIPS LIGHTING 565000 60W LED MED 27K 2PK,Phillips Lighting 565000 60W Led Med 27k 2pk,Phillips Lighting 60W Led Med 27k 2pk (MPN: 565000) in the Tools > Industrial > General category.,Phillips Lighting 60W Led Med 27k 2pk (565000) in Industrial.,Phillips Lighting 60W Led Med 27k 2pk (565000) in Industrial.,,,,,,,,,,,,,,,,,,,,,,,,,,,,,,,,,,,,,,,,,,,,,,,,,,,,,,,,,,,,,,,,,,,,,,,,,,,,,,,,,,,,,,,,,,,,,,,,,,,,,,,,,,,,,,,,,,,,,,,,,,,,,,,,,,,,,,,,,,,,,,,,,,,,,,,,,,,,,,,,,,,,,,,,,,,,,,,,,,,,,,,,,,,,,,,,,,,,,,,,,,,,,,,,,,,,,,,,,,,,,,,No
,,,,,,,Tools,Industrial,General,,564922,564922 60W Led BA11 50k 3pk,-- Unbranded --,-- No Unilog Brand --,Philips,Phillips Lighting (5831),Phillips Lighting,,,564922,564922,Tools > Industrial > General,Phillips Lighting 564922 60W Led BA11 50k 3pk,PHILLIPS LIGHTING 564922 60W LED BA11 50K 3PK,Phillips Lighting 564922 60W Led BA11 50k 3pk,Phillips Lighting 60W Led BA11 50k 3pk (MPN: 564922) in the Tools > Industrial > General category.,Phillips Lighting 60W Led BA11 50k 3pk (564922) in Industrial.,Phillips Lighting 60W Led BA11 50k 3pk (564922) in Industrial.,,,,,,,,,,,,,,,,,,,,,,,,,,,,,,,,,,,,,,,,,,,,,,,,,,,,,,,,,,,,,,,,,,,,,,,,,,,,,,,,,,,,,,,,,,,,,,,,,,,,,,,,,,,,,,,,,,,,,,,,,,,,,,,,,,,,,,,,,,,,,,,,,,,,,,,,,,,,,,,,,,,,,,,,,,,,,,,,,,,,,,,,,,,,,,,,,,,,,,,,,,,,,,,,,,,,,,,,,,,,,,,No
,,,,,,,Tools,Industrial,General,,573295,573295 40W Led Med 27k 2pk,-- Unbranded --,-- No Unilog Brand --,Philips,Phillips Lighting (5831),Phillips Lighting,,,573295,573295,Tools > Industrial > General,Phillips Lighting 573295 40W Led Med 27k 2pk,PHILLIPS LIGHTING 573295 40W LED MED 27K 2PK,Phillips Lighting 573295 40W Led Med 27k 2pk,Phillips Lighting 40W Led Med 27k 2pk (MPN: 573295) in the Tools > Industrial > General category.,Phillips Lighting 40W Led Med 27k 2pk (573295) in Industrial.,Phillips Lighting 40W Led Med 27k 2pk (573295) in Industrial.,,,,,,,,,,,,,,,,,,,,,,,,,,,,,,,,,,,,,,,,,,,,,,,,,,,,,,,,,,,,,,,,,,,,,,,,,,,,,,,,,,,,,,,,,,,,,,,,,,,,,,,,,,,,,,,,,,,,,,,,,,,,,,,,,,,,,,,,,,,,,,,,,,,,,,,,,,,,,,,,,,,,,,,,,,,,,,,,,,,,,,,,,,,,,,,,,,,,,,,,,,,,,,,,,,,,,,,,,,,,,,,No
,,,,,,,Tools,Industrial,General,,564914,564914 60W Med Led 50k 2pk,-- Unbranded --,-- No Unilog Brand --,Philips,Phillips Lighting (5831),Phillips Lighting,,,564914,564914,Tools > Industrial > General,Phillips Lighting 564914 60W Med Led 50k 2pk,PHILLIPS LIGHTING 564914 60W MED LED 50K 2PK,Phillips Lighting 564914 60W Med Led 50k 2pk,Phillips Lighting 60W Med Led 50k 2pk (MPN: 564914) in the Tools > Industrial > General category.,Phillips Lighting 60W Med Led 50k 2pk (564914) in Industrial.,Phillips Lighting 60W Med Led 50k 2pk (564914) in Industrial.,,,,,,,,,,,,,,,,,,,,,,,,,,,,,,,,,,,,,,,,,,,,,,,,,,,,,,,,,,,,,,,,,,,,,,,,,,,,,,,,,,,,,,,,,,,,,,,,,,,,,,,,,,,,,,,,,,,,,,,,,,,,,,,,,,,,,,,,,,,,,,,,,,,,,,,,,,,,,,,,,,,,,,,,,,,,,,,,,,,,,,,,,,,,,,,,,,,,,,,,,,,,,,,,,,,,,,,,,,,,,,,No
,,,,,,,Tools,Industrial,General,,573485,573485 60W Led A19 Med 50k 2pk,-- Unbranded --,-- No Unilog Brand --,Philips,Phillips Lighting (5831),Phillips Lighting,,,573485,573485,Tools > Industrial > General,Phillips Lighting 573485 60W Led A19 Med 50k 2pk,PHILLIPS LIGHTING 573485 60W LED A19 MED 50K 2PK,Phillips Lighting 573485 60W Led A19 Med 50k 2pk,Phillips Lighting 60W Led A19 Med 50k 2pk (MPN: 573485) in the Tools > Industrial > General category.,Phillips Lighting 60W Led A19 Med 50k 2pk (573485) in Industrial.,Phillips Lighting 60W Led A19 Med 50k 2pk (573485) in Industrial.,,,,,,,,,,,,,,,,,,,,,,,,,,,,,,,,,,,,,,,,,,,,,,,,,,,,,,,,,,,,,,,,,,,,,,,,,,,,,,,,,,,,,,,,,,,,,,,,,,,,,,,,,,,,,,,,,,,,,,,,,,,,,,,,,,,,,,,,,,,,,,,,,,,,,,,,,,,,,,,,,,,,,,,,,,,,,,,,,,,,,,,,,,,,,,,,,,,,,,,,,,,,,,,,,,,,,,,,,,,,,,,No
,,,,,,,Tools,Industrial,General,,573337,573337 40W Led G25 Med 50k 2pk,-- Unbranded --,-- No Unilog Brand --,Philips,Phillips Lighting (5831),Phillips Lighting,,,573337,573337,Tools > Industrial > General,Phillips Lighting 573337 40W Led G25 Med 50k 2pk,PHILLIPS LIGHTING 573337 40W LED G25 MED 50K 2PK,Phillips Lighting 573337 40W Led G25 Med 50k 2pk,Phillips Lighting 40W Led G25 Med 50k 2pk (MPN: 573337) in the Tools > Industrial > General category.,Phillips Lighting 40W Led G25 Med 50k 2pk (573337) in Industrial.,Phillips Lighting 40W Led G25 Med 50k 2pk (573337) in Industrial.,,,,,,,,,,,,,,,,,,,,,,,,,,,,,,,,,,,,,,,,,,,,,,,,,,,,,,,,,,,,,,,,,,,,,,,,,,,,,,,,,,,,,,,,,,,,,,,,,,,,,,,,,,,,,,,,,,,,,,,,,,,,,,,,,,,,,,,,,,,,,,,,,,,,,,,,,,,,,,,,,,,,,,,,,,,,,,,,,,,,,,,,,,,,,,,,,,,,,,,,,,,,,,,,,,,,,,,,,,,,,,,No
,,,,,,,Tools,Industrial,General,,544874,544874 32W Led T8 UBulb 40k,-- Unbranded --,-- No Unilog Brand --,Philips,Phillips Lighting (5831),Phillips Lighting,,,544874,544874,Tools > Industrial > General,Phillips Lighting 544874 32W Led T8 UBulb 40k,PHILLIPS LIGHTING 544874 32W LED T8 UBULB 40K,Phillips Lighting 544874 32W Led T8 UBulb 40k,Phillips Lighting 32W Led T8 UBulb 40k (MPN: 544874) in the Tools > Industrial > General category.,Phillips Lighting 32W Led T8 UBulb 40k (544874) in Industrial.,Phillips Lighting 32W Led T8 UBulb 40k (544874) in Industrial.,,,,,,,,,,,,,,,,,,,,,,,,,,,,,,,,,,,,,,,,,,,,,,,,,,,,,,,,,,,,,,,,,,,,,,,,,,,,,,,,,,,,,,,,,,,,,,,,,,,,,,,,,,,,,,,,,,,,,,,,,,,,,,,,,,,,,,,,,,,,,,,,,,,,,,,,,,,,,,,,,,,,,,,,,,,,,,,,,,,,,,,,,,,,,,,,,,,,,,,,,,,,,,,,,,,,,,,,,,,,,,,No
,,,,,,,Tools,Industrial,General,,570846,570846 50W Led Med 22K 2pk,-- Unbranded --,-- No Unilog Brand --,Philips,Phillips Lighting (5831),Phillips Lighting,,,570846,570846,Tools > Industrial > General,Phillips Lighting 570846 50W Led Med 22K 2pk,PHILLIPS LIGHTING 570846 50W LED MED 22K 2PK,Phillips Lighting 570846 50W Led Med 22K 2pk,Phillips Lighting 50W Led Med 22K 2pk (MPN: 570846) in the Tools > Industrial > General category.,Phillips Lighting 50W Led Med 22K 2pk (570846) in Industrial.,Phillips Lighting 50W Led Med 22K 2pk (570846) in Industrial.,,,,,,,,,,,,,,,,,,,,,,,,,,,,,,,,,,,,,,,,,,,,,,,,,,,,,,,,,,,,,,,,,,,,,,,,,,,,,,,,,,,,,,,,,,,,,,,,,,,,,,,,,,,,,,,,,,,,,,,,,,,,,,,,,,,,,,,,,,,,,,,,,,,,,,,,,,,,,,,,,,,,,,,,,,,,,,,,,,,,,,,,,,,,,,,,,,,,,,,,,,,,,,,,,,,,,,,,,,,,,,,No
,,,,,,,Tools,Industrial,General,,565473,565473 60W Led A19 Bulb 2pk,-- Unbranded --,-- No Unilog Brand --,Philips,Phillips Lighting (5831),Phillips Lighting,,,565473,565473,Tools > Industrial > General,Phillips Lighting 565473 60W Led A19 Bulb 2pk,PHILLIPS LIGHTING 565473 60W LED A19 BULB 2PK,Phillips Lighting 565473 60W Led A19 Bulb 2pk,Phillips Lighting 60W Led A19 Bulb 2pk (MPN: 565473) in the Tools > Industrial > General category.,Phillips Lighting 60W Led A19 Bulb 2pk (565473) in Industrial.,Phillips Lighting 60W Led A19 Bulb 2pk (565473) in Industrial.,,,,,,,,,,,,,,,,,,,,,,,,,,,,,,,,,,,,,,,,,,,,,,,,,,,,,,,,,,,,,,,,,,,,,,,,,,,,,,,,,,,,,,,,,,,,,,,,,,,,,,,,,,,,,,,,,,,,,,,,,,,,,,,,,,,,,,,,,,,,,,,,,,,,,,,,,,,,,,,,,,,,,,,,,,,,,,,,,,,,,,,,,,,,,,,,,,,,,,,,,,,,,,,,,,,,,,,,,,,,,,,No
,,,,,,,Tools,Industrial,General,,573402,573402 60W Led Med 50k 2pk,-- Unbranded --,-- No Unilog Brand --,Philips,Phillips Lighting (5831),Phillips Lighting,,,573402,573402,Tools > Industrial > General,Phillips Lighting 573402 60W Led Med 50k 2pk,PHILLIPS LIGHTING 573402 60W LED MED 50K 2PK,Phillips Lighting 573402 60W Led Med 50k 2pk,Phillips Lighting 60W Led Med 50k 2pk (MPN: 573402) in the Tools > Industrial > General category.,Phillips Lighting 60W Led Med 50k 2pk (573402) in Industrial.,Phillips Lighting 60W Led Med 50k 2pk (573402) in Industrial.,,,,,,,,,,,,,,,,,,,,,,,,,,,,,,,,,,,,,,,,,,,,,,,,,,,,,,,,,,,,,,,,,,,,,,,,,,,,,,,,,,,,,,,,,,,,,,,,,,,,,,,,,,,,,,,,,,,,,,,,,,,,,,,,,,,,,,,,,,,,,,,,,,,,,,,,,,,,,,,,,,,,,,,,,,,,,,,,,,,,,,,,,,,,,,,,,,,,,,,,,,,,,,,,,,,,,,,,,,,,,,,No
,,,,,,,Tools,Industrial,General,,573352,573352 40W Led Med 27k 2pk,-- Unbranded --,-- No Unilog Brand --,Philips,Phillips Lighting (5831),Phillips Lighting,,,573352,573352,Tools > Industrial > General,Phillips Lighting 573352 40W Led Med 27k 2pk,PHILLIPS LIGHTING 573352 40W LED MED 27K 2PK,Phillips Lighting 573352 40W Led Med 27k 2pk,Phillips Lighting 40W Led Med 27k 2pk (MPN: 573352) in the Tools > Industrial > General category.,Phillips Lighting 40W Led Med 27k 2pk (573352) in Industrial.,Phillips Lighting 40W Led Med 27k 2pk (573352) in Industrial.,,,,,,,,,,,,,,,,,,,,,,,,,,,,,,,,,,,,,,,,,,,,,,,,,,,,,,,,,,,,,,,,,,,,,,,,,,,,,,,,,,,,,,,,,,,,,,,,,,,,,,,,,,,,,,,,,,,,,,,,,,,,,,,,,,,,,,,,,,,,,,,,,,,,,,,,,,,,,,,,,,,,,,,,,,,,,,,,,,,,,,,,,,,,,,,,,,,,,,,,,,,,,,,,,,,,,,,,,,,,,,,No
,,,,,,,Tools,Industrial,General,,573428,573428 40W Med Led 50k 2pk,-- Unbranded --,-- No Unilog Brand --,Philips,Phillips Lighting (5831),Phillips Lighting,,,573428,573428,Tools > Industrial > General,Phillips Lighting 573428 40W Med Led 50k 2pk,PHILLIPS LIGHTING 573428 40W MED LED 50K 2PK,Phillips Lighting 573428 40W Med Led 50k 2pk,Phillips Lighting 40W Med Led 50k 2pk (MPN: 573428) in the Tools > Industrial > General category.,Phillips Lighting 40W Med Led 50k 2pk (573428) in Industrial.,Phillips Lighting 40W Med Led 50k 2pk (573428) in Industrial.,,,,,,,,,,,,,,,,,,,,,,,,,,,,,,,,,,,,,,,,,,,,,,,,,,,,,,,,,,,,,,,,,,,,,,,,,,,,,,,,,,,,,,,,,,,,,,,,,,,,,,,,,,,,,,,,,,,,,,,,,,,,,,,,,,,,,,,,,,,,,,,,,,,,,,,,,,,,,,,,,,,,,,,,,,,,,,,,,,,,,,,,,,,,,,,,,,,,,,,,,,,,,,,,,,,,,,,,,,,,,,,No
,,,,,,,Tools,Industrial,General,,573386,573386 60W Led Med 27k 2pk,-- Unbranded --,-- No Unilog Brand --,Philips,Phillips Lighting (5831),Phillips Lighting,,,573386,573386,Tools > Industrial > General,Phillips Lighting 573386 60W Led Med 27k 2pk,PHILLIPS LIGHTING 573386 60W LED MED 27K 2PK,Phillips Lighting 573386 60W Led Med 27k 2pk,Phillips Lighting 60W Led Med 27k 2pk (MPN: 573386) in the Tools > Industrial > General category.,Phillips Lighting 60W Led Med 27k 2pk (573386) in Industrial.,Phillips Lighting 60W Led Med 27k 2pk (573386) in Industrial.,,,,,,,,,,,,,,,,,,,,,,,,,,,,,,,,,,,,,,,,,,,,,,,,,,,,,,,,,,,,,,,,,,,,,,,,,,,,,,,,,,,,,,,,,,,,,,,,,,,,,,,,,,,,,,,,,,,,,,,,,,,,,,,,,,,,,,,,,,,,,,,,,,,,,,,,,,,,,,,,,,,,,,,,,,,,,,,,,,,,,,,,,,,,,,,,,,,,,,,,,,,,,,,,,,,,,,,,,,,,,,,No
,,,,,,,Tools,Industrial,General,,564948,564948 40W Led Med 50k 3pk,-- Unbranded --,-- No Unilog Brand --,Philips,Phillips Lighting (5831),Phillips Lighting,,,564948,564948,Tools > Industrial > General,Phillips Lighting 564948 40W Led Med 50k 3pk,PHILLIPS LIGHTING 564948 40W LED MED 50K 3PK,Phillips Lighting 564948 40W Led Med 50k 3pk,Phillips Lighting 40W Led Med 50k 3pk (MPN: 564948) in the Tools > Industrial > General category.,Phillips Lighting 40W Led Med 50k 3pk (564948) in Industrial.,Phillips Lighting 40W Led Med 50k 3pk (564948) in Industrial.,,,,,,,,,,,,,,,,,,,,,,,,,,,,,,,,,,,,,,,,,,,,,,,,,,,,,,,,,,,,,,,,,,,,,,,,,,,,,,,,,,,,,,,,,,,,,,,,,,,,,,,,,,,,,,,,,,,,,,,,,,,,,,,,,,,,,,,,,,,,,,,,,,,,,,,,,,,,,,,,,,,,,,,,,,,,,,,,,,,,,,,,,,,,,,,,,,,,,,,,,,,,,,,,,,,,,,,,,,,,,,,No
,,,,,,,Tools,Industrial,General,,573303,573303 40W Led Cand 27k 2pk,-- Unbranded --,-- No Unilog Brand --,Philips,Phillips Lighting (5831),Phillips Lighting,,,573303,573303,Tools > Industrial > General,Phillips Lighting 573303 40W Led Cand 27k 2pk,PHILLIPS LIGHTING 573303 40W LED CAND 27K 2PK,Phillips Lighting 573303 40W Led Cand 27k 2pk,Phillips Lighting 40W Led Cand 27k 2pk (MPN: 573303) in the Tools > Industrial > General category.,Phillips Lighting 40W Led Cand 27k 2pk (573303) in Industrial.,Phillips Lighting 40W Led Cand 27k 2pk (573303) in Industrial.,,,,,,,,,,,,,,,,,,,,,,,,,,,,,,,,,,,,,,,,,,,,,,,,,,,,,,,,,,,,,,,,,,,,,,,,,,,,,,,,,,,,,,,,,,,,,,,,,,,,,,,,,,,,,,,,,,,,,,,,,,,,,,,,,,,,,,,,,,,,,,,,,,,,,,,,,,,,,,,,,,,,,,,,,,,,,,,,,,,,,,,,,,,,,,,,,,,,,,,,,,,,,,,,,,,,,,,,,,,,,,,No
,,,,,,,Tools,Industrial,General,,573188,573188 250W Led Par38 Med 50k,-- Unbranded --,-- No Unilog Brand --,Philips,Phillips Lighting (5831),Phillips Lighting,,,573188,573188,Tools > Industrial > General,Phillips Lighting 573188 250W Led Par38 Med 50k,PHILLIPS LIGHTING 573188 250W LED PAR38 MED 50K,Phillips Lighting 573188 250W Led Par38 Med 50k,Phillips Lighting 250W Led Par38 Med 50k (MPN: 573188) in the Tools > Industrial > General category.,Phillips Lighting 250W Led Par38 Med 50k (573188) in Industrial.,Phillips Lighting 250W Led Par38 Med 50k (573188) in Industrial.,,,,,,,,,,,,,,,,,,,,,,,,,,,,,,,,,,,,,,,,,,,,,,,,,,,,,,,,,,,,,,,,,,,,,,,,,,,,,,,,,,,,,,,,,,,,,,,,,,,,,,,,,,,,,,,,,,,,,,,,,,,,,,,,,,,,,,,,,,,,,,,,,,,,,,,,,,,,,,,,,,,,,,,,,,,,,,,,,,,,,,,,,,,,,,,,,,,,,,,,,,,,,,,,,,,,,,,,,,,,,,,No
,,,,,,,Tools,Industrial,General,,573469,573469 40W Led A19 Med 50k 2pk,-- Unbranded --,-- No Unilog Brand --,Philips,Phillips Lighting (5831),Phillips Lighting,,,573469,573469,Tools > Industrial > General,Phillips Lighting 573469 40W Led A19 Med 50k 2pk,PHILLIPS LIGHTING 573469 40W LED A19 MED 50K 2PK,Phillips Lighting 573469 40W Led A19 Med 50k 2pk,Phillips Lighting 40W Led A19 Med 50k 2pk (MPN: 573469) in the Tools > Industrial > General category.,Phillips Lighting 40W Led A19 Med 50k 2pk (573469) in Industrial.,Phillips Lighting 40W Led A19 Med 50k 2pk (573469) in Industrial.,,,,,,,,,,,,,,,,,,,,,,,,,,,,,,,,,,,,,,,,,,,,,,,,,,,,,,,,,,,,,,,,,,,,,,,,,,,,,,,,,,,,,,,,,,,,,,,,,,,,,,,,,,,,,,,,,,,,,,,,,,,,,,,,,,,,,,,,,,,,,,,,,,,,,,,,,,,,,,,,,,,,,,,,,,,,,,,,,,,,,,,,,,,,,,,,,,,,,,,,,,,,,,,,,,,,,,,,,,,,,,,No
,,,,,,,Tools,Industrial,General,,565671,565671 25W Led Med 20K,-- Unbranded --,-- No Unilog Brand --,Philips,Phillips Lighting (5831),Phillips Lighting,,,565671,565671,Tools > Industrial > General,Phillips Lighting 565671 25W Led Med 20K,PHILLIPS LIGHTING 565671 25W LED MED 20K,Phillips Lighting 565671 25W Led Med 20K,Phillips Lighting 25W Led Med 20K (MPN: 565671) in the Tools > Industrial > General category.,Phillips Lighting 25W Led Med 20K (565671) in Industrial.,Phillips Lighting 25W Led Med 20K (565671) in Industrial.,,,,,,,,,,,,,,,,,,,,,,,,,,,,,,,,,,,,,,,,,,,,,,,,,,,,,,,,,,,,,,,,,,,,,,,,,,,,,,,,,,,,,,,,,,,,,,,,,,,,,,,,,,,,,,,,,,,,,,,,,,,,,,,,,,,,,,,,,,,,,,,,,,,,,,,,,,,,,,,,,,,,,,,,,,,,,,,,,,,,,,,,,,,,,,,,,,,,,,,,,,,,,,,,,,,,,,,,,,,,,,,No
,,,,,,,Tools,Industrial,General,,573204,573204 75W Led Par20 Med 50k,-- Unbranded --,-- No Unilog Brand --,Philips,Phillips Lighting (5831),Phillips Lighting,,,573204,573204,Tools > Industrial > General,Phillips Lighting 573204 75W Led Par20 Med 50k,PHILLIPS LIGHTING 573204 75W LED PAR20 MED 50K,Phillips Lighting 573204 75W Led Par20 Med 50k,Phillips Lighting 75W Led Par20 Med 50k (MPN: 573204) in the Tools > Industrial > General category.,Phillips Lighting 75W Led Par20 Med 50k (573204) in Industrial.,Phillips Lighting 75W Led Par20 Med 50k (573204) in Industrial.,,,,,,,,,,,,,,,,,,,,,,,,,,,,,,,,,,,,,,,,,,,,,,,,,,,,,,,,,,,,,,,,,,,,,,,,,,,,,,,,,,,,,,,,,,,,,,,,,,,,,,,,,,,,,,,,,,,,,,,,,,,,,,,,,,,,,,,,,,,,,,,,,,,,,,,,,,,,,,,,,,,,,,,,,,,,,,,,,,,,,,,,,,,,,,,,,,,,,,,,,,,,,,,,,,,,,,,,,,,,,,,No
,,,,,,,Tools,Industrial,General,,581199,581199 60W Led Med 2pk,-- Unbranded --,-- No Unilog Brand --,Philips,Phillips Lighting (5831),Phillips Lighting,,,581199,581199,Tools > Industrial > General,Phillips Lighting 581199 60W Led Med 2pk,PHILLIPS LIGHTING 581199 60W LED MED 2PK,Phillips Lighting 581199 60W Led Med 2pk,Phillips Lighting 60W Led Med 2pk (MPN: 581199) in the Tools > Industrial > General category.,Phillips Lighting 60W Led Med 2pk (581199) in Industrial.,Phillips Lighting 60W Led Med 2pk (581199) in Industrial.,,,,,,,,,,,,,,,,,,,,,,,,,,,,,,,,,,,,,,,,,,,,,,,,,,,,,,,,,,,,,,,,,,,,,,,,,,,,,,,,,,,,,,,,,,,,,,,,,,,,,,,,,,,,,,,,,,,,,,,,,,,,,,,,,,,,,,,,,,,,,,,,,,,,,,,,,,,,,,,,,,,,,,,,,,,,,,,,,,,,,,,,,,,,,,,,,,,,,,,,,,,,,,,,,,,,,,,,,,,,,,,No
,,,,,,,Tools,Industrial,General,,565887,565887 60W Led Med 20k,-- Unbranded --,-- No Unilog Brand --,Philips,Phillips Lighting (5831),Phillips Lighting,,,565887,565887,Tools > Industrial > General,Phillips Lighting 565887 60W Led Med 20k,PHILLIPS LIGHTING 565887 60W LED MED 20K,Phillips Lighting 565887 60W Led Med 20k,Phillips Lighting 60W Led Med 20k (MPN: 565887) in the Tools > Industrial > General category.,Phillips Lighting 60W Led Med 20k (565887) in Industrial.,Phillips Lighting 60W Led Med 20k (565887) in Industrial.,,,,,,,,,,,,,,,,,,,,,,,,,,,,,,,,,,,,,,,,,,,,,,,,,,,,,,,,,,,,,,,,,,,,,,,,,,,,,,,,,,,,,,,,,,,,,,,,,,,,,,,,,,,,,,,,,,,,,,,,,,,,,,,,,,,,,,,,,,,,,,,,,,,,,,,,,,,,,,,,,,,,,,,,,,,,,,,,,,,,,,,,,,,,,,,,,,,,,,,,,,,,,,,,,,,,,,,,,,,,,,,No
,,,,,,,Tools,Industrial,General,,586867,586867 60W Led Med 27K,-- Unbranded --,-- No Unilog Brand --,Philips,Phillips Lighting (5831),Phillips Lighting,,,586867,586867,Tools > Industrial > General,Phillips Lighting 586867 60W Led Med 27K,PHILLIPS LIGHTING 586867 60W LED MED 27K,Phillips Lighting 586867 60W Led Med 27K,Phillips Lighting 60W Led Med 27K (MPN: 586867) in the Tools > Industrial > General category.,Phillips Lighting 60W Led Med 27K (586867) in Industrial.,Phillips Lighting 60W Led Med 27K (586867) in Industrial.,,,,,,,,,,,,,,,,,,,,,,,,,,,,,,,,,,,,,,,,,,,,,,,,,,,,,,,,,,,,,,,,,,,,,,,,,,,,,,,,,,,,,,,,,,,,,,,,,,,,,,,,,,,,,,,,,,,,,,,,,,,,,,,,,,,,,,,,,,,,,,,,,,,,,,,,,,,,,,,,,,,,,,,,,,,,,,,,,,,,,,,,,,,,,,,,,,,,,,,,,,,,,,,,,,,,,,,,,,,,,,,No
,,,,,,,Tools,Industrial,General,,568451,5686451 50W Led Med 50k 2pk,-- Unbranded --,-- No Unilog Brand --,Philips,Phillips Lighting (5831),Phillips Lighting,,,568451,568451,Tools > Industrial > General,Phillips Lighting 568451 5686451 50W Led Med 50k 2pk,PHILLIPS LIGHTING 568451 5686451 50W LED MED 50K 2PK,Phillips Lighting 568451 5686451 50W Led Med 50k 2pk,Phillips Lighting 5686451 50W Led Med 50k 2pk (MPN: 568451) in the Tools > Industrial > General category.,Phillips Lighting 5686451 50W Led Med 50k 2pk (568451) in Industrial.,Phillips Lighting 5686451 50W Led Med 50k 2pk (568451) in Industrial.,,,,,,,,,,,,,,,,,,,,,,,,,,,,,,,,,,,,,,,,,,,,,,,,,,,,,,,,,,,,,,,,,,,,,,,,,,,,,,,,,,,,,,,,,,,,,,,,,,,,,,,,,,,,,,,,,,,,,,,,,,,,,,,,,,,,,,,,,,,,,,,,,,,,,,,,,,,,,,,,,,,,,,,,,,,,,,,,,,,,,,,,,,,,,,,,,,,,,,,,,,,,,,,,,,,,,,,,,,,,,,,No
,,,,,,,Tools,Industrial,General,,568444,568444 90W Led Par38 50k 2pk,-- Unbranded --,-- No Unilog Brand --,Philips,Phillips Lighting (5831),Phillips Lighting,,,568444,568444,Tools > Industrial > General,Phillips Lighting 568444 90W Led Par38 50k 2pk,PHILLIPS LIGHTING 568444 90W LED PAR38 50K 2PK,Phillips Lighting 568444 90W Led Par38 50k 2pk,Phillips Lighting 90W Led Par38 50k 2pk (MPN: 568444) in the Tools > Industrial > General category.,Phillips Lighting 90W Led Par38 50k 2pk (568444) in Industrial.,Phillips Lighting 90W Led Par38 50k 2pk (568444) in Industrial.,,,,,,,,,,,,,,,,,,,,,,,,,,,,,,,,,,,,,,,,,,,,,,,,,,,,,,,,,,,,,,,,,,,,,,,,,,,,,,,,,,,,,,,,,,,,,,,,,,,,,,,,,,,,,,,,,,,,,,,,,,,,,,,,,,,,,,,,,,,,,,,,,,,,,,,,,,,,,,,,,,,,,,,,,,,,,,,,,,,,,,,,,,,,,,,,,,,,,,,,,,,,,,,,,,,,,,,,,,,,,,,No
,,,,,,,Tools,Industrial,General,,573196,573196 75W Led Med 30K,-- Unbranded --,-- No Unilog Brand --,Philips,Phillips Lighting (5831),Phillips Lighting,,,573196,573196,Tools > Industrial > General,Phillips Lighting 573196 75W Led Med 30K,PHILLIPS LIGHTING 573196 75W LED MED 30K,Phillips Lighting 573196 75W Led Med 30K,Phillips Lighting 75W Led Med 30K (MPN: 573196) in the Tools > Industrial > General category.,Phillips Lighting 75W Led Med 30K (573196) in Industrial.,Phillips Lighting 75W Led Med 30K (573196) in Industrial.,,,,,,,,,,,,,,,,,,,,,,,,,,,,,,,,,,,,,,,,,,,,,,,,,,,,,,,,,,,,,,,,,,,,,,,,,,,,,,,,,,,,,,,,,,,,,,,,,,,,,,,,,,,,,,,,,,,,,,,,,,,,,,,,,,,,,,,,,,,,,,,,,,,,,,,,,,,,,,,,,,,,,,,,,,,,,,,,,,,,,,,,,,,,,,,,,,,,,,,,,,,,,,,,,,,,,,,,,,,,,,,No
,,,,,,,Tools,Industrial,General,,564500,564500 75W Adj Base 50k 3pk,-- Unbranded --,-- No Unilog Brand --,Philips,Phillips Lighting (5831),Phillips Lighting,,,564500,564500,Tools > Industrial > General,Phillips Lighting 564500 75W Adj Base 50k 3pk,PHILLIPS LIGHTING 564500 75W ADJ BASE 50K 3PK,Phillips Lighting 564500 75W Adj Base 50k 3pk,Phillips Lighting 75W Adj Base 50k 3pk (MPN: 564500) in the Tools > Industrial > General category.,Phillips Lighting 75W Adj Base 50k 3pk (564500) in Industrial.,Phillips Lighting 75W Adj Base 50k 3pk (564500) in Industrial.,,,,,,,,,,,,,,,,,,,,,,,,,,,,,,,,,,,,,,,,,,,,,,,,,,,,,,,,,,,,,,,,,,,,,,,,,,,,,,,,,,,,,,,,,,,,,,,,,,,,,,,,,,,,,,,,,,,,,,,,,,,,,,,,,,,,,,,,,,,,,,,,,,,,,,,,,,,,,,,,,,,,,,,,,,,,,,,,,,,,,,,,,,,,,,,,,,,,,,,,,,,,,,,,,,,,,,,,,,,,,,,No
,,,,,,,Tools,Industrial,General,,571513,571513 40/60/100 Led Med 27k,-- Unbranded --,-- No Unilog Brand --,Philips,Phillips Lighting (5831),Phillips Lighting,,,571513,571513,Tools > Industrial > General,Phillips Lighting 571513 40/60/100 Led Med 27k,PHILLIPS LIGHTING 571513 40/60/100 LED MED 27K,Phillips Lighting 571513 40/60/100 Led Med 27k,Phillips Lighting 40/60/100 Led Med 27k (MPN: 571513) in the Tools > Industrial > General category.,Phillips Lighting 40/60/100 Led Med 27k (571513) in Industrial.,Phillips Lighting 40/60/100 Led Med 27k (571513) in Industrial.,,,,,,,,,,,,,,,,,,,,,,,,,,,,,,,,,,,,,,,,,,,,,,,,,,,,,,,,,,,,,,,,,,,,,,,,,,,,,,,,,,,,,,,,,,,,,,,,,,,,,,,,,,,,,,,,,,,,,,,,,,,,,,,,,,,,,,,,,,,,,,,,,,,,,,,,,,,,,,,,,,,,,,,,,,,,,,,,,,,,,,,,,,,,,,,,,,,,,,,,,,,,,,,,,,,,,,,,,,,,,,,No
,,,,,,,Tools,Industrial,General,,588566,588566 40W Led Med 55k 3pk,-- Unbranded --,-- No Unilog Brand --,Philips,Phillips Lighting (5831),Phillips Lighting,,,588566,588566,Tools > Industrial > General,Phillips Lighting 588566 40W Led Med 55k 3pk,PHILLIPS LIGHTING 588566 40W LED MED 55K 3PK,Phillips Lighting 588566 40W Led Med 55k 3pk,Phillips Lighting 40W Led Med 55k 3pk (MPN: 588566) in the Tools > Industrial > General category.,Phillips Lighting 40W Led Med 55k 3pk (588566) in Industrial.,Phillips Lighting 40W Led Med 55k 3pk (588566) in Industrial.,,,,,,,,,,,,,,,,,,,,,,,,,,,,,,,,,,,,,,,,,,,,,,,,,,,,,,,,,,,,,,,,,,,,,,,,,,,,,,,,,,,,,,,,,,,,,,,,,,,,,,,,,,,,,,,,,,,,,,,,,,,,,,,,,,,,,,,,,,,,,,,,,,,,,,,,,,,,,,,,,,,,,,,,,,,,,,,,,,,,,,,,,,,,,,,,,,,,,,,,,,,,,,,,,,,,,,,,,,,,,,,No
,,,,,,,Tools,Industrial,General,,565655,565655 25W Led A15 Med 20k,-- Unbranded --,-- No Unilog Brand --,Philips,Phillips Lighting (5831),Phillips Lighting,,,565655,565655,Tools > Industrial > General,Phillips Lighting 565655 25W Led A15 Med 20k,PHILLIPS LIGHTING 565655 25W LED A15 MED 20K,Phillips Lighting 565655 25W Led A15 Med 20k,Phillips Lighting 25W Led A15 Med 20k (MPN: 565655) in the Tools > Industrial > General category.,Phillips Lighting 25W Led A15 Med 20k (565655) in Industrial.,Phillips Lighting 25W Led A15 Med 20k (565655) in Industrial.,,,,,,,,,,,,,,,,,,,,,,,,,,,,,,,,,,,,,,,,,,,,,,,,,,,,,,,,,,,,,,,,,,,,,,,,,,,,,,,,,,,,,,,,,,,,,,,,,,,,,,,,,,,,,,,,,,,,,,,,,,,,,,,,,,,,,,,,,,,,,,,,,,,,,,,,,,,,,,,,,,,,,,,,,,,,,,,,,,,,,,,,,,,,,,,,,,,,,,,,,,,,,,,,,,,,,,,,,,,,,,,No
,,,,,,,Tools,Industrial,General,,565812,565812 60W Med Led 50k,-- Unbranded --,-- No Unilog Brand --,Philips,Phillips Lighting (5831),Phillips Lighting,,,565812,565812,Tools > Industrial > General,Phillips Lighting 565812 60W Med Led 50k,PHILLIPS LIGHTING 565812 60W MED LED 50K,Phillips Lighting 565812 60W Med Led 50k,Phillips Lighting 60W Med Led 50k (MPN: 565812) in the Tools > Industrial > General category.,Phillips Lighting 60W Med Led 50k (565812) in Industrial.,Phillips Lighting 60W Med Led 50k (565812) in Industrial.,,,,,,,,,,,,,,,,,,,,,,,,,,,,,,,,,,,,,,,,,,,,,,,,,,,,,,,,,,,,,,,,,,,,,,,,,,,,,,,,,,,,,,,,,,,,,,,,,,,,,,,,,,,,,,,,,,,,,,,,,,,,,,,,,,,,,,,,,,,,,,,,,,,,,,,,,,,,,,,,,,,,,,,,,,,,,,,,,,,,,,,,,,,,,,,,,,,,,,,,,,,,,,,,,,,,,,,,,,,,,,,No
,,,,,,,Tools,Industrial,General,,586917,586917 40W Led Cand 27K 2pk,-- Unbranded --,-- No Unilog Brand --,Philips,Phillips Lighting (5831),Phillips Lighting,,,586917,586917,Tools > Industrial > General,Phillips Lighting 586917 40W Led Cand 27K 2pk,PHILLIPS LIGHTING 586917 40W LED CAND 27K 2PK,Phillips Lighting 586917 40W Led Cand 27K 2pk,Phillips Lighting 40W Led Cand 27K 2pk (MPN: 586917) in the Tools > Industrial > General category.,Phillips Lighting 40W Led Cand 27K 2pk (586917) in Industrial.,Phillips Lighting 40W Led Cand 27K 2pk (586917) in Industrial.,,,,,,,,,,,,,,,,,,,,,,,,,,,,,,,,,,,,,,,,,,,,,,,,,,,,,,,,,,,,,,,,,,,,,,,,,,,,,,,,,,,,,,,,,,,,,,,,,,,,,,,,,,,,,,,,,,,,,,,,,,,,,,,,,,,,,,,,,,,,,,,,,,,,,,,,,,,,,,,,,,,,,,,,,,,,,,,,,,,,,,,,,,,,,,,,,,,,,,,,,,,,,,,,,,,,,,,,,,,,,,,No
,,,,,,,Tools,Industrial,General,,46719,49719 Wall Light Motion Wh,-- Unbranded --,-- No Unilog Brand --,-- No DIB Brand --,Maxsa Innovations (MAXIN),Maxsa Innovations (MAXIN),,,46719,46719,Tools > Industrial > General,Maxsa Innovations 46719 49719 Wall Light Motion Wh,MAXSA INNOVATIONS 46719 49719 WALL LIGHT MOTION WH,Maxsa Innovations 46719 49719 Wall Light Motion Wh,Maxsa Innovations 49719 Wall Light Motion Wh (MPN: 46719) in the Tools > Industrial > General category.,Maxsa Innovations 49719 Wall Light Motion Wh (46719) in Industrial.,Maxsa Innovations 49719 Wall Light Motion Wh (46719) in Industrial.,,,,,,,,,,,,,,,,,,,,,,,,,,,,,,,,,,,,,,,,,,,,,,,,,,,,,,,,,,,,,,,,,,,,,,,,,,,,,,,,,,,,,,,,,,,,,,,,,,,,,,,,,,,,,,,,,,,,,,,,,,,,,,,,,,,,,,,,,,,,,,,,,,,,,,,,,,,,,,,,,,,,,,,,,,,,,,,,,,,,,,,,,,,,,,,,,,,,,,,,,,,,,,,,,,,,,,,,,,,,,,,No
,,,,,,,Tools,Industrial,General,,59061BSL,59061BSL Kichler Ext Wall Lt,-- Unbranded --,-- No Unilog Brand --,-- No DIB Brand --,Kichler Lighting (KICLI),Kichler Lighting (KICLI),Kichler,,59061BSL,59061BSL,Tools > Industrial > General,Kichler Lighting 59061BSL Kichler Ext Wall Lt,KICHLER LIGHTING 59061BSL KICHLER EXT WALL LT,Kichler Lighting 59061BSL Kichler Ext Wall Lt,Kichler Lighting Kichler Ext Wall Lt (MPN: 59061BSL) in the Tools > Industrial > General category.,Kichler Lighting Kichler Ext Wall Lt (59061BSL) in Industrial.,Kichler Lighting Kichler Ext Wall Lt (59061BSL) in Industrial.,,,,,,,,,,,,,,,,,,,,,,,,,,,,,,,,,,,,,,,,,,,,,,,,,,,,,,,,,,,,,,,,,,,,,,,,,,,,,,,,,,,,,,,,,,,,,,,,,,,,,,,,,,,,,,,,,,,,,,,,,,,,,,,,,,,,,,,,,,,,,,,,,,,,,,,,,,,,,,,,,,,,,,,,,,,,,,,,,,,,,,,,,,,,,,,,,,,,,,,,,,,,,,,,,,,,,,,,,,,,,,,No
,,,,,,,Tools,Industrial,General,,59062BSL,59062BSL Kichler Ext Wall Lt,-- Unbranded --,-- No Unilog Brand --,-- No DIB Brand --,Kichler Lighting (KICLI),Kichler Lighting (KICLI),Kichler,,59062BSL,59062BSL,Tools > Industrial > General,Kichler Lighting 59062BSL Kichler Ext Wall Lt,KICHLER LIGHTING 59062BSL KICHLER EXT WALL LT,Kichler Lighting 59062BSL Kichler Ext Wall Lt,Kichler Lighting Kichler Ext Wall Lt (MPN: 59062BSL) in the Tools > Industrial > General category.,Kichler Lighting Kichler Ext Wall Lt (59062BSL) in Industrial.,Kichler Lighting Kichler Ext Wall Lt (59062BSL) in Industrial.,,,,,,,,,,,,,,,,,,,,,,,,,,,,,,,,,,,,,,,,,,,,,,,,,,,,,,,,,,,,,,,,,,,,,,,,,,,,,,,,,,,,,,,,,,,,,,,,,,,,,,,,,,,,,,,,,,,,,,,,,,,,,,,,,,,,,,,,,,,,,,,,,,,,,,,,,,,,,,,,,,,,,,,,,,,,,,,,,,,,,,,,,,,,,,,,,,,,,,,,,,,,,,,,,,,,,,,,,,,,,,,No
,,,,,,,Tools,Industrial,General,,59124BKT,59124BKT Kichler Ext Wall Lt,-- Unbranded --,-- No Unilog Brand --,-- No DIB Brand --,Kichler Lighting (KICLI),Kichler Lighting (KICLI),Kichler,,59124BKT,59124BKT,Tools > Industrial > General,Kichler Lighting 59124BKT Kichler Ext Wall Lt,KICHLER LIGHTING 59124BKT KICHLER EXT WALL LT,Kichler Lighting 59124BKT Kichler Ext Wall Lt,Kichler Lighting Kichler Ext Wall Lt (MPN: 59124BKT) in the Tools > Industrial > General category.,Kichler Lighting Kichler Ext Wall Lt (59124BKT) in Industrial.,Kichler Lighting Kichler Ext Wall Lt (59124BKT) in Industrial.,,,,,,,,,,,,,,,,,,,,,,,,,,,,,,,,,,,,,,,,,,,,,,,,,,,,,,,,,,,,,,,,,,,,,,,,,,,,,,,,,,,,,,,,,,,,,,,,,,,,,,,,,,,,,,,,,,,,,,,,,,,,,,,,,,,,,,,,,,,,,,,,,,,,,,,,,,,,,,,,,,,,,,,,,,,,,,,,,,,,,,,,,,,,,,,,,,,,,,,,,,,,,,,,,,,,,,,,,,,,,,,No
,,,,,,,Tools,Industrial,General,,59025BK,59025BK Kichler Post Lt,-- Unbranded --,-- No Unilog Brand --,-- No DIB Brand --,Kichler Lighting (KICLI),Kichler Lighting (KICLI),Kichler,,59025BK,59025BK,Tools > Industrial > General,Kichler Lighting 59025BK Kichler Post Lt,KICHLER LIGHTING 59025BK KICHLER POST LT,Kichler Lighting 59025BK Kichler Post Lt,Kichler Lighting Kichler Post Lt (MPN: 59025BK) in the Tools > Industrial > General category.,Kichler Lighting Kichler Post Lt (59025BK) in Industrial.,Kichler Lighting Kichler Post Lt (59025BK) in Industrial.,,,,,,,,,,,,,,,,,,,,,,,,,,,,,,,,,,,,,,,,,,,,,,,,,,,,,,,,,,,,,,,,,,,,,,,,,,,,,,,,,,,,,,,,,,,,,,,,,,,,,,,,,,,,,,,,,,,,,,,,,,,,,,,,,,,,,,,,,,,,,,,,,,,,,,,,,,,,,,,,,,,,,,,,,,,,,,,,,,,,,,,,,,,,,,,,,,,,,,,,,,,,,,,,,,,,,,,,,,,,,,,No
,,,,,,,Tools,Industrial,General,,DCL183,Dewalt DCL183 Light - Rechargeable,-- Unbranded --,-- No Unilog Brand --,DEWALT,Black & Decker/dewlt (2585),Black & Decker/dewlt,DeWalt,,DCL183,DCL183,Tools > Industrial > General,Black & Decker/dewlt DCL183 Dewalt DCL183 Light - Rechargeable,BLACK & DECKER/DEWLT DCL183 DEWALT DCL183 LIGHT - RECHARGEAB,Black & Decker/dewlt DCL183 Dewalt DCL183 Light - Rechargeable,Black & Decker/dewlt Dewalt DCL183 Light - Rechargeable (MPN: DCL183) in the Tools > Industrial > General category.,Black & Decker/dewlt Dewalt DCL183 Light - Rechargeable (DCL183) in Industrial.,Black & Decker/dewlt Dewalt DCL183 Light - Rechargeable (DCL183) in Industrial.,,,,,,,,,,,,,,,,,,,,,,,,,,,,,,,,,,,,,,,,,,,,,,,,,,,,,,,,,,,,,,,,,,,,,,,,,,,,,,,,,,,,,,,,,,,,,,,,,,,,,,,,,,,,,,,,,,,,,,,,,,,,,,,,,,,,,,,,,,,,,,,,,,,,,,,,,,,,,,,,,,,,,,,,,,,,,,,,,,,,,,,,,,,,,,,,,,,,,,,,,,,,,,,,,,,,,,,,,,,,,,,No
,,,,,,,Tools,Industrial,General,,73020,73020 Nano Clip Light Bk,-- Unbranded --,-- No Unilog Brand --,-- No DIB Brand --,Streamlight (7277),Streamlight,,,73020,73020,Tools > Industrial > General,Streamlight 73020 Nano Clip Light Bk,STREAMLIGHT 73020 NANO CLIP LIGHT BK,Streamlight 73020 Nano Clip Light Bk,Streamlight Nano Clip Light Bk (MPN: 73020) in the Tools > Industrial > General category.,Streamlight Nano Clip Light Bk (73020) in Industrial.,Streamlight Nano Clip Light Bk (73020) in Industrial.,,,,,,,,,,,,,,,,,,,,,,,,,,,,,,,,,,,,,,,,,,,,,,,,,,,,,,,,,,,,,,,,,,,,,,,,,,,,,,,,,,,,,,,,,,,,,,,,,,,,,,,,,,,,,,,,,,,,,,,,,,,,,,,,,,,,,,,,,,,,,,,,,,,,,,,,,,,,,,,,,,,,,,,,,,,,,,,,,,,,,,,,,,,,,,,,,,,,,,,,,,,,,,,,,,,,,,,,,,,,,,,No
,,,,,,,Tools,Industrial,General,,NEB-FLT-1021,NEBFLT1021 Slyde King FlashLt,-- Unbranded --,-- No Unilog Brand --,-- No DIB Brand --,ACG Brands (1154),ACG Brands,,,NEB-FLT-1021,NEB-FLT-1021,Tools > Industrial > General,ACG Brands NEB-FLT-1021 NEBFLT1021 Slyde King FlashLt,ACG BRANDS NEB-FLT-1021 NEBFLT1021 SLYDE KING FLASHLT,ACG Brands NEB-FLT-1021 NEBFLT1021 Slyde King FlashLt,ACG Brands NEBFLT1021 Slyde King FlashLt (MPN: NEB-FLT-1021) in the Tools > Industrial > General category.,ACG Brands NEBFLT1021 Slyde King FlashLt (NEB-FLT-1021) in Industrial.,ACG Brands NEBFLT1021 Slyde King FlashLt (NEB-FLT-1021) in Industrial.,,,,,,,,,,,,,,,,,,,,,,,,,,,,,,,,,,,,,,,,,,,,,,,,,,,,,,,,,,,,,,,,,,,,,,,,,,,,,,,,,,,,,,,,,,,,,,,,,,,,,,,,,,,,,,,,,,,,,,,,,,,,,,,,,,,,,,,,,,,,,,,,,,,,,,,,,,,,,,,,,,,,,,,,,,,,,,,,,,,,,,,,,,,,,,,,,,,,,,,,,,,,,,,,,,,,,,,,,,,,,,,No
,,,,,,,Tools,Industrial,General,,NEB-FLT-0053,NEBFLT0053 2600L Flash Light,-- Unbranded --,-- No Unilog Brand --,-- No DIB Brand --,ACG Brands (1154),ACG Brands,,,NEB-FLT-0053,NEB-FLT-0053,Tools > Industrial > General,ACG Brands NEB-FLT-0053 NEBFLT0053 2600L Flash Light,ACG BRANDS NEB-FLT-0053 NEBFLT0053 2600L FLASH LIGHT,ACG Brands NEB-FLT-0053 NEBFLT0053 2600L Flash Light,ACG Brands NEBFLT0053 2600L Flash Light (MPN: NEB-FLT-0053) in the Tools > Industrial > General category.,ACG Brands NEBFLT0053 2600L Flash Light (NEB-FLT-0053) in Industrial.,ACG Brands NEBFLT0053 2600L Flash Light (NEB-FLT-0053) in Industrial.,,,,,,,,,,,,,,,,,,,,,,,,,,,,,,,,,,,,,,,,,,,,,,,,,,,,,,,,,,,,,,,,,,,,,,,,,,,,,,,,,,,,,,,,,,,,,,,,,,,,,,,,,,,,,,,,,,,,,,,,,,,,,,,,,,,,,,,,,,,,,,,,,,,,,,,,,,,,,,,,,,,,,,,,,,,,,,,,,,,,,,,,,,,,,,,,,,,,,,,,,,,,,,,,,,,,,,,,,,,,,,,No
,,,,,,,Tools,Industrial,General,,97708,97708 Police 800L Headlight,-- Unbranded --,-- No Unilog Brand --,Police Security,Police Security (9470),Police Security,,,97708,97708,Tools > Industrial > General,Police Security 97708 Police 800L Headlight,POLICE SECURITY 97708 POLICE 800L HEADLIGHT,Police Security 97708 Police 800L Headlight,Police Security Police 800L Headlight (MPN: 97708) in the Tools > Industrial > General category.,Police Security Police 800L Headlight (97708) in Industrial.,Police Security Police 800L Headlight (97708) in Industrial.,,,,,,,,,,,,,,,,,,,,,,,,,,,,,,,,,,,,,,,,,,,,,,,,,,,,,,,,,,,,,,,,,,,,,,,,,,,,,,,,,,,,,,,,,,,,,,,,,,,,,,,,,,,,,,,,,,,,,,,,,,,,,,,,,,,,,,,,,,,,,,,,,,,,,,,,,,,,,,,,,,,,,,,,,,,,,,,,,,,,,,,,,,,,,,,,,,,,,,,,,,,,,,,,,,,,,,,,,,,,,,,No
,,,,,,,Tools,Industrial,General,,WORK6000XLTPPLUG,6000L Twin Head Work Light,-- Unbranded --,-- No Unilog Brand --,Feit Electric,Feit Electric (3468),Feit Electric,,,WORK6000XLTPPLUG,WORK6000XLTPPLUG,Tools > Industrial > General,Feit Electric WORK6000XLTPPLUG 6000L Twin Head Work Light,FEIT ELECTRIC WORK6000XLTPPLUG 6000L TWIN HEAD WORK LIGHT,Feit Electric WORK6000XLTPPLUG 6000L Twin Head Work Light,Feit Electric 6000L Twin Head Work Light (MPN: WORK6000XLTPPLUG) in the Tools > Industrial > General category.,Feit Electric 6000L Twin Head Work Light (WORK6000XLTPPLUG) in Industrial.,Feit Electric 6000L Twin Head Work Light (WORK6000XLTPPLUG) in Industrial.,,,,,,,,,,,,,,,,,,,,,,,,,,,,,,,,,,,,,,,,,,,,,,,,,,,,,,,,,,,,,,,,,,,,,,,,,,,,,,,,,,,,,,,,,,,,,,,,,,,,,,,,,,,,,,,,,,,,,,,,,,,,,,,,,,,,,,,,,,,,,,,,,,,,,,,,,,,,,,,,,,,,,,,,,,,,,,,,,,,,,,,,,,,,,,,,,,,,,,,,,,,,,,,,,,,,,,,,,,,,,,,No
,,,,,,,Tools,Industrial,General,,HOM2040M200PRB,HOM2040M200PRB 200A Load Cntr,-- Unbranded --,-- No Unilog Brand --,-- No DIB Brand --,Square D Con Prod Dv (6825),Square D Con Prod Dv,,,HOM2040M200PRB,HOM2040M200PRB,Tools > Industrial > General,Square D Con Prod Dv HOM2040M200PRB 200A Load Cntr,SQUARE D CON PROD DV HOM2040M200PRB 200A LOAD CNTR,Square D Con Prod Dv HOM2040M200PRB 200A Load Cntr,Square D Con Prod Dv 200A Load Cntr (MPN: HOM2040M200PRB) in the Tools > Industrial > General category.,Square D Con Prod Dv 200A Load Cntr (HOM2040M200PRB) in Industrial.,Square D Con Prod Dv 200A Load Cntr (HOM2040M200PRB) in Industrial.,,,,,,,,,,,,,,,,,,,,,,,,,,,,,,,,,,,,,,,,,,,,,,,,,,,,,,,,,,,,,,,,,,,,,,,,,,,,,,,,,,,,,,,,,,,,,,,,,,,,,,,,,,,,,,,,,,,,,,,,,,,,,,,,,,,,,,,,,,,,,,,,,,,,,,,,,,,,,,,,,,,,,,,,,,,,,,,,,,,,,,,,,,,,,,,,,,,,,,,,,,,,,,,,,,,,,,,,,,,,,,,No
,,,,,,,Tools,Industrial,General,,HOM3060L225PGC,HOM3060L225PGC 225 Load Center,-- Unbranded --,-- No Unilog Brand --,Square D,Square D Con Prod Dv (6825),Square D Con Prod Dv,,,HOM3060L225PGC,HOM3060L225PGC,Tools > Industrial > General,Square D Con Prod Dv HOM3060L225PGC 225 Load Center,SQUARE D CON PROD DV HOM3060L225PGC 225 LOAD CENTER,Square D Con Prod Dv HOM3060L225PGC 225 Load Center,Square D Con Prod Dv 225 Load Center (MPN: HOM3060L225PGC) in the Tools > Industrial > General category.,Square D Con Prod Dv 225 Load Center (HOM3060L225PGC) in Industrial.,Square D Con Prod Dv 225 Load Center (HOM3060L225PGC) in Industrial.,,,,,,,,,,,,,,,,,,,,,,,,,,,,,,,,,,,,,,,,,,,,,,,,,,,,,,,,,,,,,,,,,,,,,,,,,,,,,,,,,,,,,,,,,,,,,,,,,,,,,,,,,,,,,,,,,,,,,,,,,,,,,,,,,,,,,,,,,,,,,,,,,,,,,,,,,,,,,,,,,,,,,,,,,,,,,,,,,,,,,,,,,,,,,,,,,,,,,,,,,,,,,,,,,,,,,,,,,,,,,,,No
,,,,,,,Tools,Industrial,General,,QO612L100RBCP,QO612L100RBCP 100A Load Center,-- Unbranded --,-- No Unilog Brand --,Square D,Square D Con Prod Dv (6825),Square D Con Prod Dv,,,QO612L100RBCP,QO612L100RBCP,Tools > Industrial > General,Square D Con Prod Dv QO612L100RBCP 100A Load Center,SQUARE D CON PROD DV QO612L100RBCP 100A LOAD CENTER,Square D Con Prod Dv QO612L100RBCP 100A Load Center,Square D Con Prod Dv 100A Load Center (MPN: QO612L100RBCP) in the Tools > Industrial > General category.,Square D Con Prod Dv 100A Load Center (QO612L100RBCP) in Industrial.,Square D Con Prod Dv 100A Load Center (QO612L100RBCP) in Industrial.,,,,,,,,,,,,,,,,,,,,,,,,,,,,,,,,,,,,,,,,,,,,,,,,,,,,,,,,,,,,,,,,,,,,,,,,,,,,,,,,,,,,,,,,,,,,,,,,,,,,,,,,,,,,,,,,,,,,,,,,,,,,,,,,,,,,,,,,,,,,,,,,,,,,,,,,,,,,,,,,,,,,,,,,,,,,,,,,,,,,,,,,,,,,,,,,,,,,,,,,,,,,,,,,,,,,,,,,,,,,,,,No
,,,,,,,Tools,Industrial,General,,13093005,4/0 Aluminum Entrance Cable (Linear Foot),-- Unbranded --,-- No Unilog Brand --,-- No DIB Brand --,Southwire/g Turner (6603),Southwire/g Turner,,,13093005,13093005,Tools > Industrial > General,Southwire/g Turner 13093005 4/0 Aluminum Entrance Cable (Linear Foot),SOUTHWIRE/G TURNER 13093005 4/0 ALUMINUM ENTRANCE CABLE (LIN,Southwire/g Turner 13093005 4/0 Aluminum Entrance Cable (Linear Foot),Southwire/g Turner 4/0 Aluminum Entrance Cable (Linear Foot) (MPN: 13093005) in the Tools > Industrial > General category.,Southwire/g Turner 4/0 Aluminum Entrance Cable (Linear Foot) (13093005) in Industrial.,Southwire/g Turner 4/0 Aluminum Entrance Cable (Linear Foot) (13093005) in Industrial.,,,,,,,,,,,,,,,,,,,,,,,,,,,,,,,,,,,,,,,,,,,,,,,,,,,,,,,,,,,,,,,,,,,,,,,,,,,,,,,,,,,,,,,,,,,,,,,,,,,,,,,,,,,,,,,,,,,,,,,,,,,,,,,,,,,,,,,,,,,,,,,,,,,,,,,,,,,,,,,,,,,,,,,,,,,,,,,,,,,,,,,,,,,,,,,,,,,,,,,,,,,,,,,,,,,,,,,,,,,,,,,No
,,,,,,,Tools,Industrial,General,,12-4 SO,12-4 SO Cord (Linear Foot),-- Unbranded --,-- No Unilog Brand --,-- No DIB Brand --,-,,,,12-4 SO,12-4 SO,Tools > Industrial > General,12-4 SO Cord (Linear Foot),12-4 SO CORD (LINEAR FOOT),12-4 SO Cord (Linear Foot),Cord (Linear Foot) (MPN: 12-4 SO) in the Tools > Industrial > General category.,Cord (Linear Foot) (12-4 SO) in Industrial.,Cord (Linear Foot) (12-4 SO) in Industrial.,,,,,,,,,,,,,,,,,,,,,,,,,,,,,,,,,,,,,,,,,,,,,,,,,,,,,,,,,,,,,,,,,,,,,,,,,,,,,,,,,,,,,,,,,,,,,,,,,,,,,,,,,,,,,,,,,,,,,,,,,,,,,,,,,,,,,,,,,,,,,,,,,,,,,,,,,,,,,,,,,,,,,,,,,,,,,,,,,,,,,,,,,,,,,,,,,,,,,,,,,,,,,,,,,,,,,,,,,,,,,,,No
,,,,,,,Tools,Industrial,General,,96263-46-06,96263-46-06 CAT5E Wire (Linear Foot),-- Unbranded --,-- No Unilog Brand --,-- No DIB Brand --,Woods Wire Southwire (7579),Woods Wire Southwire,,,96263-46-06,96263-46-06,Tools > Industrial > General,Woods Wire Southwire 96263-46-06 CAT5E Wire (Linear Foot),WOODS WIRE SOUTHWIRE 96263-46-06 CAT5E WIRE (LINEAR FOOT),Woods Wire Southwire 96263-46-06 CAT5E Wire (Linear Foot),Woods Wire Southwire CAT5E Wire (Linear Foot) (MPN: 96263-46-06) in the Tools > Industrial > General category.,Woods Wire Southwire CAT5E Wire (Linear Foot) (96263-46-06) in Industrial.,Woods Wire Southwire CAT5E Wire (Linear Foot) (96263-46-06) in Industrial.,,,,,,,,,,,,,,,,,,,,,,,,,,,,,,,,,,,,,,,,,,,,,,,,,,,,,,,,,,,,,,,,,,,,,,,,,,,,,,,,,,,,,,,,,,,,,,,,,,,,,,,,,,,,,,,,,,,,,,,,,,,,,,,,,,,,,,,,,,,,,,,,,,,,,,,,,,,,,,,,,,,,,,,,,,,,,,,,,,,,,,,,,,,,,,,,,,,,,,,,,,,,,,,,,,,,,,,,,,,,,,,No
,,,,,,,Tools,Industrial,General,,R50003-ID,16-2 Stranded Wire CL3 500' (Linear Foot),-- Unbranded --,-- No Unilog Brand --,-- No DIB Brand --,Southwire/g Turner (6603),Southwire/g Turner,,,R50003-ID,R50003-ID,Tools > Industrial > General,Southwire/g Turner R50003-ID 16-2 Stranded Wire CL3 500' (Linear Foot),SOUTHWIRE/G TURNER R50003-ID 16-2 STRANDED WIRE CL3 500' (LI,Southwire/g Turner R50003-ID 16-2 Stranded Wire CL3 500' (Linear Foot),Southwire/g Turner 16-2 Stranded Wire CL3 500' (Linear Foot) (MPN: R50003-ID) in the Tools > Industrial > General category.,Southwire/g Turner 16-2 Stranded Wire CL3 500' (Linear Foot) (R50003-ID) in Industrial.,Southwire/g Turner 16-2 Stranded Wire CL3 500' (Linear Foot) (R50003-ID) in Industrial.,,,,,,,,,,,,,,,,,,,,,,,,,,,,,,,,,,,,,,,,,,,,,,,,,,,,,,,,,,,,,,,,,,,,,,,,,,,,,,,,,,,,,,,,,,,,,,,,,,,,,,,,,,,,,,,,,,,,,,,,,,,,,,,,,,,,,,,,,,,,,,,,,,,,,,,,,,,,,,,,,,,,,,,,,,,,,,,,,,,,,,,,,,,,,,,,,,,,,,,,,,,,,,,,,,,,,,,,,,,,,,,No
,,,,,,,Tools,Industrial,General,,10-4 SO,10-4 SO Cord (Linear Foot),-- Unbranded --,-- No Unilog Brand --,-- No DIB Brand --,Southwire/g Turner (6603),Southwire/g Turner,,,10-4 SO,10-4 SO,Tools > Industrial > General,Southwire/g Turner 10-4 SO Cord (Linear Foot),SOUTHWIRE/G TURNER 10-4 SO CORD (LINEAR FOOT),Southwire/g Turner 10-4 SO Cord (Linear Foot),Southwire/g Turner Cord (Linear Foot) (MPN: 10-4 SO) in the Tools > Industrial > General category.,Southwire/g Turner Cord (Linear Foot) (10-4 SO) in Industrial.,Southwire/g Turner Cord (Linear Foot) (10-4 SO) in Industrial.,,,,,,,,,,,,,,,,,,,,,,,,,,,,,,,,,,,,,,,,,,,,,,,,,,,,,,,,,,,,,,,,,,,,,,,,,,,,,,,,,,,,,,,,,,,,,,,,,,,,,,,,,,,,,,,,,,,,,,,,,,,,,,,,,,,,,,,,,,,,,,,,,,,,,,,,,,,,,,,,,,,,,,,,,,,,,,,,,,,,,,,,,,,,,,,,,,,,,,,,,,,,,,,,,,,,,,,,,,,,,,,No
,,,,,,,Tools,Industrial,General,,23346-0408,23346-0408 Wire 16/3 SJEWA 250 (Linear Foot),-- Unbranded --,-- No Unilog Brand --,-- No DIB Brand --,-,,,,23346-0408,23346-0408,Tools > Industrial > General,23346-0408 Wire 16/3 SJEWA 250 (Linear Foot),23346-0408 WIRE 16/3 SJEWA 250 (LINEAR FOOT),23346-0408 Wire 16/3 SJEWA 250 (Linear Foot),Wire 16/3 SJEWA 250 (Linear Foot) (MPN: 23346-0408) in the Tools > Industrial > General category.,Wire 16/3 SJEWA 250 (Linear Foot) (23346-0408) in Industrial.,Wire 16/3 SJEWA 250 (Linear Foot) (23346-0408) in Industrial.,,,,,,,,,,,,,,,,,,,,,,,,,,,,,,,,,,,,,,,,,,,,,,,,,,,,,,,,,,,,,,,,,,,,,,,,,,,,,,,,,,,,,,,,,,,,,,,,,,,,,,,,,,,,,,,,,,,,,,,,,,,,,,,,,,,,,,,,,,,,,,,,,,,,,,,,,,,,,,,,,,,,,,,,,,,,,,,,,,,,,,,,,,,,,,,,,,,,,,,,,,,,,,,,,,,,,,,,,,,,,,,No
,,,,,,,Tools,Industrial,General,,2/2/4 UD ALUM,2/2/4 UD Aluminum Triplex Wire (Linear Foot),-- Unbranded --,-- No Unilog Brand --,-- No DIB Brand --,Southwire/g Turner (6603),Southwire/g Turner,,,2/2/4 UD ALUM,2/2/4 UD ALUM,Tools > Industrial > General,Southwire/g Turner 2/2/4 UD ALUM inum Triplex Wire (Linear Foot),SOUTHWIRE/G TURNER 2/2/4 UD ALUM INUM TRIPLEX WIRE (LINEAR F,Southwire/g Turner 2/2/4 UD ALUM inum Triplex Wire (Linear Foot),Southwire/g Turner inum Triplex Wire (Linear Foot) (MPN: 2/2/4 UD ALUM) in the Tools > Industrial > General category.,Southwire/g Turner inum Triplex Wire (Linear Foot) (2/2/4 UD ALUM) in Industrial.,Southwire/g Turner inum Triplex Wire (Linear Foot) (2/2/4 UD ALUM) in Industrial.,,,,,,,,,,,,,,,,,,,,,,,,,,,,,,,,,,,,,,,,,,,,,,,,,,,,,,,,,,,,,,,,,,,,,,,,,,,,,,,,,,,,,,,,,,,,,,,,,,,,,,,,,,,,,,,,,,,,,,,,,,,,,,,,,,,,,,,,,,,,,,,,,,,,,,,,,,,,,,,,,,,,,,,,,,,,,,,,,,,,,,,,,,,,,,,,,,,,,,,,,,,,,,,,,,,,,,,,,,,,,,,No
,,,,,,,Tools,Industrial,General,,55418901,6/6/6 UD Triplex Aluminum Wire,-- Unbranded --,-- No Unilog Brand --,-- No DIB Brand --,Southwire/g Turner (6603),Southwire/g Turner,,,55418901,55418901,Tools > Industrial > General,Southwire/g Turner 55418901 6/6/6 UD Triplex Aluminum Wire,SOUTHWIRE/G TURNER 55418901 6/6/6 UD TRIPLEX ALUMINUM WIRE,Southwire/g Turner 55418901 6/6/6 UD Triplex Aluminum Wire,Southwire/g Turner 6/6/6 UD Triplex Aluminum Wire (MPN: 55418901) in the Tools > Industrial > General category.,Southwire/g Turner 6/6/6 UD Triplex Aluminum Wire (55418901) in Industrial.,Southwire/g Turner 6/6/6 UD Triplex Aluminum Wire (55418901) in Industrial.,,,,,,,,,,,,,,,,,,,,,,,,,,,,,,,,,,,,,,,,,,,,,,,,,,,,,,,,,,,,,,,,,,,,,,,,,,,,,,,,,,,,,,,,,,,,,,,,,,,,,,,,,,,,,,,,,,,,,,,,,,,,,,,,,,,,,,,,,,,,,,,,,,,,,,,,,,,,,,,,,,,,,,,,,,,,,,,,,,,,,,,,,,,,,,,,,,,,,,,,,,,,,,,,,,,,,,,,,,,,,,,No
,,,,,,,Tools,Industrial,General,,CG50K,"CG50K 1/2"" Cord Grip Kit",-- Unbranded --,-- No Unilog Brand --,-- No DIB Brand --,Fenton Bros Electric Inc (FENBR),Fenton Bros Electric Inc (FENBR),,,CG50K,CG50K,Tools > Industrial > General,"Fenton Bros Electric Inc CG50K 1/2"" Cord Grip Kit","FENTON BROS ELECTRIC INC CG50K 1/2"" CORD GRIP KIT","Fenton Bros Electric Inc CG50K 1/2"" Cord Grip Kit","Fenton Bros Electric Inc 1/2"" Cord Grip Kit (MPN: CG50K) in the Tools > Industrial > General category.","Fenton Bros Electric Inc 1/2"" Cord Grip Kit (CG50K) in Industrial.","Fenton Bros Electric Inc 1/2"" Cord Grip Kit (CG50K) in Industrial.",,,,,,,,,,,,,,,,,,,,,,,,,,,,,,,,,,,,,,,,,,,,,,,,,,,,,,,,,,,,,,,,,,,,,,,,,,,,,,,,,,,,,,,,,,,,,,,,,,,,,,,,,,,,,,,,,,,,,,,,,,,,,,,,,,,,,,,,,,,,,,,,,,,,,,,,,,,,,,,,,,,,,,,,,,,,,,,,,,,,,,,,,,,,,,,,,,,,,,,,,,,,,,,,,,,,,,,,,,,,,,,No
,,,,,,,Tools,Industrial,General,,R02-D215P-1RW,R02D215P1RW 15A Mini Outlet Wh,-- Unbranded --,-- No Unilog Brand --,Leviton,Leviton Mfg Co (4927),Leviton Mfg Co,,,R02-D215P-1RW,R02-D215P-1RW,Tools > Industrial > General,Leviton Mfg Co R02-D215P-1RW R02D215P1RW 15A Mini Outlet Wh,LEVITON MFG CO R02-D215P-1RW R02D215P1RW 15A MINI OUTLET WH,Leviton Mfg Co R02-D215P-1RW R02D215P1RW 15A Mini Outlet Wh,Leviton Mfg Co R02D215P1RW 15A Mini Outlet Wh (MPN: R02-D215P-1RW) in the Tools > Industrial > General category.,Leviton Mfg Co R02D215P1RW 15A Mini Outlet Wh (R02-D215P-1RW) in Industrial.,Leviton Mfg Co R02D215P1RW 15A Mini Outlet Wh (R02-D215P-1RW) in Industrial.,,,,,,,,,,,,,,,,,,,,,,,,,,,,,,,,,,,,,,,,,,,,,,,,,,,,,,,,,,,,,,,,,,,,,,,,,,,,,,,,,,,,,,,,,,,,,,,,,,,,,,,,,,,,,,,,,,,,,,,,,,,,,,,,,,,,,,,,,,,,,,,,,,,,,,,,,,,,,,,,,,,,,,,,,,,,,,,,,,,,,,,,,,,,,,,,,,,,,,,,,,,,,,,,,,,,,,,,,,,,,,,No
,,,,,,,Tools,Industrial,General,,PBUC013,PBUC013 15A Wall Tap w/USB,-- Unbranded --,-- No Unilog Brand --,Prime,Prime Wire & Cable (3562),Prime Wire & Cable,,,PBUC013,PBUC013,Tools > Industrial > General,Prime Wire & Cable PBUC013 15A Wall Tap w/USB,PRIME WIRE & CABLE PBUC013 15A WALL TAP W/USB,Prime Wire & Cable PBUC013 15A Wall Tap w/USB,Prime Wire & Cable 15A Wall Tap w/USB (MPN: PBUC013) in the Tools > Industrial > General category.,Prime Wire & Cable 15A Wall Tap w/USB (PBUC013) in Industrial.,Prime Wire & Cable 15A Wall Tap w/USB (PBUC013) in Industrial.,,,,,,,,,,,,,,,,,,,,,,,,,,,,,,,,,,,,,,,,,,,,,,,,,,,,,,,,,,,,,,,,,,,,,,,,,,,,,,,,,,,,,,,,,,,,,,,,,,,,,,,,,,,,,,,,,,,,,,,,,,,,,,,,,,,,,,,,,,,,,,,,,,,,,,,,,,,,,,,,,,,,,,,,,,,,,,,,,,,,,,,,,,,,,,,,,,,,,,,,,,,,,,,,,,,,,,,,,,,,,,,No
,,,,,,,Tools,Industrial,General,,R00-GFNT1-00K,R00GFNT100K 15A Outlet Br,-- Unbranded --,-- No Unilog Brand --,Leviton,Leviton Mfg Co (4927),Leviton Mfg Co,,,R00-GFNT1-00K,R00-GFNT1-00K,Tools > Industrial > General,Leviton Mfg Co R00-GFNT1-00K R00GFNT100K 15A Outlet Br,LEVITON MFG CO R00-GFNT1-00K R00GFNT100K 15A OUTLET BR,Leviton Mfg Co R00-GFNT1-00K R00GFNT100K 15A Outlet Br,Leviton Mfg Co R00GFNT100K 15A Outlet Br (MPN: R00-GFNT1-00K) in the Tools > Industrial > General category.,Leviton Mfg Co R00GFNT100K 15A Outlet Br (R00-GFNT1-00K) in Industrial.,Leviton Mfg Co R00GFNT100K 15A Outlet Br (R00-GFNT1-00K) in Industrial.,,,,,,,,,,,,,,,,,,,,,,,,,,,,,,,,,,,,,,,,,,,,,,,,,,,,,,,,,,,,,,,,,,,,,,,,,,,,,,,,,,,,,,,,,,,,,,,,,,,,,,,,,,,,,,,,,,,,,,,,,,,,,,,,,,,,,,,,,,,,,,,,,,,,,,,,,,,,,,,,,,,,,,,,,,,,,,,,,,,,,,,,,,,,,,,,,,,,,,,,,,,,,,,,,,,,,,,,,,,,,,,No
,,,,,,,Tools,Industrial,General,,R92-GFWT1-0KW,R92GFWT10KW 15A GFCI Outlet Wh,-- Unbranded --,-- No Unilog Brand --,Leviton,Leviton Mfg Co (4927),Leviton Mfg Co,,,R92-GFWT1-0KW,R92-GFWT1-0KW,Tools > Industrial > General,Leviton Mfg Co R92-GFWT1-0KW R92GFWT10KW 15A GFCI Outlet Wh,LEVITON MFG CO R92-GFWT1-0KW R92GFWT10KW 15A GFCI OUTLET WH,Leviton Mfg Co R92-GFWT1-0KW R92GFWT10KW 15A GFCI Outlet Wh,Leviton Mfg Co R92GFWT10KW 15A GFCI Outlet Wh (MPN: R92-GFWT1-0KW) in the Tools > Industrial > General category.,Leviton Mfg Co R92GFWT10KW 15A GFCI Outlet Wh (R92-GFWT1-0KW) in Industrial.,Leviton Mfg Co R92GFWT10KW 15A GFCI Outlet Wh (R92-GFWT1-0KW) in Industrial.,,,,,,,,,,,,,,,,,,,,,,,,,,,,,,,,,,,,,,,,,,,,,,,,,,,,,,,,,,,,,,,,,,,,,,,,,,,,,,,,,,,,,,,,,,,,,,,,,,,,,,,,,,,,,,,,,,,,,,,,,,,,,,,,,,,,,,,,,,,,,,,,,,,,,,,,,,,,,,,,,,,,,,,,,,,,,,,,,,,,,,,,,,,,,,,,,,,,,,,,,,,,,,,,,,,,,,,,,,,,,,,No
,,,,,,,Tools,Industrial,General,,R12-AGTR1-0KW,R12AGTR10KW 15A GFCI Outler Wh,-- Unbranded --,-- No Unilog Brand --,Leviton,Leviton Mfg Co (4927),Leviton Mfg Co,,,R12-AGTR1-0KW,R12-AGTR1-0KW,Tools > Industrial > General,Leviton Mfg Co R12-AGTR1-0KW R12AGTR10KW 15A GFCI Outler Wh,LEVITON MFG CO R12-AGTR1-0KW R12AGTR10KW 15A GFCI OUTLER WH,Leviton Mfg Co R12-AGTR1-0KW R12AGTR10KW 15A GFCI Outler Wh,Leviton Mfg Co R12AGTR10KW 15A GFCI Outler Wh (MPN: R12-AGTR1-0KW) in the Tools > Industrial > General category.,Leviton Mfg Co R12AGTR10KW 15A GFCI Outler Wh (R12-AGTR1-0KW) in Industrial.,Leviton Mfg Co R12AGTR10KW 15A GFCI Outler Wh (R12-AGTR1-0KW) in Industrial.,,,,,,,,,,,,,,,,,,,,,,,,,,,,,,,,,,,,,,,,,,,,,,,,,,,,,,,,,,,,,,,,,,,,,,,,,,,,,,,,,,,,,,,,,,,,,,,,,,,,,,,,,,,,,,,,,,,,,,,,,,,,,,,,,,,,,,,,,,,,,,,,,,,,,,,,,,,,,,,,,,,,,,,,,,,,,,,,,,,,,,,,,,,,,,,,,,,,,,,,,,,,,,,,,,,,,,,,,,,,,,,No
,,,,,,,Tools,Industrial,General,,R62-GFTA1-0KW,R92GFTA10KW 15A GFCI Outlet Wh,-- Unbranded --,-- No Unilog Brand --,Leviton,Leviton Mfg Co (4927),Leviton Mfg Co,,,R62-GFTA1-0KW,R62-GFTA1-0KW,Tools > Industrial > General,Leviton Mfg Co R62-GFTA1-0KW R92GFTA10KW 15A GFCI Outlet Wh,LEVITON MFG CO R62-GFTA1-0KW R92GFTA10KW 15A GFCI OUTLET WH,Leviton Mfg Co R62-GFTA1-0KW R92GFTA10KW 15A GFCI Outlet Wh,Leviton Mfg Co R92GFTA10KW 15A GFCI Outlet Wh (MPN: R62-GFTA1-0KW) in the Tools > Industrial > General category.,Leviton Mfg Co R92GFTA10KW 15A GFCI Outlet Wh (R62-GFTA1-0KW) in Industrial.,Leviton Mfg Co R92GFTA10KW 15A GFCI Outlet Wh (R62-GFTA1-0KW) in Industrial.,,,,,,,,,,,,,,,,,,,,,,,,,,,,,,,,,,,,,,,,,,,,,,,,,,,,,,,,,,,,,,,,,,,,,,,,,,,,,,,,,,,,,,,,,,,,,,,,,,,,,,,,,,,,,,,,,,,,,,,,,,,,,,,,,,,,,,,,,,,,,,,,,,,,,,,,,,,,,,,,,,,,,,,,,,,,,,,,,,,,,,,,,,,,,,,,,,,,,,,,,,,,,,,,,,,,,,,,,,,,,,,No
,,,,,,,Tools,Industrial,General,,165-04729-00C,1650472900C 15A 125V Cord Conn,-- Unbranded --,-- No Unilog Brand --,Leviton,Leviton Mfg Co (4927),Leviton Mfg Co,,,165-04729-00C,165-04729-00C,Tools > Industrial > General,Leviton Mfg Co 165-04729-00C 1650472900C 15A 125V Cord Conn,LEVITON MFG CO 165-04729-00C 1650472900C 15A 125V CORD CONN,Leviton Mfg Co 165-04729-00C 1650472900C 15A 125V Cord Conn,Leviton Mfg Co 1650472900C 15A 125V Cord Conn (MPN: 165-04729-00C) in the Tools > Industrial > General category.,Leviton Mfg Co 1650472900C 15A 125V Cord Conn (165-04729-00C) in Industrial.,Leviton Mfg Co 1650472900C 15A 125V Cord Conn (165-04729-00C) in Industrial.,,,,,,,,,,,,,,,,,,,,,,,,,,,,,,,,,,,,,,,,,,,,,,,,,,,,,,,,,,,,,,,,,,,,,,,,,,,,,,,,,,,,,,,,,,,,,,,,,,,,,,,,,,,,,,,,,,,,,,,,,,,,,,,,,,,,,,,,,,,,,,,,,,,,,,,,,,,,,,,,,,,,,,,,,,,,,,,,,,,,,,,,,,,,,,,,,,,,,,,,,,,,,,,,,,,,,,,,,,,,,,,No
,,,,,,,Tools,Industrial,General,,161-04720-00C,1610472000C 15A 125V Cord Conn,-- Unbranded --,-- No Unilog Brand --,Leviton,Leviton Mfg Co (4927),Leviton Mfg Co,,,161-04720-00C,161-04720-00C,Tools > Industrial > General,Leviton Mfg Co 161-04720-00C 1610472000C 15A 125V Cord Conn,LEVITON MFG CO 161-04720-00C 1610472000C 15A 125V CORD CONN,Leviton Mfg Co 161-04720-00C 1610472000C 15A 125V Cord Conn,Leviton Mfg Co 1610472000C 15A 125V Cord Conn (MPN: 161-04720-00C) in the Tools > Industrial > General category.,Leviton Mfg Co 1610472000C 15A 125V Cord Conn (161-04720-00C) in Industrial.,Leviton Mfg Co 1610472000C 15A 125V Cord Conn (161-04720-00C) in Industrial.,,,,,,,,,,,,,,,,,,,,,,,,,,,,,,,,,,,,,,,,,,,,,,,,,,,,,,,,,,,,,,,,,,,,,,,,,,,,,,,,,,,,,,,,,,,,,,,,,,,,,,,,,,,,,,,,,,,,,,,,,,,,,,,,,,,,,,,,,,,,,,,,,,,,,,,,,,,,,,,,,,,,,,,,,,,,,,,,,,,,,,,,,,,,,,,,,,,,,,,,,,,,,,,,,,,,,,,,,,,,,,,No
,,,,,,,Tools,Industrial,General,,R02-GUAC1-0BW,R02GUAC10BW 15A/USB Outlet Wh,-- Unbranded --,-- No Unilog Brand --,Leviton,Leviton Mfg Co (4927),Leviton Mfg Co,,,R02-GUAC1-0BW,R02-GUAC1-0BW,Tools > Industrial > General,Leviton Mfg Co R02-GUAC1-0BW R02GUAC10BW 15A/USB Outlet Wh,LEVITON MFG CO R02-GUAC1-0BW R02GUAC10BW 15A/USB OUTLET WH,Leviton Mfg Co R02-GUAC1-0BW R02GUAC10BW 15A/USB Outlet Wh,Leviton Mfg Co R02GUAC10BW 15A/USB Outlet Wh (MPN: R02-GUAC1-0BW) in the Tools > Industrial > General category.,Leviton Mfg Co R02GUAC10BW 15A/USB Outlet Wh (R02-GUAC1-0BW) in Industrial.,Leviton Mfg Co R02GUAC10BW 15A/USB Outlet Wh (R02-GUAC1-0BW) in Industrial.,,,,,,,,,,,,,,,,,,,,,,,,,,,,,,,,,,,,,,,,,,,,,,,,,,,,,,,,,,,,,,,,,,,,,,,,,,,,,,,,,,,,,,,,,,,,,,,,,,,,,,,,,,,,,,,,,,,,,,,,,,,,,,,,,,,,,,,,,,,,,,,,,,,,,,,,,,,,,,,,,,,,,,,,,,,,,,,,,,,,,,,,,,,,,,,,,,,,,,,,,,,,,,,,,,,,,,,,,,,,,,,No
,,,,,,,Tools,Industrial,General,,R56-CBR15-00T,R56CBR1500T 15A Outlet LA,-- Unbranded --,-- No Unilog Brand --,Leviton,Leviton Mfg Co (4927),Leviton Mfg Co,,,R56-CBR15-00T,R56-CBR15-00T,Tools > Industrial > General,Leviton Mfg Co R56-CBR15-00T R56CBR1500T 15A Outlet LA,LEVITON MFG CO R56-CBR15-00T R56CBR1500T 15A OUTLET LA,Leviton Mfg Co R56-CBR15-00T R56CBR1500T 15A Outlet LA,Leviton Mfg Co R56CBR1500T 15A Outlet LA (MPN: R56-CBR15-00T) in the Tools > Industrial > General category.,Leviton Mfg Co R56CBR1500T 15A Outlet LA (R56-CBR15-00T) in Industrial.,Leviton Mfg Co R56CBR1500T 15A Outlet LA (R56-CBR15-00T) in Industrial.,,,,,,,,,,,,,,,,,,,,,,,,,,,,,,,,,,,,,,,,,,,,,,,,,,,,,,,,,,,,,,,,,,,,,,,,,,,,,,,,,,,,,,,,,,,,,,,,,,,,,,,,,,,,,,,,,,,,,,,,,,,,,,,,,,,,,,,,,,,,,,,,,,,,,,,,,,,,,,,,,,,,,,,,,,,,,,,,,,,,,,,,,,,,,,,,,,,,,,,,,,,,,,,,,,,,,,,,,,,,,,,No
,,,,,,,Tools,Industrial,General,,R20-05378-P00,R2005378P00 6-50R Welder Outet,-- Unbranded --,-- No Unilog Brand --,Leviton,Leviton Mfg Co (4927),Leviton Mfg Co,,,R20-05378-P00,R20-05378-P00,Tools > Industrial > General,Leviton Mfg Co R20-05378-P00 R2005378P00 6-50R Welder Outet,LEVITON MFG CO R20-05378-P00 R2005378P00 6-50R WELDER OUTET,Leviton Mfg Co R20-05378-P00 R2005378P00 6-50R Welder Outet,Leviton Mfg Co R2005378P00 6-50R Welder Outet (MPN: R20-05378-P00) in the Tools > Industrial > General category.,Leviton Mfg Co R2005378P00 6-50R Welder Outet (R20-05378-P00) in Industrial.,Leviton Mfg Co R2005378P00 6-50R Welder Outet (R20-05378-P00) in Industrial.,,,,,,,,,,,,,,,,,,,,,,,,,,,,,,,,,,,,,,,,,,,,,,,,,,,,,,,,,,,,,,,,,,,,,,,,,,,,,,,,,,,,,,,,,,,,,,,,,,,,,,,,,,,,,,,,,,,,,,,,,,,,,,,,,,,,,,,,,,,,,,,,,,,,,,,,,,,,,,,,,,,,,,,,,,,,,,,,,,,,,,,,,,,,,,,,,,,,,,,,,,,,,,,,,,,,,,,,,,,,,,,No
,,,,,,,Tools,Industrial,General,,WC1V12W-SG-UPC,WC1V12WSGUPC 1G Cover Wh,-- Unbranded --,-- No Unilog Brand --,Southwire,Southwire/g Turner (6603),Southwire/g Turner,,,WC1V12W-SG-UPC,WC1V12W-SG-UPC,Tools > Industrial > General,Southwire/g Turner WC1V12W-SG-UPC WC1V12WSGUPC 1G Cover Wh,SOUTHWIRE/G TURNER WC1V12W-SG-UPC WC1V12WSGUPC 1G COVER WH,Southwire/g Turner WC1V12W-SG-UPC WC1V12WSGUPC 1G Cover Wh,Southwire/g Turner WC1V12WSGUPC 1G Cover Wh (MPN: WC1V12W-SG-UPC) in the Tools > Industrial > General category.,Southwire/g Turner WC1V12WSGUPC 1G Cover Wh (WC1V12W-SG-UPC) in Industrial.,Southwire/g Turner WC1V12WSGUPC 1G Cover Wh (WC1V12W-SG-UPC) in Industrial.,,,,,,,,,,,,,,,,,,,,,,,,,,,,,,,,,,,,,,,,,,,,,,,,,,,,,,,,,,,,,,,,,,,,,,,,,,,,,,,,,,,,,,,,,,,,,,,,,,,,,,,,,,,,,,,,,,,,,,,,,,,,,,,,,,,,,,,,,,,,,,,,,,,,,,,,,,,,,,,,,,,,,,,,,,,,,,,,,,,,,,,,,,,,,,,,,,,,,,,,,,,,,,,,,,,,,,,,,,,,,,,No
,,,,,,,Tools,Industrial,General,,R51-GSRA1-THD,R5GSRA1THD 15A GFCI Plug,-- Unbranded --,-- No Unilog Brand --,Leviton,Leviton Mfg Co (4927),Leviton Mfg Co,,,R51-GSRA1-THD,R51-GSRA1-THD,Tools > Industrial > General,Leviton Mfg Co R51-GSRA1-THD R5GSRA1THD 15A GFCI Plug,LEVITON MFG CO R51-GSRA1-THD R5GSRA1THD 15A GFCI PLUG,Leviton Mfg Co R51-GSRA1-THD R5GSRA1THD 15A GFCI Plug,Leviton Mfg Co R5GSRA1THD 15A GFCI Plug (MPN: R51-GSRA1-THD) in the Tools > Industrial > General category.,Leviton Mfg Co R5GSRA1THD 15A GFCI Plug (R51-GSRA1-THD) in Industrial.,Leviton Mfg Co R5GSRA1THD 15A GFCI Plug (R51-GSRA1-THD) in Industrial.,,,,,,,,,,,,,,,,,,,,,,,,,,,,,,,,,,,,,,,,,,,,,,,,,,,,,,,,,,,,,,,,,,,,,,,,,,,,,,,,,,,,,,,,,,,,,,,,,,,,,,,,,,,,,,,,,,,,,,,,,,,,,,,,,,,,,,,,,,,,,,,,,,,,,,,,,,,,,,,,,,,,,,,,,,,,,,,,,,,,,,,,,,,,,,,,,,,,,,,,,,,,,,,,,,,,,,,,,,,,,,,No
,,,,,,,Tools,Industrial,General,,R62-CBR15-00W,R62CBR1500W 15A Outlet Wh,-- Unbranded --,-- No Unilog Brand --,Leviton,Leviton Mfg Co (4927),Leviton Mfg Co,,,R62-CBR15-00W,R62-CBR15-00W,Tools > Industrial > General,Leviton Mfg Co R62-CBR15-00W R62CBR1500W 15A Outlet Wh,LEVITON MFG CO R62-CBR15-00W R62CBR1500W 15A OUTLET WH,Leviton Mfg Co R62-CBR15-00W R62CBR1500W 15A Outlet Wh,Leviton Mfg Co R62CBR1500W 15A Outlet Wh (MPN: R62-CBR15-00W) in the Tools > Industrial > General category.,Leviton Mfg Co R62CBR1500W 15A Outlet Wh (R62-CBR15-00W) in Industrial.,Leviton Mfg Co R62CBR1500W 15A Outlet Wh (R62-CBR15-00W) in Industrial.,,,,,,,,,,,,,,,,,,,,,,,,,,,,,,,,,,,,,,,,,,,,,,,,,,,,,,,,,,,,,,,,,,,,,,,,,,,,,,,,,,,,,,,,,,,,,,,,,,,,,,,,,,,,,,,,,,,,,,,,,,,,,,,,,,,,,,,,,,,,,,,,,,,,,,,,,,,,,,,,,,,,,,,,,,,,,,,,,,,,,,,,,,,,,,,,,,,,,,,,,,,,,,,,,,,,,,,,,,,,,,,No
,,,,,,,Tools,Industrial,General,,S03-05226-IS,S0305226IS IV Switch / Pilot,-- Unbranded --,-- No Unilog Brand --,Leviton,Leviton Mfg Co (4927),Leviton Mfg Co,,,S03-05226-IS,S03-05226-IS,Tools > Industrial > General,Leviton Mfg Co S03-05226-IS S0305226IS IV Switch / Pilot,LEVITON MFG CO S03-05226-IS S0305226IS IV SWITCH / PILOT,Leviton Mfg Co S03-05226-IS S0305226IS IV Switch / Pilot,Leviton Mfg Co S0305226IS IV Switch / Pilot (MPN: S03-05226-IS) in the Tools > Industrial > General category.,Leviton Mfg Co S0305226IS IV Switch / Pilot (S03-05226-IS) in Industrial.,Leviton Mfg Co S0305226IS IV Switch / Pilot (S03-05226-IS) in Industrial.,,,,,,,,,,,,,,,,,,,,,,,,,,,,,,,,,,,,,,,,,,,,,,,,,,,,,,,,,,,,,,,,,,,,,,,,,,,,,,,,,,,,,,,,,,,,,,,,,,,,,,,,,,,,,,,,,,,,,,,,,,,,,,,,,,,,,,,,,,,,,,,,,,,,,,,,,,,,,,,,,,,,,,,,,,,,,,,,,,,,,,,,,,,,,,,,,,,,,,,,,,,,,,,,,,,,,,,,,,,,,,,No
,,,,,,,Tools,Industrial,General,,174-0CSB3-15W,174-OCSB3-15A Toggle 3-Way Switch Wh,-- Unbranded --,-- No Unilog Brand --,-- No DIB Brand --,Leviton Mfg Co (4927),Leviton Mfg Co,,,174-0CSB3-15W,174-0CSB3-15W,Tools > Industrial > General,Leviton Mfg Co 174-0CSB3-15W 174-OCSB3-15A Toggle 3-Way Switch Wh,LEVITON MFG CO 174-0CSB3-15W 174-OCSB3-15A TOGGLE 3-WAY SWIT,Leviton Mfg Co 174-0CSB3-15W 174-OCSB3-15A Toggle 3-Way Switch Wh,Leviton Mfg Co 174-OCSB3-15A Toggle 3-Way Switch Wh (MPN: 174-0CSB3-15W) in the Tools > Industrial > General category.,Leviton Mfg Co 174-OCSB3-15A Toggle 3-Way Switch Wh (174-0CSB3-15W) in Industrial.,Leviton Mfg Co 174-OCSB3-15A Toggle 3-Way Switch Wh (174-0CSB3-15W) in Industrial.,,,,,,,,,,,,,,,,,,,,,,,,,,,,,,,,,,,,,,,,,,,,,,,,,,,,,,,,,,,,,,,,,,,,,,,,,,,,,,,,,,,,,,,,,,,,,,,,,,,,,,,,,,,,,,,,,,,,,,,,,,,,,,,,,,,,,,,,,,,,,,,,,,,,,,,,,,,,,,,,,,,,,,,,,,,,,,,,,,,,,,,,,,,,,,,,,,,,,,,,,,,,,,,,,,,,,,,,,,,,,,,No
,,,,,,,Tools,Industrial,General,,R50-0SL13-000,T50-0SL13000 1G Wallplate SS - Blank,-- Unbranded --,-- No Unilog Brand --,Leviton,Leviton Mfg Co (4927),Leviton Mfg Co,,,R50-0SL13-000,R50-0SL13-000,Tools > Industrial > General,Leviton Mfg Co R50-0SL13-000 T50-0SL13000 1G Wallplate SS - Blank,LEVITON MFG CO R50-0SL13-000 T50-0SL13000 1G WALLPLATE SS -,Leviton Mfg Co R50-0SL13-000 T50-0SL13000 1G Wallplate SS - Blank,Leviton Mfg Co T50-0SL13000 1G Wallplate SS - Blank (MPN: R50-0SL13-000) in the Tools > Industrial > General category.,Leviton Mfg Co T50-0SL13000 1G Wallplate SS - Blank (R50-0SL13-000) in Industrial.,Leviton Mfg Co T50-0SL13000 1G Wallplate SS - Blank (R50-0SL13-000) in Industrial.,,,,,,,,,,,,,,,,,,,,,,,,,,,,,,,,,,,,,,,,,,,,,,,,,,,,,,,,,,,,,,,,,,,,,,,,,,,,,,,,,,,,,,,,,,,,,,,,,,,,,,,,,,,,,,,,,,,,,,,,,,,,,,,,,,,,,,,,,,,,,,,,,,,,,,,,,,,,,,,,,,,,,,,,,,,,,,,,,,,,,,,,,,,,,,,,,,,,,,,,,,,,,,,,,,,,,,,,,,,,,,,No
,,,,,,,Tools,Industrial,General,,R52-0PJ13-00W,R520PJ1300W 1G Wallplate Wh - Blank,-- Unbranded --,-- No Unilog Brand --,Leviton,Leviton Mfg Co (4927),Leviton Mfg Co,,,R52-0PJ13-00W,R52-0PJ13-00W,Tools > Industrial > General,Leviton Mfg Co R52-0PJ13-00W R520PJ1300W 1G Wallplate Wh - Blank,LEVITON MFG CO R52-0PJ13-00W R520PJ1300W 1G WALLPLATE WH - B,Leviton Mfg Co R52-0PJ13-00W R520PJ1300W 1G Wallplate Wh - Blank,Leviton Mfg Co R520PJ1300W 1G Wallplate Wh - Blank (MPN: R52-0PJ13-00W) in the Tools > Industrial > General category.,Leviton Mfg Co R520PJ1300W 1G Wallplate Wh - Blank (R52-0PJ13-00W) in Industrial.,Leviton Mfg Co R520PJ1300W 1G Wallplate Wh - Blank (R52-0PJ13-00W) in Industrial.,,,,,,,,,,,,,,,,,,,,,,,,,,,,,,,,,,,,,,,,,,,,,,,,,,,,,,,,,,,,,,,,,,,,,,,,,,,,,,,,,,,,,,,,,,,,,,,,,,,,,,,,,,,,,,,,,,,,,,,,,,,,,,,,,,,,,,,,,,,,,,,,,,,,,,,,,,,,,,,,,,,,,,,,,,,,,,,,,,,,,,,,,,,,,,,,,,,,,,,,,,,,,,,,,,,,,,,,,,,,,,,No
,,,,,,,Tools,Industrial,General,,XOU2470BCGS,XOU2470BCGS Tall Beverage Center SS,-- Unbranded --,-- No Unilog Brand --,-- No DIB Brand --,Appliance Dealers Cooperative (APPDE),,,,XOU2470BCGS,XOU2470BCGS,Tools > Industrial > General,Appliance Dealers Cooperative XOU2470BCGS Tall Beverage Center SS,APPLIANCE DEALERS COOPERATIVE XOU2470BCGS TALL BEVERAGE CENT,Appliance Dealers Cooperative XOU2470BCGS Tall Beverage Center SS,Appliance Dealers Cooperative Tall Beverage Center SS (MPN: XOU2470BCGS) in the Tools > Industrial > General category.,Appliance Dealers Cooperative Tall Beverage Center SS (XOU2470BCGS) in Industrial.,Appliance Dealers Cooperative Tall Beverage Center SS (XOU2470BCGS) in Industrial.,,,,,,,,,,,,,,,,,,,,,,,,,,,,,,,,,,,,,,,,,,,,,,,,,,,,,,,,,,,,,,,,,,,,,,,,,,,,,,,,,,,,,,,,,,,,,,,,,,,,,,,,,,,,,,,,,,,,,,,,,,,,,,,,,,,,,,,,,,,,,,,,,,,,,,,,,,,,,,,,,,,,,,,,,,,,,,,,,,,,,,,,,,,,,,,,,,,,,,,,,,,,,,,,,,,,,,,,,,,,,,,No
,,,,,,,Tools,Industrial,General,,XOU24BCGSR,XOU24BCGSR Beverage Center SS,-- Unbranded --,-- No Unilog Brand --,-- No DIB Brand --,Appliance Dealers Cooperative (APPDE),,,,XOU24BCGSR,XOU24BCGSR,Tools > Industrial > General,Appliance Dealers Cooperative XOU24BCGSR Beverage Center SS,APPLIANCE DEALERS COOPERATIVE XOU24BCGSR BEVERAGE CENTER SS,Appliance Dealers Cooperative XOU24BCGSR Beverage Center SS,Appliance Dealers Cooperative Beverage Center SS (MPN: XOU24BCGSR) in the Tools > Industrial > General category.,Appliance Dealers Cooperative Beverage Center SS (XOU24BCGSR) in Industrial.,Appliance Dealers Cooperative Beverage Center SS (XOU24BCGSR) in Industrial.,,,,,,,,,,,,,,,,,,,,,,,,,,,,,,,,,,,,,,,,,,,,,,,,,,,,,,,,,,,,,,,,,,,,,,,,,,,,,,,,,,,,,,,,,,,,,,,,,,,,,,,,,,,,,,,,,,,,,,,,,,,,,,,,,,,,,,,,,,,,,,,,,,,,,,,,,,,,,,,,,,,,,,,,,,,,,,,,,,,,,,,,,,,,,,,,,,,,,,,,,,,,,,,,,,,,,,,,,,,,,,,No
,,,,,,,Tools,Industrial,General,,XOU24WDZGBR,XOU24WDZGBR Beverage Center Bk,-- Unbranded --,-- No Unilog Brand --,-- No DIB Brand --,Appliance Dealers Cooperative (APPDE),,,,XOU24WDZGBR,XOU24WDZGBR,Tools > Industrial > General,Appliance Dealers Cooperative XOU24WDZGBR Beverage Center Bk,APPLIANCE DEALERS COOPERATIVE XOU24WDZGBR BEVERAGE CENTER BK,Appliance Dealers Cooperative XOU24WDZGBR Beverage Center Bk,Appliance Dealers Cooperative Beverage Center Bk (MPN: XOU24WDZGBR) in the Tools > Industrial > General category.,Appliance Dealers Cooperative Beverage Center Bk (XOU24WDZGBR) in Industrial.,Appliance Dealers Cooperative Beverage Center Bk (XOU24WDZGBR) in Industrial.,,,,,,,,,,,,,,,,,,,,,,,,,,,,,,,,,,,,,,,,,,,,,,,,,,,,,,,,,,,,,,,,,,,,,,,,,,,,,,,,,,,,,,,,,,,,,,,,,,,,,,,,,,,,,,,,,,,,,,,,,,,,,,,,,,,,,,,,,,,,,,,,,,,,,,,,,,,,,,,,,,,,,,,,,,,,,,,,,,,,,,,,,,,,,,,,,,,,,,,,,,,,,,,,,,,,,,,,,,,,,,,No
,,,,,,,Tools,Industrial,General,,C7CDAAS3PD3,C7CDAAS3PD3 Café Drip Coffee Maker MB,-- Unbranded --,-- No Unilog Brand --,-- No DIB Brand --,Appliance Dealers Cooperative (APPDE),,,,C7CDAAS3PD3,C7CDAAS3PD3,Tools > Industrial > General,Appliance Dealers Cooperative C7CDAAS3PD3 Café Drip Coffee Maker MB,APPLIANCE DEALERS COOPERATIVE C7CDAAS3PD3 CAFÉ DRIP COFFEE M,Appliance Dealers Cooperative C7CDAAS3PD3 Café Drip Coffee Maker MB,Appliance Dealers Cooperative Café Drip Coffee Maker MB (MPN: C7CDAAS3PD3) in the Tools > Industrial > General category.,Appliance Dealers Cooperative Café Drip Coffee Maker MB (C7CDAAS3PD3) in Industrial.,Appliance Dealers Cooperative Café Drip Coffee Maker MB (C7CDAAS3PD3) in Industrial.,,,,,,,,,,,,,,,,,,,,,,,,,,,,,,,,,,,,,,,,,,,,,,,,,,,,,,,,,,,,,,,,,,,,,,,,,,,,,,,,,,,,,,,,,,,,,,,,,,,,,,,,,,,,,,,,,,,,,,,,,,,,,,,,,,,,,,,,,,,,,,,,,,,,,,,,,,,,,,,,,,,,,,,,,,,,,,,,,,,,,,,,,,,,,,,,,,,,,,,,,,,,,,,,,,,,,,,,,,,,,,,No
,,,,,,,Tools,Industrial,General,,C7CDAAS4PW3,C7CDAAS4PW3 Café Drip Coffee Maker MW,-- Unbranded --,-- No Unilog Brand --,-- No DIB Brand --,Appliance Dealers Cooperative (APPDE),,,,C7CDAAS4PW3,C7CDAAS4PW3,Tools > Industrial > General,Appliance Dealers Cooperative C7CDAAS4PW3 Café Drip Coffee Maker MW,APPLIANCE DEALERS COOPERATIVE C7CDAAS4PW3 CAFÉ DRIP COFFEE M,Appliance Dealers Cooperative C7CDAAS4PW3 Café Drip Coffee Maker MW,Appliance Dealers Cooperative Café Drip Coffee Maker MW (MPN: C7CDAAS4PW3) in the Tools > Industrial > General category.,Appliance Dealers Cooperative Café Drip Coffee Maker MW (C7CDAAS4PW3) in Industrial.,Appliance Dealers Cooperative Café Drip Coffee Maker MW (C7CDAAS4PW3) in Industrial.,,,,,,,,,,,,,,,,,,,,,,,,,,,,,,,,,,,,,,,,,,,,,,,,,,,,,,,,,,,,,,,,,,,,,,,,,,,,,,,,,,,,,,,,,,,,,,,,,,,,,,,,,,,,,,,,,,,,,,,,,,,,,,,,,,,,,,,,,,,,,,,,,,,,,,,,,,,,,,,,,,,,,,,,,,,,,,,,,,,,,,,,,,,,,,,,,,,,,,,,,,,,,,,,,,,,,,,,,,,,,,,No
,,,,,,,Tools,Industrial,General,,C7CDABS2RS3,C7CDABS2RS3 Cafe Coffee Maker,-- Unbranded --,-- No Unilog Brand --,-- No DIB Brand --,Appliance Dealers Cooperative (APPDE),,,,C7CDABS2RS3,C7CDABS2RS3,Tools > Industrial > General,Appliance Dealers Cooperative C7CDABS2RS3 Cafe Coffee Maker,APPLIANCE DEALERS COOPERATIVE C7CDABS2RS3 CAFE COFFEE MAKER,Appliance Dealers Cooperative C7CDABS2RS3 Cafe Coffee Maker,Appliance Dealers Cooperative Cafe Coffee Maker (MPN: C7CDABS2RS3) in the Tools > Industrial > General category.,Appliance Dealers Cooperative Cafe Coffee Maker (C7CDABS2RS3) in Industrial.,Appliance Dealers Cooperative Cafe Coffee Maker (C7CDABS2RS3) in Industrial.,,,,,,,,,,,,,,,,,,,,,,,,,,,,,,,,,,,,,,,,,,,,,,,,,,,,,,,,,,,,,,,,,,,,,,,,,,,,,,,,,,,,,,,,,,,,,,,,,,,,,,,,,,,,,,,,,,,,,,,,,,,,,,,,,,,,,,,,,,,,,,,,,,,,,,,,,,,,,,,,,,,,,,,,,,,,,,,,,,,,,,,,,,,,,,,,,,,,,,,,,,,,,,,,,,,,,,,,,,,,,,,No
,,,,,,,Tools,Industrial,General,,C7CDABS3RD3,C7CDABS3RD3 Café Coffee Maker MB,-- Unbranded --,-- No Unilog Brand --,-- No DIB Brand --,Appliance Dealers Cooperative (APPDE),,,,C7CDABS3RD3,C7CDABS3RD3,Tools > Industrial > General,Appliance Dealers Cooperative C7CDABS3RD3 Café Coffee Maker MB,APPLIANCE DEALERS COOPERATIVE C7CDABS3RD3 CAFÉ COFFEE MAKER,Appliance Dealers Cooperative C7CDABS3RD3 Café Coffee Maker MB,Appliance Dealers Cooperative Café Coffee Maker MB (MPN: C7CDABS3RD3) in the Tools > Industrial > General category.,Appliance Dealers Cooperative Café Coffee Maker MB (C7CDABS3RD3) in Industrial.,Appliance Dealers Cooperative Café Coffee Maker MB (C7CDABS3RD3) in Industrial.,,,,,,,,,,,,,,,,,,,,,,,,,,,,,,,,,,,,,,,,,,,,,,,,,,,,,,,,,,,,,,,,,,,,,,,,,,,,,,,,,,,,,,,,,,,,,,,,,,,,,,,,,,,,,,,,,,,,,,,,,,,,,,,,,,,,,,,,,,,,,,,,,,,,,,,,,,,,,,,,,,,,,,,,,,,,,,,,,,,,,,,,,,,,,,,,,,,,,,,,,,,,,,,,,,,,,,,,,,,,,,,No
,,,,,,,Tools,Industrial,General,,C7CDABS4RW3,C7CDABS4RW3 Café Coffee Maker MW,-- Unbranded --,-- No Unilog Brand --,-- No DIB Brand --,Appliance Dealers Cooperative (APPDE),,,,C7CDABS4RW3,C7CDABS4RW3,Tools > Industrial > General,Appliance Dealers Cooperative C7CDABS4RW3 Café Coffee Maker MW,APPLIANCE DEALERS COOPERATIVE C7CDABS4RW3 CAFÉ COFFEE MAKER,Appliance Dealers Cooperative C7CDABS4RW3 Café Coffee Maker MW,Appliance Dealers Cooperative Café Coffee Maker MW (MPN: C7CDABS4RW3) in the Tools > Industrial > General category.,Appliance Dealers Cooperative Café Coffee Maker MW (C7CDABS4RW3) in Industrial.,Appliance Dealers Cooperative Café Coffee Maker MW (C7CDABS4RW3) in Industrial.,,,,,,,,,,,,,,,,,,,,,,,,,,,,,,,,,,,,,,,,,,,,,,,,,,,,,,,,,,,,,,,,,,,,,,,,,,,,,,,,,,,,,,,,,,,,,,,,,,,,,,,,,,,,,,,,,,,,,,,,,,,,,,,,,,,,,,,,,,,,,,,,,,,,,,,,,,,,,,,,,,,,,,,,,,,,,,,,,,,,,,,,,,,,,,,,,,,,,,,,,,,,,,,,,,,,,,,,,,,,,,,No
,,,,,,,Tools,Industrial,General,,C7CEBBS2RS3,C7CEBBS2RS3 Cafe Auto Espresso Machine SS,-- Unbranded --,-- No Unilog Brand --,-- No DIB Brand --,Appliance Dealers Cooperative (APPDE),,,,C7CEBBS2RS3,C7CEBBS2RS3,Tools > Industrial > General,Appliance Dealers Cooperative C7CEBBS2RS3 Cafe Auto Espresso Machine SS,APPLIANCE DEALERS COOPERATIVE C7CEBBS2RS3 CAFE AUTO ESPRESSO,Appliance Dealers Cooperative C7CEBBS2RS3 Cafe Auto Espresso Machine SS,Appliance Dealers Cooperative Cafe Auto Espresso Machine SS (MPN: C7CEBBS2RS3) in the Tools > Industrial > General category.,Appliance Dealers Cooperative Cafe Auto Espresso Machine SS (C7CEBBS2RS3) in Industrial.,Appliance Dealers Cooperative Cafe Auto Espresso Machine SS (C7CEBBS2RS3) in Industrial.,,,,,,,,,,,,,,,,,,,,,,,,,,,,,,,,,,,,,,,,,,,,,,,,,,,,,,,,,,,,,,,,,,,,,,,,,,,,,,,,,,,,,,,,,,,,,,,,,,,,,,,,,,,,,,,,,,,,,,,,,,,,,,,,,,,,,,,,,,,,,,,,,,,,,,,,,,,,,,,,,,,,,,,,,,,,,,,,,,,,,,,,,,,,,,,,,,,,,,,,,,,,,,,,,,,,,,,,,,,,,,,No
,,,,,,,Tools,Industrial,General,,C7CEBBS4RW3,C7CEBBS4RW3 Café Auto Espresso Machine Wh,-- Unbranded --,-- No Unilog Brand --,-- No DIB Brand --,Appliance Dealers Cooperative (APPDE),,,,C7CEBBS4RW3,C7CEBBS4RW3,Tools > Industrial > General,Appliance Dealers Cooperative C7CEBBS4RW3 Café Auto Espresso Machine Wh,APPLIANCE DEALERS COOPERATIVE C7CEBBS4RW3 CAFÉ AUTO ESPRESSO,Appliance Dealers Cooperative C7CEBBS4RW3 Café Auto Espresso Machine Wh,Appliance Dealers Cooperative Café Auto Espresso Machine Wh (MPN: C7CEBBS4RW3) in the Tools > Industrial > General category.,Appliance Dealers Cooperative Café Auto Espresso Machine Wh (C7CEBBS4RW3) in Industrial.,Appliance Dealers Cooperative Café Auto Espresso Machine Wh (C7CEBBS4RW3) in Industrial.,,,,,,,,,,,,,,,,,,,,,,,,,,,,,,,,,,,,,,,,,,,,,,,,,,,,,,,,,,,,,,,,,,,,,,,,,,,,,,,,,,,,,,,,,,,,,,,,,,,,,,,,,,,,,,,,,,,,,,,,,,,,,,,,,,,,,,,,,,,,,,,,,,,,,,,,,,,,,,,,,,,,,,,,,,,,,,,,,,,,,,,,,,,,,,,,,,,,,,,,,,,,,,,,,,,,,,,,,,,,,,,No
,,,,,,,Tools,Industrial,General,,C7CESAS2RS3,C7CESAS2RS3 Café Espresso SS,-- Unbranded --,-- No Unilog Brand --,-- No DIB Brand --,Appliance Dealers Cooperative (APPDE),,,,C7CESAS2RS3,C7CESAS2RS3,Tools > Industrial > General,Appliance Dealers Cooperative C7CESAS2RS3 Café Espresso SS,APPLIANCE DEALERS COOPERATIVE C7CESAS2RS3 CAFÉ ESPRESSO SS,Appliance Dealers Cooperative C7CESAS2RS3 Café Espresso SS,Appliance Dealers Cooperative Café Espresso SS (MPN: C7CESAS2RS3) in the Tools > Industrial > General category.,Appliance Dealers Cooperative Café Espresso SS (C7CESAS2RS3) in Industrial.,Appliance Dealers Cooperative Café Espresso SS (C7CESAS2RS3) in Industrial.,,,,,,,,,,,,,,,,,,,,,,,,,,,,,,,,,,,,,,,,,,,,,,,,,,,,,,,,,,,,,,,,,,,,,,,,,,,,,,,,,,,,,,,,,,,,,,,,,,,,,,,,,,,,,,,,,,,,,,,,,,,,,,,,,,,,,,,,,,,,,,,,,,,,,,,,,,,,,,,,,,,,,,,,,,,,,,,,,,,,,,,,,,,,,,,,,,,,,,,,,,,,,,,,,,,,,,,,,,,,,,,No
,,,,,,,Tools,Industrial,General,,C7CESAS3RD3,C7CESAS3RD3 Café Espresso Machine MB,-- Unbranded --,-- No Unilog Brand --,-- No DIB Brand --,Appliance Dealers Cooperative (APPDE),,,,C7CESAS3RD3,C7CESAS3RD3,Tools > Industrial > General,Appliance Dealers Cooperative C7CESAS3RD3 Café Espresso Machine MB,APPLIANCE DEALERS COOPERATIVE C7CESAS3RD3 CAFÉ ESPRESSO MACH,Appliance Dealers Cooperative C7CESAS3RD3 Café Espresso Machine MB,Appliance Dealers Cooperative Café Espresso Machine MB (MPN: C7CESAS3RD3) in the Tools > Industrial > General category.,Appliance Dealers Cooperative Café Espresso Machine MB (C7CESAS3RD3) in Industrial.,Appliance Dealers Cooperative Café Espresso Machine MB (C7CESAS3RD3) in Industrial.,,,,,,,,,,,,,,,,,,,,,,,,,,,,,,,,,,,,,,,,,,,,,,,,,,,,,,,,,,,,,,,,,,,,,,,,,,,,,,,,,,,,,,,,,,,,,,,,,,,,,,,,,,,,,,,,,,,,,,,,,,,,,,,,,,,,,,,,,,,,,,,,,,,,,,,,,,,,,,,,,,,,,,,,,,,,,,,,,,,,,,,,,,,,,,,,,,,,,,,,,,,,,,,,,,,,,,,,,,,,,,,No
,,,,,,,Tools,Industrial,General,,C7CESAS4RW3,C7CESAS4RW3 Cafe Espresso Wh,-- Unbranded --,-- No Unilog Brand --,-- No DIB Brand --,Appliance Dealers Cooperative (APPDE),,,,C7CESAS4RW3,C7CESAS4RW3,Tools > Industrial > General,Appliance Dealers Cooperative C7CESAS4RW3 Cafe Espresso Wh,APPLIANCE DEALERS COOPERATIVE C7CESAS4RW3 CAFE ESPRESSO WH,Appliance Dealers Cooperative C7CESAS4RW3 Cafe Espresso Wh,Appliance Dealers Cooperative Cafe Espresso Wh (MPN: C7CESAS4RW3) in the Tools > Industrial > General category.,Appliance Dealers Cooperative Cafe Espresso Wh (C7CESAS4RW3) in Industrial.,Appliance Dealers Cooperative Cafe Espresso Wh (C7CESAS4RW3) in Industrial.,,,,,,,,,,,,,,,,,,,,,,,,,,,,,,,,,,,,,,,,,,,,,,,,,,,,,,,,,,,,,,,,,,,,,,,,,,,,,,,,,,,,,,,,,,,,,,,,,,,,,,,,,,,,,,,,,,,,,,,,,,,,,,,,,,,,,,,,,,,,,,,,,,,,,,,,,,,,,,,,,,,,,,,,,,,,,,,,,,,,,,,,,,,,,,,,,,,,,,,,,,,,,,,,,,,,,,,,,,,,,,,No
,,,,,,,Tools,Industrial,General,,WOSP30100SS,WOSP30100SS Beko Wall Oven SS,-- Unbranded --,-- No Unilog Brand --,-- No DIB Brand --,Appliance Dealers Cooperative (APPDE),,,,WOSP30100SS,WOSP30100SS,Tools > Industrial > General,Appliance Dealers Cooperative WOSP30100SS Beko Wall Oven SS,APPLIANCE DEALERS COOPERATIVE WOSP30100SS BEKO WALL OVEN SS,Appliance Dealers Cooperative WOSP30100SS Beko Wall Oven SS,Appliance Dealers Cooperative Beko Wall Oven SS (MPN: WOSP30100SS) in the Tools > Industrial > General category.,Appliance Dealers Cooperative Beko Wall Oven SS (WOSP30100SS) in Industrial.,Appliance Dealers Cooperative Beko Wall Oven SS (WOSP30100SS) in Industrial.,,,,,,,,,,,,,,,,,,,,,,,,,,,,,,,,,,,,,,,,,,,,,,,,,,,,,,,,,,,,,,,,,,,,,,,,,,,,,,,,,,,,,,,,,,,,,,,,,,,,,,,,,,,,,,,,,,,,,,,,,,,,,,,,,,,,,,,,,,,,,,,,,,,,,,,,,,,,,,,,,,,,,,,,,,,,,,,,,,,,,,,,,,,,,,,,,,,,,,,,,,,,,,,,,,,,,,,,,,,,,,,No
,,,,,,,Tools,Industrial,General,,MSER2090S,MSER2090S LG Microwave SS,-- Unbranded --,-- No Unilog Brand --,-- No DIB Brand --,Appliance Dealers Cooperative (APPDE),,,,MSER2090S,MSER2090S,Tools > Industrial > General,Appliance Dealers Cooperative MSER2090S LG Microwave SS,APPLIANCE DEALERS COOPERATIVE MSER2090S LG MICROWAVE SS,Appliance Dealers Cooperative MSER2090S LG Microwave SS,Appliance Dealers Cooperative LG Microwave SS (MPN: MSER2090S) in the Tools > Industrial > General category.,Appliance Dealers Cooperative LG Microwave SS (MSER2090S) in Industrial.,Appliance Dealers Cooperative LG Microwave SS (MSER2090S) in Industrial.,,,,,,,,,,,,,,,,,,,,,,,,,,,,,,,,,,,,,,,,,,,,,,,,,,,,,,,,,,,,,,,,,,,,,,,,,,,,,,,,,,,,,,,,,,,,,,,,,,,,,,,,,,,,,,,,,,,,,,,,,,,,,,,,,,,,,,,,,,,,,,,,,,,,,,,,,,,,,,,,,,,,,,,,,,,,,,,,,,,,,,,,,,,,,,,,,,,,,,,,,,,,,,,,,,,,,,,,,,,,,,,No
,,,,,,,Tools,Industrial,General,,GCST16S1WSS,GCST16S1WSS GE Microwave SS,-- Unbranded --,-- No Unilog Brand --,-- No DIB Brand --,Appliance Dealers Cooperative (APPDE),,,,GCST16S1WSS,GCST16S1WSS,Tools > Industrial > General,Appliance Dealers Cooperative GCST16S1WSS GE Microwave SS,APPLIANCE DEALERS COOPERATIVE GCST16S1WSS GE MICROWAVE SS,Appliance Dealers Cooperative GCST16S1WSS GE Microwave SS,Appliance Dealers Cooperative GE Microwave SS (MPN: GCST16S1WSS) in the Tools > Industrial > General category.,Appliance Dealers Cooperative GE Microwave SS (GCST16S1WSS) in Industrial.,Appliance Dealers Cooperative GE Microwave SS (GCST16S1WSS) in Industrial.,,,,,,,,,,,,,,,,,,,,,,,,,,,,,,,,,,,,,,,,,,,,,,,,,,,,,,,,,,,,,,,,,,,,,,,,,,,,,,,,,,,,,,,,,,,,,,,,,,,,,,,,,,,,,,,,,,,,,,,,,,,,,,,,,,,,,,,,,,,,,,,,,,,,,,,,,,,,,,,,,,,,,,,,,,,,,,,,,,,,,,,,,,,,,,,,,,,,,,,,,,,,,,,,,,,,,,,,,,,,,,,No
,,,,,,,Tools,Industrial,General,,PCWK15C1WSS,PCWK15C1WSS GE Microwave,-- Unbranded --,-- No Unilog Brand --,-- No DIB Brand --,Appliance Dealers Cooperative (APPDE),,,,PCWK15C1WSS,PCWK15C1WSS,Tools > Industrial > General,Appliance Dealers Cooperative PCWK15C1WSS GE Microwave,APPLIANCE DEALERS COOPERATIVE PCWK15C1WSS GE MICROWAVE,Appliance Dealers Cooperative PCWK15C1WSS GE Microwave,Appliance Dealers Cooperative GE Microwave (MPN: PCWK15C1WSS) in the Tools > Industrial > General category.,Appliance Dealers Cooperative GE Microwave (PCWK15C1WSS) in Industrial.,Appliance Dealers Cooperative GE Microwave (PCWK15C1WSS) in Industrial.,,,,,,,,,,,,,,,,,,,,,,,,,,,,,,,,,,,,,,,,,,,,,,,,,,,,,,,,,,,,,,,,,,,,,,,,,,,,,,,,,,,,,,,,,,,,,,,,,,,,,,,,,,,,,,,,,,,,,,,,,,,,,,,,,,,,,,,,,,,,,,,,,,,,,,,,,,,,,,,,,,,,,,,,,,,,,,,,,,,,,,,,,,,,,,,,,,,,,,,,,,,,,,,,,,,,,,,,,,,,,,,No
,,,,,,,Tools,Industrial,General,,SMC2266KS,SMC2266KS Microwave SS Display Only,-- Unbranded --,-- No Unilog Brand --,-- No DIB Brand --,Appliance Dealers Cooperative (APPDE),,,,SMC2266KS,SMC2266KS,Tools > Industrial > General,Appliance Dealers Cooperative SMC2266KS Microwave SS Display Only,APPLIANCE DEALERS COOPERATIVE SMC2266KS MICROWAVE SS DISPLAY,Appliance Dealers Cooperative SMC2266KS Microwave SS Display Only,Appliance Dealers Cooperative Microwave SS Display Only (MPN: SMC2266KS) in the Tools > Industrial > General category.,Appliance Dealers Cooperative Microwave SS Display Only (SMC2266KS) in Industrial.,Appliance Dealers Cooperative Microwave SS Display Only (SMC2266KS) in Industrial.,,,,,,,,,,,,,,,,,,,,,,,,,,,,,,,,,,,,,,,,,,,,,,,,,,,,,,,,,,,,,,,,,,,,,,,,,,,,,,,,,,,,,,,,,,,,,,,,,,,,,,,,,,,,,,,,,,,,,,,,,,,,,,,,,,,,,,,,,,,,,,,,,,,,,,,,,,,,,,,,,,,,,,,,,,,,,,,,,,,,,,,,,,,,,,,,,,,,,,,,,,,,,,,,,,,,,,,,,,,,,,,No
,,,,,,,Tools,Industrial,General,,SMD2479JS,SMD2479JS Microwave Drawer SS Display Only,-- Unbranded --,-- No Unilog Brand --,-- No DIB Brand --,Appliance Dealers Cooperative (APPDE),,,,SMD2479JS,SMD2479JS,Tools > Industrial > General,Appliance Dealers Cooperative SMD2479JS Microwave Drawer SS Display Only,APPLIANCE DEALERS COOPERATIVE SMD2479JS MICROWAVE DRAWER SS,Appliance Dealers Cooperative SMD2479JS Microwave Drawer SS Display Only,Appliance Dealers Cooperative Microwave Drawer SS Display Only (MPN: SMD2479JS) in the Tools > Industrial > General category.,Appliance Dealers Cooperative Microwave Drawer SS Display Only (SMD2479JS) in Industrial.,Appliance Dealers Cooperative Microwave Drawer SS Display Only (SMD2479JS) in Industrial.,,,,,,,,,,,,,,,,,,,,,,,,,,,,,,,,,,,,,,,,,,,,,,,,,,,,,,,,,,,,,,,,,,,,,,,,,,,,,,,,,,,,,,,,,,,,,,,,,,,,,,,,,,,,,,,,,,,,,,,,,,,,,,,,,,,,,,,,,,,,,,,,,,,,,,,,,,,,,,,,,,,,,,,,,,,,,,,,,,,,,,,,,,,,,,,,,,,,,,,,,,,,,,,,,,,,,,,,,,,,,,,No
,,,,,,,Tools,Industrial,General,,PEP9030DTBB,"PEP9030DTBB 30"" GE Cooktop Bk",-- Unbranded --,-- No Unilog Brand --,-- No DIB Brand --,Appliance Dealers Cooperative (APPDE),,,,PEP9030DTBB,PEP9030DTBB,Tools > Industrial > General,"Appliance Dealers Cooperative PEP9030DTBB 30"" GE Cooktop Bk","APPLIANCE DEALERS COOPERATIVE PEP9030DTBB 30"" GE COOKTOP BK","Appliance Dealers Cooperative PEP9030DTBB 30"" GE Cooktop Bk","Appliance Dealers Cooperative 30"" GE Cooktop Bk (MPN: PEP9030DTBB) in the Tools > Industrial > General category.","Appliance Dealers Cooperative 30"" GE Cooktop Bk (PEP9030DTBB) in Industrial.","Appliance Dealers Cooperative 30"" GE Cooktop Bk (PEP9030DTBB) in Industrial.",,,,,,,,,,,,,,,,,,,,,,,,,,,,,,,,,,,,,,,,,,,,,,,,,,,,,,,,,,,,,,,,,,,,,,,,,,,,,,,,,,,,,,,,,,,,,,,,,,,,,,,,,,,,,,,,,,,,,,,,,,,,,,,,,,,,,,,,,,,,,,,,,,,,,,,,,,,,,,,,,,,,,,,,,,,,,,,,,,,,,,,,,,,,,,,,,,,,,,,,,,,,,,,,,,,,,,,,,,,,,,,No
,,,,,,,Tools,Industrial,General,,CES700P3MD1,"CES700P3MD1 Cafe 30"" Range Bk - Display",-- Unbranded --,-- No Unilog Brand --,-- No DIB Brand --,Appliance Dealers Cooperative (APPDE),,,,CES700P3MD1,CES700P3MD1,Tools > Industrial > General,"Appliance Dealers Cooperative CES700P3MD1 Cafe 30"" Range Bk - Display","APPLIANCE DEALERS COOPERATIVE CES700P3MD1 CAFE 30"" RANGE BK","Appliance Dealers Cooperative CES700P3MD1 Cafe 30"" Range Bk - Display","Appliance Dealers Cooperative Cafe 30"" Range Bk - Display (MPN: CES700P3MD1) in the Tools > Industrial > General category.","Appliance Dealers Cooperative Cafe 30"" Range Bk - Display (CES700P3MD1) in Industrial.","Appliance Dealers Cooperative Cafe 30"" Range Bk - Display (CES700P3MD1) in Industrial.",,,,,,,,,,,,,,,,,,,,,,,,,,,,,,,,,,,,,,,,,,,,,,,,,,,,,,,,,,,,,,,,,,,,,,,,,,,,,,,,,,,,,,,,,,,,,,,,,,,,,,,,,,,,,,,,,,,,,,,,,,,,,,,,,,,,,,,,,,,,,,,,,,,,,,,,,,,,,,,,,,,,,,,,,,,,,,,,,,,,,,,,,,,,,,,,,,,,,,,,,,,,,,,,,,,,,,,,,,,,,,,No
,,,,,,,Tools,Industrial,General,,PS960YPFS,"PS960YPFS 30"" GE Electric Range SS - Display Only",-- Unbranded --,-- No Unilog Brand --,-- No DIB Brand --,Appliance Dealers Cooperative (APPDE),,,,PS960YPFS,PS960YPFS,Tools > Industrial > General,"Appliance Dealers Cooperative PS960YPFS 30"" GE Electric Range SS - Display Only","APPLIANCE DEALERS COOPERATIVE PS960YPFS 30"" GE ELECTRIC RANG","Appliance Dealers Cooperative PS960YPFS 30"" GE Electric Range SS - Display Only","Appliance Dealers Cooperative 30"" GE Electric Range SS - Display Only (MPN: PS960YPFS) in the Tools > Industrial > General category.","Appliance Dealers Cooperative 30"" GE Electric Range SS - Display Only (PS960YPFS) in Industrial.","Appliance Dealers Cooperative 30"" GE Electric Range SS - Display Only (PS960YPFS) in Industrial.",,,,,,,,,,,,,,,,,,,,,,,,,,,,,,,,,,,,,,,,,,,,,,,,,,,,,,,,,,,,,,,,,,,,,,,,,,,,,,,,,,,,,,,,,,,,,,,,,,,,,,,,,,,,,,,,,,,,,,,,,,,,,,,,,,,,,,,,,,,,,,,,,,,,,,,,,,,,,,,,,,,,,,,,,,,,,,,,,,,,,,,,,,,,,,,,,,,,,,,,,,,,,,,,,,,,,,,,,,,,,,,No
,,,,,,,Tools,Industrial,General,,PB900YVFS,"PB900YVFS Elect 30"" Range SS",-- Unbranded --,-- No Unilog Brand --,-- No DIB Brand --,Appliance Dealers Cooperative (APPDE),,,,PB900YVFS,PB900YVFS,Tools > Industrial > General,"Appliance Dealers Cooperative PB900YVFS Elect 30"" Range SS","APPLIANCE DEALERS COOPERATIVE PB900YVFS ELECT 30"" RANGE SS","Appliance Dealers Cooperative PB900YVFS Elect 30"" Range SS","Appliance Dealers Cooperative Elect 30"" Range SS (MPN: PB900YVFS) in the Tools > Industrial > General category.","Appliance Dealers Cooperative Elect 30"" Range SS (PB900YVFS) in Industrial.","Appliance Dealers Cooperative Elect 30"" Range SS (PB900YVFS) in Industrial.",,,,,,,,,,,,,,,,,,,,,,,,,,,,,,,,,,,,,,,,,,,,,,,,,,,,,,,,,,,,,,,,,,,,,,,,,,,,,,,,,,,,,,,,,,,,,,,,,,,,,,,,,,,,,,,,,,,,,,,,,,,,,,,,,,,,,,,,,,,,,,,,,,,,,,,,,,,,,,,,,,,,,,,,,,,,,,,,,,,,,,,,,,,,,,,,,,,,,,,,,,,,,,,,,,,,,,,,,,,,,,,No
,,,,,,,Tools,Industrial,General,,PCFE3080AF,"PCFE3080AF 30"" Elect Range SS - Display Only",-- Unbranded --,-- No Unilog Brand --,-- No DIB Brand --,Appliance Dealers Cooperative (APPDE),,,,PCFE3080AF,PCFE3080AF,Tools > Industrial > General,"Appliance Dealers Cooperative PCFE3080AF 30"" Elect Range SS - Display Only","APPLIANCE DEALERS COOPERATIVE PCFE3080AF 30"" ELECT RANGE SS","Appliance Dealers Cooperative PCFE3080AF 30"" Elect Range SS - Display Only","Appliance Dealers Cooperative 30"" Elect Range SS - Display Only (MPN: PCFE3080AF) in the Tools > Industrial > General category.","Appliance Dealers Cooperative 30"" Elect Range SS - Display Only (PCFE3080AF) in Industrial.","Appliance Dealers Cooperative 30"" Elect Range SS - Display Only (PCFE3080AF) in Industrial.",,,,,,,,,,,,,,,,,,,,,,,,,,,,,,,,,,,,,,,,,,,,,,,,,,,,,,,,,,,,,,,,,,,,,,,,,,,,,,,,,,,,,,,,,,,,,,,,,,,,,,,,,,,,,,,,,,,,,,,,,,,,,,,,,,,,,,,,,,,,,,,,,,,,,,,,,,,,,,,,,,,,,,,,,,,,,,,,,,,,,,,,,,,,,,,,,,,,,,,,,,,,,,,,,,,,,,,,,,,,,,,No
,,,,,,,Tools,Industrial,General,,SLER30524SS,"SLER30524SS 30"" Elect Range SS",-- Unbranded --,-- No Unilog Brand --,-- No DIB Brand --,Appliance Dealers Cooperative (APPDE),,,,SLER30524SS,SLER30524SS,Tools > Industrial > General,"Appliance Dealers Cooperative SLER30524SS 30"" Elect Range SS","APPLIANCE DEALERS COOPERATIVE SLER30524SS 30"" ELECT RANGE SS","Appliance Dealers Cooperative SLER30524SS 30"" Elect Range SS","Appliance Dealers Cooperative 30"" Elect Range SS (MPN: SLER30524SS) in the Tools > Industrial > General category.","Appliance Dealers Cooperative 30"" Elect Range SS (SLER30524SS) in Industrial.","Appliance Dealers Cooperative 30"" Elect Range SS (SLER30524SS) in Industrial.",,,,,,,,,,,,,,,,,,,,,,,,,,,,,,,,,,,,,,,,,,,,,,,,,,,,,,,,,,,,,,,,,,,,,,,,,,,,,,,,,,,,,,,,,,,,,,,,,,,,,,,,,,,,,,,,,,,,,,,,,,,,,,,,,,,,,,,,,,,,,,,,,,,,,,,,,,,,,,,,,,,,,,,,,,,,,,,,,,,,,,,,,,,,,,,,,,,,,,,,,,,,,,,,,,,,,,,,,,,,,,,No
,,,,,,,Tools,Industrial,General,,LSEL6333ZE,"LSEL6333ZE LG 30"" Elec Range BS-Display Only",-- Unbranded --,-- No Unilog Brand --,-- No DIB Brand --,Appliance Dealers Cooperative (APPDE),,,,LSEL6333ZE,LSEL6333ZE,Tools > Industrial > General,"Appliance Dealers Cooperative LSEL6333ZE LG 30"" Elec Range BS-Display Only","APPLIANCE DEALERS COOPERATIVE LSEL6333ZE LG 30"" ELEC RANGE B","Appliance Dealers Cooperative LSEL6333ZE LG 30"" Elec Range BS-Display Only","Appliance Dealers Cooperative LG 30"" Elec Range BS-Display Only (MPN: LSEL6333ZE) in the Tools > Industrial > General category.","Appliance Dealers Cooperative LG 30"" Elec Range BS-Display Only (LSEL6333ZE) in Industrial.","Appliance Dealers Cooperative LG 30"" Elec Range BS-Display Only (LSEL6333ZE) in Industrial.",,,,,,,,,,,,,,,,,,,,,,,,,,,,,,,,,,,,,,,,,,,,,,,,,,,,,,,,,,,,,,,,,,,,,,,,,,,,,,,,,,,,,,,,,,,,,,,,,,,,,,,,,,,,,,,,,,,,,,,,,,,,,,,,,,,,,,,,,,,,,,,,,,,,,,,,,,,,,,,,,,,,,,,,,,,,,,,,,,,,,,,,,,,,,,,,,,,,,,,,,,,,,,,,,,,,,,,,,,,,,,,No
,,,,,,,Tools,Industrial,General,,KSES530SBE,"KSES530SBE 30"" Elect Range BO Display Only",-- Unbranded --,-- No Unilog Brand --,-- No DIB Brand --,Appliance Dealers Cooperative (APPDE),,,,KSES530SBE,KSES530SBE,Tools > Industrial > General,"Appliance Dealers Cooperative KSES530SBE 30"" Elect Range BO Display Only","APPLIANCE DEALERS COOPERATIVE KSES530SBE 30"" ELECT RANGE BO","Appliance Dealers Cooperative KSES530SBE 30"" Elect Range BO Display Only","Appliance Dealers Cooperative 30"" Elect Range BO Display Only (MPN: KSES530SBE) in the Tools > Industrial > General category.","Appliance Dealers Cooperative 30"" Elect Range BO Display Only (KSES530SBE) in Industrial.","Appliance Dealers Cooperative 30"" Elect Range BO Display Only (KSES530SBE) in Industrial.",,,,,,,,,,,,,,,,,,,,,,,,,,,,,,,,,,,,,,,,,,,,,,,,,,,,,,,,,,,,,,,,,,,,,,,,,,,,,,,,,,,,,,,,,,,,,,,,,,,,,,,,,,,,,,,,,,,,,,,,,,,,,,,,,,,,,,,,,,,,,,,,,,,,,,,,,,,,,,,,,,,,,,,,,,,,,,,,,,,,,,,,,,,,,,,,,,,,,,,,,,,,,,,,,,,,,,,,,,,,,,,No
,,,,,,,Tools,Industrial,General,,GCFG3661AF,"GCFG3661AF 36"" Frigidaire Gas Range SS",-- Unbranded --,-- No Unilog Brand --,-- No DIB Brand --,Appliance Dealers Cooperative (APPDE),frigidaire,Frigidaire,,GCFG3661AF,GCFG3661AF,Tools > Industrial > General,"Appliance Dealers Cooperative GCFG3661AF 36"" Frigidaire Gas Range SS","APPLIANCE DEALERS COOPERATIVE GCFG3661AF 36"" FRIGIDAIRE GAS","Appliance Dealers Cooperative GCFG3661AF 36"" Frigidaire Gas Range SS","Appliance Dealers Cooperative 36"" Frigidaire Gas Range SS (MPN: GCFG3661AF) in the Tools > Industrial > General category.","Appliance Dealers Cooperative 36"" Frigidaire Gas Range SS (GCFG3661AF) in Industrial.","Appliance Dealers Cooperative 36"" Frigidaire Gas Range SS (GCFG3661AF) in Industrial.",,,,,,,,,,,,,,,,,,,,,,,,,,,,,,,,,,,,,,,,,,,,,,,,,,,,,,,,,,,,,,,,,,,,,,,,,,,,,,,,,,,,,,,,,,,,,,,,,,,,,,,,,,,,,,,,,,,,,,,,,,,,,,,,,,,,,,,,,,,,,,,,,,,,,,,,,,,,,,,,,,,,,,,,,,,,,,,,,,,,,,,,,,,,,,,,,,,,,,,,,,,,,,,,,,,,,,,,,,,,,,,No
,,,,,,,Tools,Industrial,General,,WSGS7530RZ,"WSGS7530RZ 30"" Gas Range SS - Display Only",-- Unbranded --,-- No Unilog Brand --,-- No DIB Brand --,Appliance Dealers Cooperative (APPDE),,,,WSGS7530RZ,WSGS7530RZ,Tools > Industrial > General,"Appliance Dealers Cooperative WSGS7530RZ 30"" Gas Range SS - Display Only","APPLIANCE DEALERS COOPERATIVE WSGS7530RZ 30"" GAS RANGE SS -","Appliance Dealers Cooperative WSGS7530RZ 30"" Gas Range SS - Display Only","Appliance Dealers Cooperative 30"" Gas Range SS - Display Only (MPN: WSGS7530RZ) in the Tools > Industrial > General category.","Appliance Dealers Cooperative 30"" Gas Range SS - Display Only (WSGS7530RZ) in Industrial.","Appliance Dealers Cooperative 30"" Gas Range SS - Display Only (WSGS7530RZ) in Industrial.",,,,,,,,,,,,,,,,,,,,,,,,,,,,,,,,,,,,,,,,,,,,,,,,,,,,,,,,,,,,,,,,,,,,,,,,,,,,,,,,,,,,,,,,,,,,,,,,,,,,,,,,,,,,,,,,,,,,,,,,,,,,,,,,,,,,,,,,,,,,,,,,,,,,,,,,,,,,,,,,,,,,,,,,,,,,,,,,,,,,,,,,,,,,,,,,,,,,,,,,,,,,,,,,,,,,,,,,,,,,,,,No
,,,,,,,Tools,Industrial,General,,CHP90301TBB,CHP90301TBB Café Cooktop Bk,-- Unbranded --,-- No Unilog Brand --,-- No DIB Brand --,Appliance Dealers Cooperative (APPDE),,,,CHP90301TBB,CHP90301TBB,Tools > Industrial > General,Appliance Dealers Cooperative CHP90301TBB Café Cooktop Bk,APPLIANCE DEALERS COOPERATIVE CHP90301TBB CAFÉ COOKTOP BK,Appliance Dealers Cooperative CHP90301TBB Café Cooktop Bk,Appliance Dealers Cooperative Café Cooktop Bk (MPN: CHP90301TBB) in the Tools > Industrial > General category.,Appliance Dealers Cooperative Café Cooktop Bk (CHP90301TBB) in Industrial.,Appliance Dealers Cooperative Café Cooktop Bk (CHP90301TBB) in Industrial.,,,,,,,,,,,,,,,,,,,,,,,,,,,,,,,,,,,,,,,,,,,,,,,,,,,,,,,,,,,,,,,,,,,,,,,,,,,,,,,,,,,,,,,,,,,,,,,,,,,,,,,,,,,,,,,,,,,,,,,,,,,,,,,,,,,,,,,,,,,,,,,,,,,,,,,,,,,,,,,,,,,,,,,,,,,,,,,,,,,,,,,,,,,,,,,,,,,,,,,,,,,,,,,,,,,,,,,,,,,,,,,No
,,,,,,,Tools,Industrial,General,,CVM517P3RD1,CVM517P3RD1 Cafe Microwave Bk - Display,-- Unbranded --,-- No Unilog Brand --,-- No DIB Brand --,Appliance Dealers Cooperative (APPDE),,,,CVM517P3RD1,CVM517P3RD1,Tools > Industrial > General,Appliance Dealers Cooperative CVM517P3RD1 Cafe Microwave Bk - Display,APPLIANCE DEALERS COOPERATIVE CVM517P3RD1 CAFE MICROWAVE BK,Appliance Dealers Cooperative CVM517P3RD1 Cafe Microwave Bk - Display,Appliance Dealers Cooperative Cafe Microwave Bk - Display (MPN: CVM517P3RD1) in the Tools > Industrial > General category.,Appliance Dealers Cooperative Cafe Microwave Bk - Display (CVM517P3RD1) in Industrial.,Appliance Dealers Cooperative Cafe Microwave Bk - Display (CVM517P3RD1) in Industrial.,,,,,,,,,,,,,,,,,,,,,,,,,,,,,,,,,,,,,,,,,,,,,,,,,,,,,,,,,,,,,,,,,,,,,,,,,,,,,,,,,,,,,,,,,,,,,,,,,,,,,,,,,,,,,,,,,,,,,,,,,,,,,,,,,,,,,,,,,,,,,,,,,,,,,,,,,,,,,,,,,,,,,,,,,,,,,,,,,,,,,,,,,,,,,,,,,,,,,,,,,,,,,,,,,,,,,,,,,,,,,,,No
,,,,,,,Tools,Industrial,General,,PMOS1980AF,PMOS1980AF OTR Microwave SS - Display Only,-- Unbranded --,-- No Unilog Brand --,-- No DIB Brand --,Appliance Dealers Cooperative (APPDE),,,,PMOS1980AF,PMOS1980AF,Tools > Industrial > General,Appliance Dealers Cooperative PMOS1980AF OTR Microwave SS - Display Only,APPLIANCE DEALERS COOPERATIVE PMOS1980AF OTR MICROWAVE SS -,Appliance Dealers Cooperative PMOS1980AF OTR Microwave SS - Display Only,Appliance Dealers Cooperative OTR Microwave SS - Display Only (MPN: PMOS1980AF) in the Tools > Industrial > General category.,Appliance Dealers Cooperative OTR Microwave SS - Display Only (PMOS1980AF) in Industrial.,Appliance Dealers Cooperative OTR Microwave SS - Display Only (PMOS1980AF) in Industrial.,,,,,,,,,,,,,,,,,,,,,,,,,,,,,,,,,,,,,,,,,,,,,,,,,,,,,,,,,,,,,,,,,,,,,,,,,,,,,,,,,,,,,,,,,,,,,,,,,,,,,,,,,,,,,,,,,,,,,,,,,,,,,,,,,,,,,,,,,,,,,,,,,,,,,,,,,,,,,,,,,,,,,,,,,,,,,,,,,,,,,,,,,,,,,,,,,,,,,,,,,,,,,,,,,,,,,,,,,,,,,,,No
,,,,,,,Tools,Industrial,General,,WMMS3330RZ,WMMS3330RZ OTR Mocrowave SS - Display Only,-- Unbranded --,-- No Unilog Brand --,-- No DIB Brand --,Appliance Dealers Cooperative (APPDE),,,,WMMS3330RZ,WMMS3330RZ,Tools > Industrial > General,Appliance Dealers Cooperative WMMS3330RZ OTR Mocrowave SS - Display Only,APPLIANCE DEALERS COOPERATIVE WMMS3330RZ OTR MOCROWAVE SS -,Appliance Dealers Cooperative WMMS3330RZ OTR Mocrowave SS - Display Only,Appliance Dealers Cooperative OTR Mocrowave SS - Display Only (MPN: WMMS3330RZ) in the Tools > Industrial > General category.,Appliance Dealers Cooperative OTR Mocrowave SS - Display Only (WMMS3330RZ) in Industrial.,Appliance Dealers Cooperative OTR Mocrowave SS - Display Only (WMMS3330RZ) in Industrial.,,,,,,,,,,,,,,,,,,,,,,,,,,,,,,,,,,,,,,,,,,,,,,,,,,,,,,,,,,,,,,,,,,,,,,,,,,,,,,,,,,,,,,,,,,,,,,,,,,,,,,,,,,,,,,,,,,,,,,,,,,,,,,,,,,,,,,,,,,,,,,,,,,,,,,,,,,,,,,,,,,,,,,,,,,,,,,,,,,,,,,,,,,,,,,,,,,,,,,,,,,,,,,,,,,,,,,,,,,,,,,,No
,,,,,,,Tools,Industrial,General,,KMMF530PBE,KMMF530PBE OTR Microwave BO Display Only,-- Unbranded --,-- No Unilog Brand --,-- No DIB Brand --,Appliance Dealers Cooperative (APPDE),,,,KMMF530PBE,KMMF530PBE,Tools > Industrial > General,Appliance Dealers Cooperative KMMF530PBE OTR Microwave BO Display Only,APPLIANCE DEALERS COOPERATIVE KMMF530PBE OTR MICROWAVE BO DI,Appliance Dealers Cooperative KMMF530PBE OTR Microwave BO Display Only,Appliance Dealers Cooperative OTR Microwave BO Display Only (MPN: KMMF530PBE) in the Tools > Industrial > General category.,Appliance Dealers Cooperative OTR Microwave BO Display Only (KMMF530PBE) in Industrial.,Appliance Dealers Cooperative OTR Microwave BO Display Only (KMMF530PBE) in Industrial.,,,,,,,,,,,,,,,,,,,,,,,,,,,,,,,,,,,,,,,,,,,,,,,,,,,,,,,,,,,,,,,,,,,,,,,,,,,,,,,,,,,,,,,,,,,,,,,,,,,,,,,,,,,,,,,,,,,,,,,,,,,,,,,,,,,,,,,,,,,,,,,,,,,,,,,,,,,,,,,,,,,,,,,,,,,,,,,,,,,,,,,,,,,,,,,,,,,,,,,,,,,,,,,,,,,,,,,,,,,,,,,No
,,,,,,,Tools,Industrial,General,,JXGRILL1,JXGRILL1 GE Range Grill,-- Unbranded --,-- No Unilog Brand --,-- No DIB Brand --,Appliance Dealers Cooperative (APPDE),,,,JXGRILL1,JXGRILL1,Tools > Industrial > General,Appliance Dealers Cooperative JXGRILL1 GE Range Grill,APPLIANCE DEALERS COOPERATIVE JXGRILL1 GE RANGE GRILL,Appliance Dealers Cooperative JXGRILL1 GE Range Grill,Appliance Dealers Cooperative GE Range Grill (MPN: JXGRILL1) in the Tools > Industrial > General category.,Appliance Dealers Cooperative GE Range Grill (JXGRILL1) in Industrial.,Appliance Dealers Cooperative GE Range Grill (JXGRILL1) in Industrial.,,,,,,,,,,,,,,,,,,,,,,,,,,,,,,,,,,,,,,,,,,,,,,,,,,,,,,,,,,,,,,,,,,,,,,,,,,,,,,,,,,,,,,,,,,,,,,,,,,,,,,,,,,,,,,,,,,,,,,,,,,,,,,,,,,,,,,,,,,,,,,,,,,,,,,,,,,,,,,,,,,,,,,,,,,,,,,,,,,,,,,,,,,,,,,,,,,,,,,,,,,,,,,,,,,,,,,,,,,,,,,,No
,,,,,,,Tools,Industrial,General,,C9TMA2S3PD3,C9TMA2S3PD3 Café Toaster MB,-- Unbranded --,-- No Unilog Brand --,-- No DIB Brand --,Appliance Dealers Cooperative (APPDE),,,,C9TMA2S3PD3,C9TMA2S3PD3,Tools > Industrial > General,Appliance Dealers Cooperative C9TMA2S3PD3 Café Toaster MB,APPLIANCE DEALERS COOPERATIVE C9TMA2S3PD3 CAFÉ TOASTER MB,Appliance Dealers Cooperative C9TMA2S3PD3 Café Toaster MB,Appliance Dealers Cooperative Café Toaster MB (MPN: C9TMA2S3PD3) in the Tools > Industrial > General category.,Appliance Dealers Cooperative Café Toaster MB (C9TMA2S3PD3) in Industrial.,Appliance Dealers Cooperative Café Toaster MB (C9TMA2S3PD3) in Industrial.,,,,,,,,,,,,,,,,,,,,,,,,,,,,,,,,,,,,,,,,,,,,,,,,,,,,,,,,,,,,,,,,,,,,,,,,,,,,,,,,,,,,,,,,,,,,,,,,,,,,,,,,,,,,,,,,,,,,,,,,,,,,,,,,,,,,,,,,,,,,,,,,,,,,,,,,,,,,,,,,,,,,,,,,,,,,,,,,,,,,,,,,,,,,,,,,,,,,,,,,,,,,,,,,,,,,,,,,,,,,,,,No
,,,,,,,Tools,Industrial,General,,C9TMA2S4PW3,C9TMA2S4PW3 Café Toaster MW,-- Unbranded --,-- No Unilog Brand --,-- No DIB Brand --,Appliance Dealers Cooperative (APPDE),,,,C9TMA2S4PW3,C9TMA2S4PW3,Tools > Industrial > General,Appliance Dealers Cooperative C9TMA2S4PW3 Café Toaster MW,APPLIANCE DEALERS COOPERATIVE C9TMA2S4PW3 CAFÉ TOASTER MW,Appliance Dealers Cooperative C9TMA2S4PW3 Café Toaster MW,Appliance Dealers Cooperative Café Toaster MW (MPN: C9TMA2S4PW3) in the Tools > Industrial > General category.,Appliance Dealers Cooperative Café Toaster MW (C9TMA2S4PW3) in Industrial.,Appliance Dealers Cooperative Café Toaster MW (C9TMA2S4PW3) in Industrial.,,,,,,,,,,,,,,,,,,,,,,,,,,,,,,,,,,,,,,,,,,,,,,,,,,,,,,,,,,,,,,,,,,,,,,,,,,,,,,,,,,,,,,,,,,,,,,,,,,,,,,,,,,,,,,,,,,,,,,,,,,,,,,,,,,,,,,,,,,,,,,,,,,,,,,,,,,,,,,,,,,,,,,,,,,,,,,,,,,,,,,,,,,,,,,,,,,,,,,,,,,,,,,,,,,,,,,,,,,,,,,,No
,,,,,,,Tools,Industrial,General,,C90AAAS2RS3,C90AAAS2RS3 Cafe Toast Oven SS,-- Unbranded --,-- No Unilog Brand --,-- No DIB Brand --,Appliance Dealers Cooperative (APPDE),,,,C90AAAS2RS3,C90AAAS2RS3,Tools > Industrial > General,Appliance Dealers Cooperative C90AAAS2RS3 Cafe Toast Oven SS,APPLIANCE DEALERS COOPERATIVE C90AAAS2RS3 CAFE TOAST OVEN SS,Appliance Dealers Cooperative C90AAAS2RS3 Cafe Toast Oven SS,Appliance Dealers Cooperative Cafe Toast Oven SS (MPN: C90AAAS2RS3) in the Tools > Industrial > General category.,Appliance Dealers Cooperative Cafe Toast Oven SS (C90AAAS2RS3) in Industrial.,Appliance Dealers Cooperative Cafe Toast Oven SS (C90AAAS2RS3) in Industrial.,,,,,,,,,,,,,,,,,,,,,,,,,,,,,,,,,,,,,,,,,,,,,,,,,,,,,,,,,,,,,,,,,,,,,,,,,,,,,,,,,,,,,,,,,,,,,,,,,,,,,,,,,,,,,,,,,,,,,,,,,,,,,,,,,,,,,,,,,,,,,,,,,,,,,,,,,,,,,,,,,,,,,,,,,,,,,,,,,,,,,,,,,,,,,,,,,,,,,,,,,,,,,,,,,,,,,,,,,,,,,,,No
,,,,,,,Tools,Industrial,General,,C9TMA2SP2PS3,C9TMA2S2PS3 Cafe Toaster SS,-- Unbranded --,-- No Unilog Brand --,-- No DIB Brand --,Appliance Dealers Cooperative (APPDE),,,,C9TMA2SP2PS3,C9TMA2SP2PS3,Tools > Industrial > General,Appliance Dealers Cooperative C9TMA2SP2PS3 C9TMA2S2PS3 Cafe Toaster SS,APPLIANCE DEALERS COOPERATIVE C9TMA2SP2PS3 C9TMA2S2PS3 CAFE,Appliance Dealers Cooperative C9TMA2SP2PS3 C9TMA2S2PS3 Cafe Toaster SS,Appliance Dealers Cooperative C9TMA2S2PS3 Cafe Toaster SS (MPN: C9TMA2SP2PS3) in the Tools > Industrial > General category.,Appliance Dealers Cooperative C9TMA2S2PS3 Cafe Toaster SS (C9TMA2SP2PS3) in Industrial.,Appliance Dealers Cooperative C9TMA2S2PS3 Cafe Toaster SS (C9TMA2SP2PS3) in Industrial.,,,,,,,,,,,,,,,,,,,,,,,,,,,,,,,,,,,,,,,,,,,,,,,,,,,,,,,,,,,,,,,,,,,,,,,,,,,,,,,,,,,,,,,,,,,,,,,,,,,,,,,,,,,,,,,,,,,,,,,,,,,,,,,,,,,,,,,,,,,,,,,,,,,,,,,,,,,,,,,,,,,,,,,,,,,,,,,,,,,,,,,,,,,,,,,,,,,,,,,,,,,,,,,,,,,,,,,,,,,,,,,No
,,,,,,,Tools,Industrial,General,,GDE21EMKES,GDE21EMKES GE 21CF Fridge SL Display Only,-- Unbranded --,-- No Unilog Brand --,-- No DIB Brand --,Appliance Dealers Cooperative (APPDE),,,,GDE21EMKES,GDE21EMKES,Tools > Industrial > General,Appliance Dealers Cooperative GDE21EMKES GE 21CF Fridge SL Display Only,APPLIANCE DEALERS COOPERATIVE GDE21EMKES GE 21CF FRIDGE SL D,Appliance Dealers Cooperative GDE21EMKES GE 21CF Fridge SL Display Only,Appliance Dealers Cooperative GE 21CF Fridge SL Display Only (MPN: GDE21EMKES) in the Tools > Industrial > General category.,Appliance Dealers Cooperative GE 21CF Fridge SL Display Only (GDE21EMKES) in Industrial.,Appliance Dealers Cooperative GE 21CF Fridge SL Display Only (GDE21EMKES) in Industrial.,,,,,,,,,,,,,,,,,,,,,,,,,,,,,,,,,,,,,,,,,,,,,,,,,,,,,,,,,,,,,,,,,,,,,,,,,,,,,,,,,,,,,,,,,,,,,,,,,,,,,,,,,,,,,,,,,,,,,,,,,,,,,,,,,,,,,,,,,,,,,,,,,,,,,,,,,,,,,,,,,,,,,,,,,,,,,,,,,,,,,,,,,,,,,,,,,,,,,,,,,,,,,,,,,,,,,,,,,,,,,,,No
,,,,,,,Tools,Industrial,General,,FCM16SLWW,FCM16SLWW 16CF GE Freezer Chest MH,-- Unbranded --,-- No Unilog Brand --,-- No DIB Brand --,Appliance Dealers Cooperative (APPDE),,,,FCM16SLWW,FCM16SLWW,Tools > Industrial > General,Appliance Dealers Cooperative FCM16SLWW 16CF GE Freezer Chest MH,APPLIANCE DEALERS COOPERATIVE FCM16SLWW 16CF GE FREEZER CHES,Appliance Dealers Cooperative FCM16SLWW 16CF GE Freezer Chest MH,Appliance Dealers Cooperative 16CF GE Freezer Chest MH (MPN: FCM16SLWW) in the Tools > Industrial > General category.,Appliance Dealers Cooperative 16CF GE Freezer Chest MH (FCM16SLWW) in Industrial.,Appliance Dealers Cooperative 16CF GE Freezer Chest MH (FCM16SLWW) in Industrial.,,,,,,,,,,,,,,,,,,,,,,,,,,,,,,,,,,,,,,,,,,,,,,,,,,,,,,,,,,,,,,,,,,,,,,,,,,,,,,,,,,,,,,,,,,,,,,,,,,,,,,,,,,,,,,,,,,,,,,,,,,,,,,,,,,,,,,,,,,,,,,,,,,,,,,,,,,,,,,,,,,,,,,,,,,,,,,,,,,,,,,,,,,,,,,,,,,,,,,,,,,,,,,,,,,,,,,,,,,,,,,,No
,,,,,,,Tools,Industrial,General,,GNE27JYMFS,GNE27JYMFS GE Fridge SS,-- Unbranded --,-- No Unilog Brand --,-- No DIB Brand --,Appliance Dealers Cooperative (APPDE),,,,GNE27JYMFS,GNE27JYMFS,Tools > Industrial > General,Appliance Dealers Cooperative GNE27JYMFS GE Fridge SS,APPLIANCE DEALERS COOPERATIVE GNE27JYMFS GE FRIDGE SS,Appliance Dealers Cooperative GNE27JYMFS GE Fridge SS,Appliance Dealers Cooperative GE Fridge SS (MPN: GNE27JYMFS) in the Tools > Industrial > General category.,Appliance Dealers Cooperative GE Fridge SS (GNE27JYMFS) in Industrial.,Appliance Dealers Cooperative GE Fridge SS (GNE27JYMFS) in Industrial.,,,,,,,,,,,,,,,,,,,,,,,,,,,,,,,,,,,,,,,,,,,,,,,,,,,,,,,,,,,,,,,,,,,,,,,,,,,,,,,,,,,,,,,,,,,,,,,,,,,,,,,,,,,,,,,,,,,,,,,,,,,,,,,,,,,,,,,,,,,,,,,,,,,,,,,,,,,,,,,,,,,,,,,,,,,,,,,,,,,,,,,,,,,,,,,,,,,,,,,,,,,,,,,,,,,,,,,,,,,,,,,No
,,,,,,,Tools,Industrial,General,,CVE28DP3ND1,CVE28DP3ND1 Cafe Fridge Bk,-- Unbranded --,-- No Unilog Brand --,-- No DIB Brand --,Appliance Dealers Cooperative (APPDE),,,,CVE28DP3ND1,CVE28DP3ND1,Tools > Industrial > General,Appliance Dealers Cooperative CVE28DP3ND1 Cafe Fridge Bk,APPLIANCE DEALERS COOPERATIVE CVE28DP3ND1 CAFE FRIDGE BK,Appliance Dealers Cooperative CVE28DP3ND1 Cafe Fridge Bk,Appliance Dealers Cooperative Cafe Fridge Bk (MPN: CVE28DP3ND1) in the Tools > Industrial > General category.,Appliance Dealers Cooperative Cafe Fridge Bk (CVE28DP3ND1) in Industrial.,Appliance Dealers Cooperative Cafe Fridge Bk (CVE28DP3ND1) in Industrial.,,,,,,,,,,,,,,,,,,,,,,,,,,,,,,,,,,,,,,,,,,,,,,,,,,,,,,,,,,,,,,,,,,,,,,,,,,,,,,,,,,,,,,,,,,,,,,,,,,,,,,,,,,,,,,,,,,,,,,,,,,,,,,,,,,,,,,,,,,,,,,,,,,,,,,,,,,,,,,,,,,,,,,,,,,,,,,,,,,,,,,,,,,,,,,,,,,,,,,,,,,,,,,,,,,,,,,,,,,,,,,,No
,,,,,,,Tools,Industrial,General,,GNE25JMKES,GNE25JMKES GE Fridge Slate - Display,-- Unbranded --,-- No Unilog Brand --,-- No DIB Brand --,Appliance Dealers Cooperative (APPDE),,,,GNE25JMKES,GNE25JMKES,Tools > Industrial > General,Appliance Dealers Cooperative GNE25JMKES GE Fridge Slate - Display,APPLIANCE DEALERS COOPERATIVE GNE25JMKES GE FRIDGE SLATE - D,Appliance Dealers Cooperative GNE25JMKES GE Fridge Slate - Display,Appliance Dealers Cooperative GE Fridge Slate - Display (MPN: GNE25JMKES) in the Tools > Industrial > General category.,Appliance Dealers Cooperative GE Fridge Slate - Display (GNE25JMKES) in Industrial.,Appliance Dealers Cooperative GE Fridge Slate - Display (GNE25JMKES) in Industrial.,,,,,,,,,,,,,,,,,,,,,,,,,,,,,,,,,,,,,,,,,,,,,,,,,,,,,,,,,,,,,,,,,,,,,,,,,,,,,,,,,,,,,,,,,,,,,,,,,,,,,,,,,,,,,,,,,,,,,,,,,,,,,,,,,,,,,,,,,,,,,,,,,,,,,,,,,,,,,,,,,,,,,,,,,,,,,,,,,,,,,,,,,,,,,,,,,,,,,,,,,,,,,,,,,,,,,,,,,,,,,,,No
,,,,,,,Tools,Industrial,General,,PRFS2883AF,"PRFS2883AF 36"" Fridge SS - Display Only",-- Unbranded --,-- No Unilog Brand --,-- No DIB Brand --,Appliance Dealers Cooperative (APPDE),,,,PRFS2883AF,PRFS2883AF,Tools > Industrial > General,"Appliance Dealers Cooperative PRFS2883AF 36"" Fridge SS - Display Only","APPLIANCE DEALERS COOPERATIVE PRFS2883AF 36"" FRIDGE SS - DIS","Appliance Dealers Cooperative PRFS2883AF 36"" Fridge SS - Display Only","Appliance Dealers Cooperative 36"" Fridge SS - Display Only (MPN: PRFS2883AF) in the Tools > Industrial > General category.","Appliance Dealers Cooperative 36"" Fridge SS - Display Only (PRFS2883AF) in Industrial.","Appliance Dealers Cooperative 36"" Fridge SS - Display Only (PRFS2883AF) in Industrial.",,,,,,,,,,,,,,,,,,,,,,,,,,,,,,,,,,,,,,,,,,,,,,,,,,,,,,,,,,,,,,,,,,,,,,,,,,,,,,,,,,,,,,,,,,,,,,,,,,,,,,,,,,,,,,,,,,,,,,,,,,,,,,,,,,,,,,,,,,,,,,,,,,,,,,,,,,,,,,,,,,,,,,,,,,,,,,,,,,,,,,,,,,,,,,,,,,,,,,,,,,,,,,,,,,,,,,,,,,,,,,,No
,,,,,,,Tools,Industrial,General,,PAD28BYTFS,PAD28BYTFS GE Fridge SS,-- Unbranded --,-- No Unilog Brand --,-- No DIB Brand --,Appliance Dealers Cooperative (APPDE),,,,PAD28BYTFS,PAD28BYTFS,Tools > Industrial > General,Appliance Dealers Cooperative PAD28BYTFS GE Fridge SS,APPLIANCE DEALERS COOPERATIVE PAD28BYTFS GE FRIDGE SS,Appliance Dealers Cooperative PAD28BYTFS GE Fridge SS,Appliance Dealers Cooperative GE Fridge SS (MPN: PAD28BYTFS) in the Tools > Industrial > General category.,Appliance Dealers Cooperative GE Fridge SS (PAD28BYTFS) in Industrial.,Appliance Dealers Cooperative GE Fridge SS (PAD28BYTFS) in Industrial.,,,,,,,,,,,,,,,,,,,,,,,,,,,,,,,,,,,,,,,,,,,,,,,,,,,,,,,,,,,,,,,,,,,,,,,,,,,,,,,,,,,,,,,,,,,,,,,,,,,,,,,,,,,,,,,,,,,,,,,,,,,,,,,,,,,,,,,,,,,,,,,,,,,,,,,,,,,,,,,,,,,,,,,,,,,,,,,,,,,,,,,,,,,,,,,,,,,,,,,,,,,,,,,,,,,,,,,,,,,,,,,No
,,,,,,,Tools,Industrial,General,,PGE29BYTFS,PGE29BYTFS GE Fridge SS,-- Unbranded --,-- No Unilog Brand --,-- No DIB Brand --,Appliance Dealers Cooperative (APPDE),,,,PGE29BYTFS,PGE29BYTFS,Tools > Industrial > General,Appliance Dealers Cooperative PGE29BYTFS GE Fridge SS,APPLIANCE DEALERS COOPERATIVE PGE29BYTFS GE FRIDGE SS,Appliance Dealers Cooperative PGE29BYTFS GE Fridge SS,Appliance Dealers Cooperative GE Fridge SS (MPN: PGE29BYTFS) in the Tools > Industrial > General category.,Appliance Dealers Cooperative GE Fridge SS (PGE29BYTFS) in Industrial.,Appliance Dealers Cooperative GE Fridge SS (PGE29BYTFS) in Industrial.,,,,,,,,,,,,,,,,,,,,,,,,,,,,,,,,,,,,,,,,,,,,,,,,,,,,,,,,,,,,,,,,,,,,,,,,,,,,,,,,,,,,,,,,,,,,,,,,,,,,,,,,,,,,,,,,,,,,,,,,,,,,,,,,,,,,,,,,,,,,,,,,,,,,,,,,,,,,,,,,,,,,,,,,,,,,,,,,,,,,,,,,,,,,,,,,,,,,,,,,,,,,,,,,,,,,,,,,,,,,,,,No
,,,,,,,Tools,Industrial,General,,ERFD19CGCS,ERFD19CGCS Element Fridge SS,-- Unbranded --,-- No Unilog Brand --,-- No DIB Brand --,Appliance Dealers Cooperative (APPDE),,,,ERFD19CGCS,ERFD19CGCS,Tools > Industrial > General,Appliance Dealers Cooperative ERFD19CGCS Element Fridge SS,APPLIANCE DEALERS COOPERATIVE ERFD19CGCS ELEMENT FRIDGE SS,Appliance Dealers Cooperative ERFD19CGCS Element Fridge SS,Appliance Dealers Cooperative Element Fridge SS (MPN: ERFD19CGCS) in the Tools > Industrial > General category.,Appliance Dealers Cooperative Element Fridge SS (ERFD19CGCS) in Industrial.,Appliance Dealers Cooperative Element Fridge SS (ERFD19CGCS) in Industrial.,,,,,,,,,,,,,,,,,,,,,,,,,,,,,,,,,,,,,,,,,,,,,,,,,,,,,,,,,,,,,,,,,,,,,,,,,,,,,,,,,,,,,,,,,,,,,,,,,,,,,,,,,,,,,,,,,,,,,,,,,,,,,,,,,,,,,,,,,,,,,,,,,,,,,,,,,,,,,,,,,,,,,,,,,,,,,,,,,,,,,,,,,,,,,,,,,,,,,,,,,,,,,,,,,,,,,,,,,,,,,,,No
,,,,,,,Tools,Industrial,General,,LT18S2100W,LT18S2100W LG Fridge Wh,-- Unbranded --,-- No Unilog Brand --,-- No DIB Brand --,Appliance Dealers Cooperative (APPDE),,,,LT18S2100W,LT18S2100W,Tools > Industrial > General,Appliance Dealers Cooperative LT18S2100W LG Fridge Wh,APPLIANCE DEALERS COOPERATIVE LT18S2100W LG FRIDGE WH,Appliance Dealers Cooperative LT18S2100W LG Fridge Wh,Appliance Dealers Cooperative LG Fridge Wh (MPN: LT18S2100W) in the Tools > Industrial > General category.,Appliance Dealers Cooperative LG Fridge Wh (LT18S2100W) in Industrial.,Appliance Dealers Cooperative LG Fridge Wh (LT18S2100W) in Industrial.,,,,,,,,,,,,,,,,,,,,,,,,,,,,,,,,,,,,,,,,,,,,,,,,,,,,,,,,,,,,,,,,,,,,,,,,,,,,,,,,,,,,,,,,,,,,,,,,,,,,,,,,,,,,,,,,,,,,,,,,,,,,,,,,,,,,,,,,,,,,,,,,,,,,,,,,,,,,,,,,,,,,,,,,,,,,,,,,,,,,,,,,,,,,,,,,,,,,,,,,,,,,,,,,,,,,,,,,,,,,,,,No
,,,,,,,Tools,Industrial,General,,LT18S2100SS,LT18S2100S 18CF LG Fridge SS,-- Unbranded --,-- No Unilog Brand --,-- No DIB Brand --,Appliance Dealers Cooperative (APPDE),,,,LT18S2100SS,LT18S2100SS,Tools > Industrial > General,Appliance Dealers Cooperative LT18S2100SS LT18S2100S 18CF LG Fridge SS,APPLIANCE DEALERS COOPERATIVE LT18S2100SS LT18S2100S 18CF LG,Appliance Dealers Cooperative LT18S2100SS LT18S2100S 18CF LG Fridge SS,Appliance Dealers Cooperative LT18S2100S 18CF LG Fridge SS (MPN: LT18S2100SS) in the Tools > Industrial > General category.,Appliance Dealers Cooperative LT18S2100S 18CF LG Fridge SS (LT18S2100SS) in Industrial.,Appliance Dealers Cooperative LT18S2100S 18CF LG Fridge SS (LT18S2100SS) in Industrial.,,,,,,,,,,,,,,,,,,,,,,,,,,,,,,,,,,,,,,,,,,,,,,,,,,,,,,,,,,,,,,,,,,,,,,,,,,,,,,,,,,,,,,,,,,,,,,,,,,,,,,,,,,,,,,,,,,,,,,,,,,,,,,,,,,,,,,,,,,,,,,,,,,,,,,,,,,,,,,,,,,,,,,,,,,,,,,,,,,,,,,,,,,,,,,,,,,,,,,,,,,,,,,,,,,,,,,,,,,,,,,,No
,,,,,,,Tools,Industrial,General,,EUF17CDBW,EUF17CDBW Element 17CF Freezer - Upright,-- Unbranded --,-- No Unilog Brand --,-- No DIB Brand --,Appliance Dealers Cooperative (APPDE),,,,EUF17CDBW,EUF17CDBW,Tools > Industrial > General,Appliance Dealers Cooperative EUF17CDBW Element 17CF Freezer - Upright,APPLIANCE DEALERS COOPERATIVE EUF17CDBW ELEMENT 17CF FREEZER,Appliance Dealers Cooperative EUF17CDBW Element 17CF Freezer - Upright,Appliance Dealers Cooperative Element 17CF Freezer - Upright (MPN: EUF17CDBW) in the Tools > Industrial > General category.,Appliance Dealers Cooperative Element 17CF Freezer - Upright (EUF17CDBW) in Industrial.,Appliance Dealers Cooperative Element 17CF Freezer - Upright (EUF17CDBW) in Industrial.,,,,,,,,,,,,,,,,,,,,,,,,,,,,,,,,,,,,,,,,,,,,,,,,,,,,,,,,,,,,,,,,,,,,,,,,,,,,,,,,,,,,,,,,,,,,,,,,,,,,,,,,,,,,,,,,,,,,,,,,,,,,,,,,,,,,,,,,,,,,,,,,,,,,,,,,,,,,,,,,,,,,,,,,,,,,,,,,,,,,,,,,,,,,,,,,,,,,,,,,,,,,,,,,,,,,,,,,,,,,,,,No
,,,,,,,Tools,Industrial,General,,EUF21CDBW,EUF21CDBW Element 21CF Freezer - Upright,-- Unbranded --,-- No Unilog Brand --,-- No DIB Brand --,Appliance Dealers Cooperative (APPDE),,,,EUF21CDBW,EUF21CDBW,Tools > Industrial > General,Appliance Dealers Cooperative EUF21CDBW Element 21CF Freezer - Upright,APPLIANCE DEALERS COOPERATIVE EUF21CDBW ELEMENT 21CF FREEZER,Appliance Dealers Cooperative EUF21CDBW Element 21CF Freezer - Upright,Appliance Dealers Cooperative Element 21CF Freezer - Upright (MPN: EUF21CDBW) in the Tools > Industrial > General category.,Appliance Dealers Cooperative Element 21CF Freezer - Upright (EUF21CDBW) in Industrial.,Appliance Dealers Cooperative Element 21CF Freezer - Upright (EUF21CDBW) in Industrial.,,,,,,,,,,,,,,,,,,,,,,,,,,,,,,,,,,,,,,,,,,,,,,,,,,,,,,,,,,,,,,,,,,,,,,,,,,,,,,,,,,,,,,,,,,,,,,,,,,,,,,,,,,,,,,,,,,,,,,,,,,,,,,,,,,,,,,,,,,,,,,,,,,,,,,,,,,,,,,,,,,,,,,,,,,,,,,,,,,,,,,,,,,,,,,,,,,,,,,,,,,,,,,,,,,,,,,,,,,,,,,,No
,,,,,,,Tools,Industrial,General,,TP-1935,TP-1935 Hole Drilling System,-- Unbranded --,-- No Unilog Brand --,-- No DIB Brand --,-,,,,TP-1935,TP-1935,Tools > Industrial > General,TP-1935 Hole Drilling System,TP-1935 HOLE DRILLING SYSTEM,TP-1935 Hole Drilling System,Hole Drilling System (MPN: TP-1935) in the Tools > Industrial > General category.,Hole Drilling System (TP-1935) in Industrial.,Hole Drilling System (TP-1935) in Industrial.,,,,,,,,,,,,,,,,,,,,,,,,,,,,,,,,,,,,,,,,,,,,,,,,,,,,,,,,,,,,,,,,,,,,,,,,,,,,,,,,,,,,,,,,,,,,,,,,,,,,,,,,,,,,,,,,,,,,,,,,,,,,,,,,,,,,,,,,,,,,,,,,,,,,,,,,,,,,,,,,,,,,,,,,,,,,,,,,,,,,,,,,,,,,,,,,,,,,,,,,,,,,,,,,,,,,,,,,,,,,,,,No
,,,,,,,Tools,Industrial,General,,K527APBXR,"K527APBXR Senco .131x3"" SM BB - 500CT",-- Unbranded --,-- No Unilog Brand --,-- No DIB Brand --,Senco Products Inc (4650),Senco Products Inc,,,K527APBXR,K527APBXR,Tools > Industrial > General,"Senco Products Inc K527APBXR Senco .131x3"" SM BB - 500CT","SENCO PRODUCTS INC K527APBXR SENCO .131X3"" SM BB - 500CT","Senco Products Inc K527APBXR Senco .131x3"" SM BB - 500CT","Senco Products Inc Senco .131x3"" SM BB - 500CT (MPN: K527APBXR) in the Tools > Industrial > General category.","Senco Products Inc Senco .131x3"" SM BB - 500CT (K527APBXR) in Industrial.","Senco Products Inc Senco .131x3"" SM BB - 500CT (K527APBXR) in Industrial.",,,,,,,,,,,,,,,,,,,,,,,,,,,,,,,,,,,,,,,,,,,,,,,,,,,,,,,,,,,,,,,,,,,,,,,,,,,,,,,,,,,,,,,,,,,,,,,,,,,,,,,,,,,,,,,,,,,,,,,,,,,,,,,,,,,,,,,,,,,,,,,,,,,,,,,,,,,,,,,,,,,,,,,,,,,,,,,,,,,,,,,,,,,,,,,,,,,,,,,,,,,,,,,,,,,,,,,,,,,,,,,No
,,,,,,,Tools,Industrial,General,,603150,"603150 2-1/2"" Finish Nail 15GA - 4M",-- Unbranded --,-- No Unilog Brand --,-- No DIB Brand --,National Nail Corp (7439),National Nail Corp,,,603150,603150,Tools > Industrial > General,"National Nail Corp 603150 2-1/2"" Finish Nail 15GA - 4M","NATIONAL NAIL CORP 603150 2-1/2"" FINISH NAIL 15GA - 4M","National Nail Corp 603150 2-1/2"" Finish Nail 15GA - 4M","National Nail Corp 2-1/2"" Finish Nail 15GA - 4M (MPN: 603150) in the Tools > Industrial > General category.","National Nail Corp 2-1/2"" Finish Nail 15GA - 4M (603150) in Industrial.","National Nail Corp 2-1/2"" Finish Nail 15GA - 4M (603150) in Industrial.",,,,,,,,,,,,,,,,,,,,,,,,,,,,,,,,,,,,,,,,,,,,,,,,,,,,,,,,,,,,,,,,,,,,,,,,,,,,,,,,,,,,,,,,,,,,,,,,,,,,,,,,,,,,,,,,,,,,,,,,,,,,,,,,,,,,,,,,,,,,,,,,,,,,,,,,,,,,,,,,,,,,,,,,,,,,,,,,,,,,,,,,,,,,,,,,,,,,,,,,,,,,,,,,,,,,,,,,,,,,,,,No
,,,,,,,Tools,Industrial,General,,d10cnk,"D10CNK Prebena 1/2""x3/8"" - Staple",-- Unbranded --,-- No Unilog Brand --,-- No DIB Brand --,Prebena (PREBE),Prebena (PREBE),,,d10cnk,d10cnk,Tools > Industrial > General,"Prebena d10cnk 1/2""x3/8"" - Staple","PREBENA D10CNK 1/2""X3/8"" - STAPLE","Prebena d10cnk 1/2""x3/8"" - Staple","Prebena Prebena 1/2""x3/8"" - Staple (MPN: d10cnk) in the Tools > Industrial > General category.","Prebena Prebena 1/2""x3/8"" - Staple (d10cnk) in Industrial.","Prebena Prebena 1/2""x3/8"" - Staple (d10cnk) in Industrial.",,,,,,,,,,,,,,,,,,,,,,,,,,,,,,,,,,,,,,,,,,,,,,,,,,,,,,,,,,,,,,,,,,,,,,,,,,,,,,,,,,,,,,,,,,,,,,,,,,,,,,,,,,,,,,,,,,,,,,,,,,,,,,,,,,,,,,,,,,,,,,,,,,,,,,,,,,,,,,,,,,,,,,,,,,,,,,,,,,,,,,,,,,,,,,,,,,,,,,,,,,,,,,,,,,,,,,,,,,,,,,,No
,,,,,,,Tools,Industrial,General,,e28cnkha,"E28CNKHA Prebena 2/4""x1 1/8"" - Staple",-- Unbranded --,-- No Unilog Brand --,-- No DIB Brand --,Prebena (PREBE),Prebena (PREBE),,,e28cnkha,e28cnkha,Tools > Industrial > General,"Prebena e28cnkha 2/4""x1 1/8"" - Staple","PREBENA E28CNKHA 2/4""X1 1/8"" - STAPLE","Prebena e28cnkha 2/4""x1 1/8"" - Staple","Prebena Prebena 2/4""x1 1/8"" - Staple (MPN: e28cnkha) in the Tools > Industrial > General category.","Prebena Prebena 2/4""x1 1/8"" - Staple (e28cnkha) in Industrial.","Prebena Prebena 2/4""x1 1/8"" - Staple (e28cnkha) in Industrial.",,,,,,,,,,,,,,,,,,,,,,,,,,,,,,,,,,,,,,,,,,,,,,,,,,,,,,,,,,,,,,,,,,,,,,,,,,,,,,,,,,,,,,,,,,,,,,,,,,,,,,,,,,,,,,,,,,,,,,,,,,,,,,,,,,,,,,,,,,,,,,,,,,,,,,,,,,,,,,,,,,,,,,,,,,,,,,,,,,,,,,,,,,,,,,,,,,,,,,,,,,,,,,,,,,,,,,,,,,,,,,,No
,,,,,,,Tools,Industrial,General,,51334,"51334 44"" Wh Gilmour Fan",-- Unbranded --,-- No Unilog Brand --,-- No DIB Brand --,Hunter Fan Co (4381),Hunter Fan Co,,,51334,51334,Tools > Industrial > General,"Hunter Fan Co 51334 44"" Wh Gilmour Fan","HUNTER FAN CO 51334 44"" WH GILMOUR FAN","Hunter Fan Co 51334 44"" Wh Gilmour Fan","Hunter Fan Co 44"" Wh Gilmour Fan (MPN: 51334) in the Tools > Industrial > General category.","Hunter Fan Co 44"" Wh Gilmour Fan (51334) in Industrial.","Hunter Fan Co 44"" Wh Gilmour Fan (51334) in Industrial.",,,,,,,,,,,,,,,,,,,,,,,,,,,,,,,,,,,,,,,,,,,,,,,,,,,,,,,,,,,,,,,,,,,,,,,,,,,,,,,,,,,,,,,,,,,,,,,,,,,,,,,,,,,,,,,,,,,,,,,,,,,,,,,,,,,,,,,,,,,,,,,,,,,,,,,,,,,,,,,,,,,,,,,,,,,,,,,,,,,,,,,,,,,,,,,,,,,,,,,,,,,,,,,,,,,,,,,,,,,,,,,No
,,,,,,,Tools,Industrial,General,,59210,"59210 52"" BZ Sent Hunter Fan",-- Unbranded --,-- No Unilog Brand --,Hunter,Hunter Fan Co (4381),Hunter Fan Co,,,59210,59210,Tools > Industrial > General,"Hunter Fan Co 59210 52"" BZ Sent Hunter Fan","HUNTER FAN CO 59210 52"" BZ SENT HUNTER FAN","Hunter Fan Co 59210 52"" BZ Sent Hunter Fan","Hunter Fan Co 52"" BZ Sent Hunter Fan (MPN: 59210) in the Tools > Industrial > General category.","Hunter Fan Co 52"" BZ Sent Hunter Fan (59210) in Industrial.","Hunter Fan Co 52"" BZ Sent Hunter Fan (59210) in Industrial.",,,,,,,,,,,,,,,,,,,,,,,,,,,,,,,,,,,,,,,,,,,,,,,,,,,,,,,,,,,,,,,,,,,,,,,,,,,,,,,,,,,,,,,,,,,,,,,,,,,,,,,,,,,,,,,,,,,,,,,,,,,,,,,,,,,,,,,,,,,,,,,,,,,,,,,,,,,,,,,,,,,,,,,,,,,,,,,,,,,,,,,,,,,,,,,,,,,,,,,,,,,,,,,,,,,,,,,,,,,,,,,No
,,,,,,,Tools,Industrial,General,,52485,"52485 52"" MB Anisten Fan",-- Unbranded --,-- No Unilog Brand --,-- No DIB Brand --,Hunter Fan Co (4381),Hunter Fan Co,,,52485,52485,Tools > Industrial > General,"Hunter Fan Co 52485 52"" MB Anisten Fan","HUNTER FAN CO 52485 52"" MB ANISTEN FAN","Hunter Fan Co 52485 52"" MB Anisten Fan","Hunter Fan Co 52"" MB Anisten Fan (MPN: 52485) in the Tools > Industrial > General category.","Hunter Fan Co 52"" MB Anisten Fan (52485) in Industrial.","Hunter Fan Co 52"" MB Anisten Fan (52485) in Industrial.",,,,,,,,,,,,,,,,,,,,,,,,,,,,,,,,,,,,,,,,,,,,,,,,,,,,,,,,,,,,,,,,,,,,,,,,,,,,,,,,,,,,,,,,,,,,,,,,,,,,,,,,,,,,,,,,,,,,,,,,,,,,,,,,,,,,,,,,,,,,,,,,,,,,,,,,,,,,,,,,,,,,,,,,,,,,,,,,,,,,,,,,,,,,,,,,,,,,,,,,,,,,,,,,,,,,,,,,,,,,,,,No
,,,,,,,Tools,Industrial,General,,52486,"52486 44"" MB Anisten Fan",-- Unbranded --,-- No Unilog Brand --,-- No DIB Brand --,Hunter Fan Co (4381),Hunter Fan Co,,,52486,52486,Tools > Industrial > General,"Hunter Fan Co 52486 44"" MB Anisten Fan","HUNTER FAN CO 52486 44"" MB ANISTEN FAN","Hunter Fan Co 52486 44"" MB Anisten Fan","Hunter Fan Co 44"" MB Anisten Fan (MPN: 52486) in the Tools > Industrial > General category.","Hunter Fan Co 44"" MB Anisten Fan (52486) in Industrial.","Hunter Fan Co 44"" MB Anisten Fan (52486) in Industrial.",,,,,,,,,,,,,,,,,,,,,,,,,,,,,,,,,,,,,,,,,,,,,,,,,,,,,,,,,,,,,,,,,,,,,,,,,,,,,,,,,,,,,,,,,,,,,,,,,,,,,,,,,,,,,,,,,,,,,,,,,,,,,,,,,,,,,,,,,,,,,,,,,,,,,,,,,,,,,,,,,,,,,,,,,,,,,,,,,,,,,,,,,,,,,,,,,,,,,,,,,,,,,,,,,,,,,,,,,,,,,,,No
,,,,,,,Tools,Industrial,General,,52487,"52487 52"" WH Anisten Fan",-- Unbranded --,-- No Unilog Brand --,-- No DIB Brand --,Hunter Fan Co (4381),Hunter Fan Co,,,52487,52487,Tools > Industrial > General,"Hunter Fan Co 52487 52"" WH Anisten Fan","HUNTER FAN CO 52487 52"" WH ANISTEN FAN","Hunter Fan Co 52487 52"" WH Anisten Fan","Hunter Fan Co 52"" WH Anisten Fan (MPN: 52487) in the Tools > Industrial > General category.","Hunter Fan Co 52"" WH Anisten Fan (52487) in Industrial.","Hunter Fan Co 52"" WH Anisten Fan (52487) in Industrial.",,,,,,,,,,,,,,,,,,,,,,,,,,,,,,,,,,,,,,,,,,,,,,,,,,,,,,,,,,,,,,,,,,,,,,,,,,,,,,,,,,,,,,,,,,,,,,,,,,,,,,,,,,,,,,,,,,,,,,,,,,,,,,,,,,,,,,,,,,,,,,,,,,,,,,,,,,,,,,,,,,,,,,,,,,,,,,,,,,,,,,,,,,,,,,,,,,,,,,,,,,,,,,,,,,,,,,,,,,,,,,,No
,,,,,,,Tools,Industrial,General,,52488,"52488 44"" WH Anisten Fan",-- Unbranded --,-- No Unilog Brand --,-- No DIB Brand --,Hunter Fan Co (4381),Hunter Fan Co,,,52488,52488,Tools > Industrial > General,"Hunter Fan Co 52488 44"" WH Anisten Fan","HUNTER FAN CO 52488 44"" WH ANISTEN FAN","Hunter Fan Co 52488 44"" WH Anisten Fan","Hunter Fan Co 44"" WH Anisten Fan (MPN: 52488) in the Tools > Industrial > General category.","Hunter Fan Co 44"" WH Anisten Fan (52488) in Industrial.","Hunter Fan Co 44"" WH Anisten Fan (52488) in Industrial.",,,,,,,,,,,,,,,,,,,,,,,,,,,,,,,,,,,,,,,,,,,,,,,,,,,,,,,,,,,,,,,,,,,,,,,,,,,,,,,,,,,,,,,,,,,,,,,,,,,,,,,,,,,,,,,,,,,,,,,,,,,,,,,,,,,,,,,,,,,,,,,,,,,,,,,,,,,,,,,,,,,,,,,,,,,,,,,,,,,,,,,,,,,,,,,,,,,,,,,,,,,,,,,,,,,,,,,,,,,,,,,No
,,,,,,,Tools,Industrial,General,,52655,"52655 52"" MB Xidane Hunter Fan",-- Unbranded --,-- No Unilog Brand --,-- No DIB Brand --,Hunter Fan Co (4381),Hunter Fan Co,,,52655,52655,Tools > Industrial > General,"Hunter Fan Co 52655 52"" MB Xidane Hunter Fan","HUNTER FAN CO 52655 52"" MB XIDANE HUNTER FAN","Hunter Fan Co 52655 52"" MB Xidane Hunter Fan","Hunter Fan Co 52"" MB Xidane Hunter Fan (MPN: 52655) in the Tools > Industrial > General category.","Hunter Fan Co 52"" MB Xidane Hunter Fan (52655) in Industrial.","Hunter Fan Co 52"" MB Xidane Hunter Fan (52655) in Industrial.",,,,,,,,,,,,,,,,,,,,,,,,,,,,,,,,,,,,,,,,,,,,,,,,,,,,,,,,,,,,,,,,,,,,,,,,,,,,,,,,,,,,,,,,,,,,,,,,,,,,,,,,,,,,,,,,,,,,,,,,,,,,,,,,,,,,,,,,,,,,,,,,,,,,,,,,,,,,,,,,,,,,,,,,,,,,,,,,,,,,,,,,,,,,,,,,,,,,,,,,,,,,,,,,,,,,,,,,,,,,,,,No
,,,,,,,Tools,Industrial,General,,59261,"59261 52"" PB Cassius Fan",-- Unbranded --,-- No Unilog Brand --,-- No DIB Brand --,Hunter Fan Co (4381),Hunter Fan Co,,,59261,59261,Tools > Industrial > General,"Hunter Fan Co 59261 52"" PB Cassius Fan","HUNTER FAN CO 59261 52"" PB CASSIUS FAN","Hunter Fan Co 59261 52"" PB Cassius Fan","Hunter Fan Co 52"" PB Cassius Fan (MPN: 59261) in the Tools > Industrial > General category.","Hunter Fan Co 52"" PB Cassius Fan (59261) in Industrial.","Hunter Fan Co 52"" PB Cassius Fan (59261) in Industrial.",,,,,,,,,,,,,,,,,,,,,,,,,,,,,,,,,,,,,,,,,,,,,,,,,,,,,,,,,,,,,,,,,,,,,,,,,,,,,,,,,,,,,,,,,,,,,,,,,,,,,,,,,,,,,,,,,,,,,,,,,,,,,,,,,,,,,,,,,,,,,,,,,,,,,,,,,,,,,,,,,,,,,,,,,,,,,,,,,,,,,,,,,,,,,,,,,,,,,,,,,,,,,,,,,,,,,,,,,,,,,,,No
,,,,,,,Tools,Industrial,General,,51731,"51731 52"" MB Jetty Hunter Fan",-- Unbranded --,-- No Unilog Brand --,-- No DIB Brand --,Hunter Fan Co (4381),Hunter Fan Co,,,51731,51731,Tools > Industrial > General,"Hunter Fan Co 51731 52"" MB Jetty Hunter Fan","HUNTER FAN CO 51731 52"" MB JETTY HUNTER FAN","Hunter Fan Co 51731 52"" MB Jetty Hunter Fan","Hunter Fan Co 52"" MB Jetty Hunter Fan (MPN: 51731) in the Tools > Industrial > General category.","Hunter Fan Co 52"" MB Jetty Hunter Fan (51731) in Industrial.","Hunter Fan Co 52"" MB Jetty Hunter Fan (51731) in Industrial.",,,,,,,,,,,,,,,,,,,,,,,,,,,,,,,,,,,,,,,,,,,,,,,,,,,,,,,,,,,,,,,,,,,,,,,,,,,,,,,,,,,,,,,,,,,,,,,,,,,,,,,,,,,,,,,,,,,,,,,,,,,,,,,,,,,,,,,,,,,,,,,,,,,,,,,,,,,,,,,,,,,,,,,,,,,,,,,,,,,,,,,,,,,,,,,,,,,,,,,,,,,,,,,,,,,,,,,,,,,,,,,No
,,,,,,,Tools,Industrial,General,,XLC10ZW,XLC10ZW Makita 18V Cordless Vacuum (Bare),-- Unbranded --,-- No Unilog Brand --,-- No DIB Brand --,Makita Usa Inc (5142),Makita Usa Inc,Makita,,XLC10ZW,XLC10ZW,Tools > Industrial > General,Makita Usa Inc XLC10ZW Makita 18V Cordless Vacuum (Bare),MAKITA USA INC XLC10ZW MAKITA 18V CORDLESS VACUUM (BARE),Makita Usa Inc XLC10ZW Makita 18V Cordless Vacuum (Bare),Makita Usa Inc Makita 18V Cordless Vacuum (Bare) (MPN: XLC10ZW) in the Tools > Industrial > General category.,Makita Usa Inc Makita 18V Cordless Vacuum (Bare) (XLC10ZW) in Industrial.,Makita Usa Inc Makita 18V Cordless Vacuum (Bare) (XLC10ZW) in Industrial.,,,,,,,,,,,,,,,,,,,,,,,,,,,,,,,,,,,,,,,,,,,,,,,,,,,,,,,,,,,,,,,,,,,,,,,,,,,,,,,,,,,,,,,,,,,,,,,,,,,,,,,,,,,,,,,,,,,,,,,,,,,,,,,,,,,,,,,,,,,,,,,,,,,,,,,,,,,,,,,,,,,,,,,,,,,,,,,,,,,,,,,,,,,,,,,,,,,,,,,,,,,,,,,,,,,,,,,,,,,,,,,No
,,,,,,,Tools,Industrial,General,,HS-DA,HS-DA Motion Driveway Alert,-- Unbranded --,-- No Unilog Brand --,-- No DIB Brand --,Sabre (9195),Sabre,,,HS-DA,HS-DA,Tools > Industrial > General,Sabre HS-DA Motion Driveway Alert,SABRE HS-DA MOTION DRIVEWAY ALERT,Sabre HS-DA Motion Driveway Alert,Sabre Motion Driveway Alert (MPN: HS-DA) in the Tools > Industrial > General category.,Sabre Motion Driveway Alert (HS-DA) in Industrial.,Sabre Motion Driveway Alert (HS-DA) in Industrial.,,,,,,,,,,,,,,,,,,,,,,,,,,,,,,,,,,,,,,,,,,,,,,,,,,,,,,,,,,,,,,,,,,,,,,,,,,,,,,,,,,,,,,,,,,,,,,,,,,,,,,,,,,,,,,,,,,,,,,,,,,,,,,,,,,,,,,,,,,,,,,,,,,,,,,,,,,,,,,,,,,,,,,,,,,,,,,,,,,,,,,,,,,,,,,,,,,,,,,,,,,,,,,,,,,,,,,,,,,,,,,,No
,,,,,,,Tools,Industrial,General,,73002252,Black Gate Gravity Latch RDI,-- Unbranded --,-- No Unilog Brand --,-- No DIB Brand --,-,,,,73002252,73002252,Tools > Industrial > General,73002252 Black Gate Gravity Latch RDI,73002252 BLACK GATE GRAVITY LATCH RDI,73002252 Black Gate Gravity Latch RDI,Black Gate Gravity Latch RDI (MPN: 73002252) in the Tools > Industrial > General category.,Black Gate Gravity Latch RDI (73002252) in Industrial.,Black Gate Gravity Latch RDI (73002252) in Industrial.,,,,,,,,,,,,,,,,,,,,,,,,,,,,,,,,,,,,,,,,,,,,,,,,,,,,,,,,,,,,,,,,,,,,,,,,,,,,,,,,,,,,,,,,,,,,,,,,,,,,,,,,,,,,,,,,,,,,,,,,,,,,,,,,,,,,,,,,,,,,,,,,,,,,,,,,,,,,,,,,,,,,,,,,,,,,,,,,,,,,,,,,,,,,,,,,,,,,,,,,,,,,,,,,,,,,,,,,,,,,,,,No
,,,,,,,Tools,Industrial,General,,48-22-8396R,48-22-8396R Milw 24oz Bottle - Insulated,-- Unbranded --,-- No Unilog Brand --,-- No DIB Brand --,Milwaukee Accessory (4031),Milwaukee Accessory,Milwaukee,,48-22-8396R,48-22-8396R,Tools > Industrial > General,Milwaukee Accessory 48-22-8396R Milw 24oz Bottle - Insulated,MILWAUKEE ACCESSORY 48-22-8396R MILW 24OZ BOTTLE - INSULATED,Milwaukee Accessory 48-22-8396R Milw 24oz Bottle - Insulated,Milwaukee Accessory Milw 24oz Bottle - Insulated (MPN: 48-22-8396R) in the Tools > Industrial > General category.,Milwaukee Accessory Milw 24oz Bottle - Insulated (48-22-8396R) in Industrial.,Milwaukee Accessory Milw 24oz Bottle - Insulated (48-22-8396R) in Industrial.,,,,,,,,,,,,,,,,,,,,,,,,,,,,,,,,,,,,,,,,,,,,,,,,,,,,,,,,,,,,,,,,,,,,,,,,,,,,,,,,,,,,,,,,,,,,,,,,,,,,,,,,,,,,,,,,,,,,,,,,,,,,,,,,,,,,,,,,,,,,,,,,,,,,,,,,,,,,,,,,,,,,,,,,,,,,,,,,,,,,,,,,,,,,,,,,,,,,,,,,,,,,,,,,,,,,,,,,,,,,,,,No
,,,,,,,Tools,Industrial,General,,48-22-8397R,48-22-8397R Milw 36oz Bottle - Insulated,-- Unbranded --,-- No Unilog Brand --,-- No DIB Brand --,Milwaukee Accessory (4031),Milwaukee Accessory,Milwaukee,,48-22-8397R,48-22-8397R,Tools > Industrial > General,Milwaukee Accessory 48-22-8397R Milw 36oz Bottle - Insulated,MILWAUKEE ACCESSORY 48-22-8397R MILW 36OZ BOTTLE - INSULATED,Milwaukee Accessory 48-22-8397R Milw 36oz Bottle - Insulated,Milwaukee Accessory Milw 36oz Bottle - Insulated (MPN: 48-22-8397R) in the Tools > Industrial > General category.,Milwaukee Accessory Milw 36oz Bottle - Insulated (48-22-8397R) in Industrial.,Milwaukee Accessory Milw 36oz Bottle - Insulated (48-22-8397R) in Industrial.,,,,,,,,,,,,,,,,,,,,,,,,,,,,,,,,,,,,,,,,,,,,,,,,,,,,,,,,,,,,,,,,,,,,,,,,,,,,,,,,,,,,,,,,,,,,,,,,,,,,,,,,,,,,,,,,,,,,,,,,,,,,,,,,,,,,,,,,,,,,,,,,,,,,,,,,,,,,,,,,,,,,,,,,,,,,,,,,,,,,,,,,,,,,,,,,,,,,,,,,,,,,,,,,,,,,,,,,,,,,,,,No
,,,,,,,Tools,Industrial,General,,DCGG581B,DCGG581B Dewalt 20V Grease Gun 2-Speed,-- Unbranded --,-- No Unilog Brand --,-- No DIB Brand --,Black & Decker/dewlt (2585),Black & Decker/dewlt,DeWalt,,DCGG581B,DCGG581B,Tools > Industrial > General,Black & Decker/dewlt DCGG581B Dewalt 20V Grease Gun 2-Speed,BLACK & DECKER/DEWLT DCGG581B DEWALT 20V GREASE GUN 2-SPEED,Black & Decker/dewlt DCGG581B Dewalt 20V Grease Gun 2-Speed,Black & Decker/dewlt Dewalt 20V Grease Gun 2-Speed (MPN: DCGG581B) in the Tools > Industrial > General category.,Black & Decker/dewlt Dewalt 20V Grease Gun 2-Speed (DCGG581B) in Industrial.,Black & Decker/dewlt Dewalt 20V Grease Gun 2-Speed (DCGG581B) in Industrial.,,,,,,,,,,,,,,,,,,,,,,,,,,,,,,,,,,,,,,,,,,,,,,,,,,,,,,,,,,,,,,,,,,,,,,,,,,,,,,,,,,,,,,,,,,,,,,,,,,,,,,,,,,,,,,,,,,,,,,,,,,,,,,,,,,,,,,,,,,,,,,,,,,,,,,,,,,,,,,,,,,,,,,,,,,,,,,,,,,,,,,,,,,,,,,,,,,,,,,,,,,,,,,,,,,,,,,,,,,,,,,,No
,,,,,,,Tools,Industrial,General,,DCGG581GD1,DCGG581GD1 Dewalt 20V Grease Gun 2-Speed Kit,-- Unbranded --,-- No Unilog Brand --,-- No DIB Brand --,Black & Decker/dewlt (2585),Black & Decker/dewlt,DeWalt,,DCGG581GD1,DCGG581GD1,Tools > Industrial > General,Black & Decker/dewlt DCGG581GD1 Dewalt 20V Grease Gun 2-Speed Kit,BLACK & DECKER/DEWLT DCGG581GD1 DEWALT 20V GREASE GUN 2-SPEE,Black & Decker/dewlt DCGG581GD1 Dewalt 20V Grease Gun 2-Speed Kit,Black & Decker/dewlt Dewalt 20V Grease Gun 2-Speed Kit (MPN: DCGG581GD1) in the Tools > Industrial > General category.,Black & Decker/dewlt Dewalt 20V Grease Gun 2-Speed Kit (DCGG581GD1) in Industrial.,Black & Decker/dewlt Dewalt 20V Grease Gun 2-Speed Kit (DCGG581GD1) in Industrial.,,,,,,,,,,,,,,,,,,,,,,,,,,,,,,,,,,,,,,,,,,,,,,,,,,,,,,,,,,,,,,,,,,,,,,,,,,,,,,,,,,,,,,,,,,,,,,,,,,,,,,,,,,,,,,,,,,,,,,,,,,,,,,,,,,,,,,,,,,,,,,,,,,,,,,,,,,,,,,,,,,,,,,,,,,,,,,,,,,,,,,,,,,,,,,,,,,,,,,,,,,,,,,,,,,,,,,,,,,,,,,,No
,,,,,,,Tools,Industrial,General,,DWST41092,"DWST41092 Dewalt Tool Chest 41"" Bottom",-- Unbranded --,-- No Unilog Brand --,-- No DIB Brand --,Black & Decker/dewlt (2585),Black & Decker/dewlt,DeWalt,,DWST41092,DWST41092,Tools > Industrial > General,"Black & Decker/dewlt DWST41092 Dewalt Tool Chest 41"" Bottom","BLACK & DECKER/DEWLT DWST41092 DEWALT TOOL CHEST 41"" BOTTOM","Black & Decker/dewlt DWST41092 Dewalt Tool Chest 41"" Bottom","Black & Decker/dewlt Dewalt Tool Chest 41"" Bottom (MPN: DWST41092) in the Tools > Industrial > General category.","Black & Decker/dewlt Dewalt Tool Chest 41"" Bottom (DWST41092) in Industrial.","Black & Decker/dewlt Dewalt Tool Chest 41"" Bottom (DWST41092) in Industrial.",,,,,,,,,,,,,,,,,,,,,,,,,,,,,,,,,,,,,,,,,,,,,,,,,,,,,,,,,,,,,,,,,,,,,,,,,,,,,,,,,,,,,,,,,,,,,,,,,,,,,,,,,,,,,,,,,,,,,,,,,,,,,,,,,,,,,,,,,,,,,,,,,,,,,,,,,,,,,,,,,,,,,,,,,,,,,,,,,,,,,,,,,,,,,,,,,,,,,,,,,,,,,,,,,,,,,,,,,,,,,,,No
,,,,,,,Tools,Industrial,General,,156436WHT,156436 Wh 4x4x120 Post Wrap,DSI Westbury,-- No Unilog Brand --,-- No DIB Brand --,Palmer Donavin Mfg Company (PALDO),Palmer Donavin Mfg Company (PALDO),,,156436WHT,156436WHT,Tools > Industrial > General,Palmer Donavin Mfg Company 156436WHT 156436 Wh 4x4x120 Post Wrap,PALMER DONAVIN MFG COMPANY 156436WHT 156436 WH 4X4X120 POST,Palmer Donavin Mfg Company 156436WHT 156436 Wh 4x4x120 Post Wrap,Palmer Donavin Mfg Company 156436 Wh 4x4x120 Post Wrap (MPN: 156436WHT) in the Tools > Industrial > General category.,Palmer Donavin Mfg Company 156436 Wh 4x4x120 Post Wrap (156436WHT) in Industrial.,Palmer Donavin Mfg Company 156436 Wh 4x4x120 Post Wrap (156436WHT) in Industrial.,,,,,,,,,,,,,,,,,,,,,,,,,,,,,,,,,,,,,,,,,,,,,,,,,,,,,,,,,,,,,,,,,,,,,,,,,,,,,,,,,,,,,,,,,,,,,,,,,,,,,,,,,,,,,,,,,,,,,,,,,,,,,,,,,,,,,,,,,,,,,,,,,,,,,,,,,,,,,,,,,,,,,,,,,,,,,,,,,,,,,,,,,,,,,,,,,,,,,,,,,,,,,,,,,,,,,,,,,,,,,,,No
,,,,,,,Tools,Industrial,General,,173950TBK,"4""x8'-6"" DSI SQ Black Alum Post Wrap",-- Unbranded --,-- No Unilog Brand --,-- No DIB Brand --,Palmer Donavin Mfg Company (PALDO),Palmer Donavin Mfg Company (PALDO),,,173950TBK,173950TBK,Tools > Industrial > General,"Palmer Donavin Mfg Company 173950TBK 4""x8'-6"" DSI SQ Black Alum Post Wrap","PALMER DONAVIN MFG COMPANY 173950TBK 4""X8'-6"" DSI SQ BLACK A","Palmer Donavin Mfg Company 173950TBK 4""x8'-6"" DSI SQ Black Alum Post Wrap","Palmer Donavin Mfg Company 4""x8'-6"" DSI SQ Black Alum Post Wrap (MPN: 173950TBK) in the Tools > Industrial > General category.","Palmer Donavin Mfg Company 4""x8'-6"" DSI SQ Black Alum Post Wrap (173950TBK) in Industrial.","Palmer Donavin Mfg Company 4""x8'-6"" DSI SQ Black Alum Post Wrap (173950TBK) in Industrial.",,,,,,,,,,,,,,,,,,,,,,,,,,,,,,,,,,,,,,,,,,,,,,,,,,,,,,,,,,,,,,,,,,,,,,,,,,,,,,,,,,,,,,,,,,,,,,,,,,,,,,,,,,,,,,,,,,,,,,,,,,,,,,,,,,,,,,,,,,,,,,,,,,,,,,,,,,,,,,,,,,,,,,,,,,,,,,,,,,,,,,,,,,,,,,,,,,,,,,,,,,,,,,,,,,,,,,,,,,,,,,,No
,,,,,,,Tools,Industrial,General,,173951TBK,"6""x8'-6"" DSI SQ Black Alum Post Wrap",-- Unbranded --,-- No Unilog Brand --,-- No DIB Brand --,Palmer Donavin Mfg Company (PALDO),Palmer Donavin Mfg Company (PALDO),,,173951TBK,173951TBK,Tools > Industrial > General,"Palmer Donavin Mfg Company 173951TBK 6""x8'-6"" DSI SQ Black Alum Post Wrap","PALMER DONAVIN MFG COMPANY 173951TBK 6""X8'-6"" DSI SQ BLACK A","Palmer Donavin Mfg Company 173951TBK 6""x8'-6"" DSI SQ Black Alum Post Wrap","Palmer Donavin Mfg Company 6""x8'-6"" DSI SQ Black Alum Post Wrap (MPN: 173951TBK) in the Tools > Industrial > General category.","Palmer Donavin Mfg Company 6""x8'-6"" DSI SQ Black Alum Post Wrap (173951TBK) in Industrial.","Palmer Donavin Mfg Company 6""x8'-6"" DSI SQ Black Alum Post Wrap (173951TBK) in Industrial.",,,,,,,,,,,,,,,,,,,,,,,,,,,,,,,,,,,,,,,,,,,,,,,,,,,,,,,,,,,,,,,,,,,,,,,,,,,,,,,,,,,,,,,,,,,,,,,,,,,,,,,,,,,,,,,,,,,,,,,,,,,,,,,,,,,,,,,,,,,,,,,,,,,,,,,,,,,,,,,,,,,,,,,,,,,,,,,,,,,,,,,,,,,,,,,,,,,,,,,,,,,,,,,,,,,,,,,,,,,,,,,No
,,,,,,,Tools,Industrial,General,,173952TBK,"6""x10' DSI SQ Black Alum Post Wrap",-- Unbranded --,-- No Unilog Brand --,-- No DIB Brand --,Palmer Donavin Mfg Company (PALDO),Palmer Donavin Mfg Company (PALDO),,,173952TBK,173952TBK,Tools > Industrial > General,"Palmer Donavin Mfg Company 173952TBK 6""x10' DSI SQ Black Alum Post Wrap","PALMER DONAVIN MFG COMPANY 173952TBK 6""X10' DSI SQ BLACK ALU","Palmer Donavin Mfg Company 173952TBK 6""x10' DSI SQ Black Alum Post Wrap","Palmer Donavin Mfg Company 6""x10' DSI SQ Black Alum Post Wrap (MPN: 173952TBK) in the Tools > Industrial > General category.","Palmer Donavin Mfg Company 6""x10' DSI SQ Black Alum Post Wrap (173952TBK) in Industrial.","Palmer Donavin Mfg Company 6""x10' DSI SQ Black Alum Post Wrap (173952TBK) in Industrial.",,,,,,,,,,,,,,,,,,,,,,,,,,,,,,,,,,,,,,,,,,,,,,,,,,,,,,,,,,,,,,,,,,,,,,,,,,,,,,,,,,,,,,,,,,,,,,,,,,,,,,,,,,,,,,,,,,,,,,,,,,,,,,,,,,,,,,,,,,,,,,,,,,,,,,,,,,,,,,,,,,,,,,,,,,,,,,,,,,,,,,,,,,,,,,,,,,,,,,,,,,,,,,,,,,,,,,,,,,,,,,,No
,,,,,,,Tools,Industrial,General,,1624157,TW52 WH INSIDE CAS VIN WRAPPED,ANDERSEN,-- No Unilog Brand --,-- No DIB Brand --,-,,,,1624157,1624157,Tools > Industrial > General,1624157 TW52 WH INSIDE CAS VIN WRAPPED,1624157 TW52 WH INSIDE CAS VIN WRAPPED,1624157 TW52 WH INSIDE CAS VIN WRAPPED,TW52 WH INSIDE CAS VIN WRAPPED (MPN: 1624157) in the Tools > Industrial > General category.,TW52 WH INSIDE CAS VIN WRAPPED (1624157) in Industrial.,TW52 WH INSIDE CAS VIN WRAPPED (1624157) in Industrial.,,,,,,,,,,,,,,,,,,,,,,,,,,,,,,,,,,,,,,,,,,,,,,,,,,,,,,,,,,,,,,,,,,,,,,,,,,,,,,,,,,,,,,,,,,,,,,,,,,,,,,,,,,,,,,,,,,,,,,,,,,,,,,,,,,,,,,,,,,,,,,,,,,,,,,,,,,,,,,,,,,,,,,,,,,,,,,,,,,,,,,,,,,,,,,,,,,,,,,,,,,,,,,,,,,,,,,,,,,,,,,,No
,,,,,,,Tools,Industrial,General,,40025,40025 TS-54 Wal-Board T-Square 009-008,-- Unbranded --,-- No Unilog Brand --,-- No DIB Brand --,Marshalltown Trowel (5155),Marshalltown Trowel,,,40025,40025,Tools > Industrial > General,Marshalltown Trowel 40025 TS-54 Wal-Board T-Square 009-008,MARSHALLTOWN TROWEL 40025 TS-54 WAL-BOARD T-SQUARE 009-008,Marshalltown Trowel 40025 TS-54 Wal-Board T-Square 009-008,Marshalltown Trowel TS-54 Wal-Board T-Square 009-008 (MPN: 40025) in the Tools > Industrial > General category.,Marshalltown Trowel TS-54 Wal-Board T-Square 009-008 (40025) in Industrial.,Marshalltown Trowel TS-54 Wal-Board T-Square 009-008 (40025) in Industrial.,,,,,,,,,,,,,,,,,,,,,,,,,,,,,,,,,,,,,,,,,,,,,,,,,,,,,,,,,,,,,,,,,,,,,,,,,,,,,,,,,,,,,,,,,,,,,,,,,,,,,,,,,,,,,,,,,,,,,,,,,,,,,,,,,,,,,,,,,,,,,,,,,,,,,,,,,,,,,,,,,,,,,,,,,,,,,,,,,,,,,,,,,,,,,,,,,,,,,,,,,,,,,,,,,,,,,,,,,,,,,,,No
,,,,,,,Tools,Industrial,General,,48-22-3301,48-22-3301 Milw Mechanical Pencil w/ Lead Pack,-- Unbranded --,-- No Unilog Brand --,-- No DIB Brand --,Milwaukee Accessory (4031),Milwaukee Accessory,Milwaukee,,48-22-3301,48-22-3301,Tools > Industrial > General,Milwaukee Accessory 48-22-3301 Milw Mechanical Pencil w/ Lead Pack,MILWAUKEE ACCESSORY 48-22-3301 MILW MECHANICAL PENCIL W/ LEA,Milwaukee Accessory 48-22-3301 Milw Mechanical Pencil w/ Lead Pack,Milwaukee Accessory Milw Mechanical Pencil w/ Lead Pack (MPN: 48-22-3301) in the Tools > Industrial > General category.,Milwaukee Accessory Milw Mechanical Pencil w/ Lead Pack (48-22-3301) in Industrial.,Milwaukee Accessory Milw Mechanical Pencil w/ Lead Pack (48-22-3301) in Industrial.,,,,,,,,,,,,,,,,,,,,,,,,,,,,,,,,,,,,,,,,,,,,,,,,,,,,,,,,,,,,,,,,,,,,,,,,,,,,,,,,,,,,,,,,,,,,,,,,,,,,,,,,,,,,,,,,,,,,,,,,,,,,,,,,,,,,,,,,,,,,,,,,,,,,,,,,,,,,,,,,,,,,,,,,,,,,,,,,,,,,,,,,,,,,,,,,,,,,,,,,,,,,,,,,,,,,,,,,,,,,,,,No
,,,,,,,Tools,Industrial,General,,48-22-3302,48-22-3302 Milw Mechanical Pencil Replacement Lead,-- Unbranded --,-- No Unilog Brand --,-- No DIB Brand --,Milwaukee Accessory (4031),Milwaukee Accessory,Milwaukee,,48-22-3302,48-22-3302,Tools > Industrial > General,Milwaukee Accessory 48-22-3302 Milw Mechanical Pencil Replacement Lead,MILWAUKEE ACCESSORY 48-22-3302 MILW MECHANICAL PENCIL REPLAC,Milwaukee Accessory 48-22-3302 Milw Mechanical Pencil Replacement Lead,Milwaukee Accessory Milw Mechanical Pencil Replacement Lead (MPN: 48-22-3302) in the Tools > Industrial > General category.,Milwaukee Accessory Milw Mechanical Pencil Replacement Lead (48-22-3302) in Industrial.,Milwaukee Accessory Milw Mechanical Pencil Replacement Lead (48-22-3302) in Industrial.,,,,,,,,,,,,,,,,,,,,,,,,,,,,,,,,,,,,,,,,,,,,,,,,,,,,,,,,,,,,,,,,,,,,,,,,,,,,,,,,,,,,,,,,,,,,,,,,,,,,,,,,,,,,,,,,,,,,,,,,,,,,,,,,,,,,,,,,,,,,,,,,,,,,,,,,,,,,,,,,,,,,,,,,,,,,,,,,,,,,,,,,,,,,,,,,,,,,,,,,,,,,,,,,,,,,,,,,,,,,,,,No
,,,,,,,Tools,Industrial,General,,48-22-3303,48-22-3303 Milw Mechanical Pencil Replacement Lead-Color,-- Unbranded --,-- No Unilog Brand --,-- No DIB Brand --,Milwaukee Accessory (4031),Milwaukee Accessory,Milwaukee,,48-22-3303,48-22-3303,Tools > Industrial > General,Milwaukee Accessory 48-22-3303 Milw Mechanical Pencil Replacement Lead-Color,MILWAUKEE ACCESSORY 48-22-3303 MILW MECHANICAL PENCIL REPLAC,Milwaukee Accessory 48-22-3303 Milw Mechanical Pencil Replacement Lead-Color,Milwaukee Accessory Milw Mechanical Pencil Replacement Lead-Color (MPN: 48-22-3303) in the Tools > Industrial > General category.,Milwaukee Accessory Milw Mechanical Pencil Replacement Lead-Color (48-22-3303) in Industrial.,Milwaukee Accessory Milw Mechanical Pencil Replacement Lead-Color (48-22-3303) in Industrial.,,,,,,,,,,,,,,,,,,,,,,,,,,,,,,,,,,,,,,,,,,,,,,,,,,,,,,,,,,,,,,,,,,,,,,,,,,,,,,,,,,,,,,,,,,,,,,,,,,,,,,,,,,,,,,,,,,,,,,,,,,,,,,,,,,,,,,,,,,,,,,,,,,,,,,,,,,,,,,,,,,,,,,,,,,,,,,,,,,,,,,,,,,,,,,,,,,,,,,,,,,,,,,,,,,,,,,,,,,,,,,,No
,,,,,,,Tools,Industrial,General,,TSDKAP218-G2,TSDKAP218-G2 Edge Safety - Khor Black Frame Polarized,-- Unbranded --,-- No Unilog Brand --,-- No DIB Brand --,Edge Eyewear Inc (EDGSA),Edge Eyewear Inc (EDGSA),,,TSDKAP218-G2,TSDKAP218-G2,Tools > Industrial > General,Edge Eyewear Inc TSDKAP218-G2 Edge Safety - Khor Black Frame Polarized,EDGE EYEWEAR INC TSDKAP218-G2 EDGE SAFETY - KHOR BLACK FRAME,Edge Eyewear Inc TSDKAP218-G2 Edge Safety - Khor Black Frame Polarized,Edge Eyewear Inc Edge Safety - Khor Black Frame Polarized (MPN: TSDKAP218-G2) in the Tools > Industrial > General category.,Edge Eyewear Inc Edge Safety - Khor Black Frame Polarized (TSDKAP218-G2) in Industrial.,Edge Eyewear Inc Edge Safety - Khor Black Frame Polarized (TSDKAP218-G2) in Industrial.,,,,,,,,,,,,,,,,,,,,,,,,,,,,,,,,,,,,,,,,,,,,,,,,,,,,,,,,,,,,,,,,,,,,,,,,,,,,,,,,,,,,,,,,,,,,,,,,,,,,,,,,,,,,,,,,,,,,,,,,,,,,,,,,,,,,,,,,,,,,,,,,,,,,,,,,,,,,,,,,,,,,,,,,,,,,,,,,,,,,,,,,,,,,,,,,,,,,,,,,,,,,,,,,,,,,,,,,,,,,,,,No
,,,,,,,Tools,Industrial,General,,XPAP418,XPAP418 Edge Safety Glasses - Pumori Black Frame,-- Unbranded --,-- No Unilog Brand --,-- No DIB Brand --,Edge Eyewear Inc (EDGSA),Edge Eyewear Inc (EDGSA),,,XPAP418,XPAP418,Tools > Industrial > General,Edge Eyewear Inc XPAP418 Edge Safety Glasses - Pumori Black Frame,EDGE EYEWEAR INC XPAP418 EDGE SAFETY GLASSES - PUMORI BLACK,Edge Eyewear Inc XPAP418 Edge Safety Glasses - Pumori Black Frame,Edge Eyewear Inc Edge Safety Glasses - Pumori Black Frame (MPN: XPAP418) in the Tools > Industrial > General category.,Edge Eyewear Inc Edge Safety Glasses - Pumori Black Frame (XPAP418) in Industrial.,Edge Eyewear Inc Edge Safety Glasses - Pumori Black Frame (XPAP418) in Industrial.,,,,,,,,,,,,,,,,,,,,,,,,,,,,,,,,,,,,,,,,,,,,,,,,,,,,,,,,,,,,,,,,,,,,,,,,,,,,,,,,,,,,,,,,,,,,,,,,,,,,,,,,,,,,,,,,,,,,,,,,,,,,,,,,,,,,,,,,,,,,,,,,,,,,,,,,,,,,,,,,,,,,,,,,,,,,,,,,,,,,,,,,,,,,,,,,,,,,,,,,,,,,,,,,,,,,,,,,,,,,,,,No
,,,,,,,Tools,Industrial,General,,XDAP419,XDAP419 Edge Safety Glasses - Dawson Black Frame Red Lenses,-- Unbranded --,-- No Unilog Brand --,-- No DIB Brand --,Edge Eyewear Inc (EDGSA),Edge Eyewear Inc (EDGSA),,,XDAP419,XDAP419,Tools > Industrial > General,Edge Eyewear Inc XDAP419 Edge Safety Glasses - Dawson Black Frame Red Lenses,EDGE EYEWEAR INC XDAP419 EDGE SAFETY GLASSES - DAWSON BLACK,Edge Eyewear Inc XDAP419 Edge Safety Glasses - Dawson Black Frame Red Lenses,Edge Eyewear Inc Edge Safety Glasses - Dawson Black Frame Red Lenses (MPN: XDAP419) in the Tools > Industrial > General category.,Edge Eyewear Inc Edge Safety Glasses - Dawson Black Frame Red Lenses (XDAP419) in Industrial.,Edge Eyewear Inc Edge Safety Glasses - Dawson Black Frame Red Lenses (XDAP419) in Industrial.,,,,,,,,,,,,,,,,,,,,,,,,,,,,,,,,,,,,,,,,,,,,,,,,,,,,,,,,,,,,,,,,,,,,,,,,,,,,,,,,,,,,,,,,,,,,,,,,,,,,,,,,,,,,,,,,,,,,,,,,,,,,,,,,,,,,,,,,,,,,,,,,,,,,,,,,,,,,,,,,,,,,,,,,,,,,,,,,,,,,,,,,,,,,,,,,,,,,,,,,,,,,,,,,,,,,,,,,,,,,,,,No
,,,,,,,Tools,Industrial,General,,XB11PCVS,XB11PCVS Edge Safety Glasses - Photochromic Lense,-- Unbranded --,-- No Unilog Brand --,-- No DIB Brand --,Edge Eyewear Inc (EDGSA),Edge Eyewear Inc (EDGSA),,,XB11PCVS,XB11PCVS,Tools > Industrial > General,Edge Eyewear Inc XB11PCVS Edge Safety Glasses - Photochromic Lense,EDGE EYEWEAR INC XB11PCVS EDGE SAFETY GLASSES - PHOTOCHROMIC,Edge Eyewear Inc XB11PCVS Edge Safety Glasses - Photochromic Lense,Edge Eyewear Inc Edge Safety Glasses - Photochromic Lense (MPN: XB11PCVS) in the Tools > Industrial > General category.,Edge Eyewear Inc Edge Safety Glasses - Photochromic Lense (XB11PCVS) in Industrial.,Edge Eyewear Inc Edge Safety Glasses - Photochromic Lense (XB11PCVS) in Industrial.,,,,,,,,,,,,,,,,,,,,,,,,,,,,,,,,,,,,,,,,,,,,,,,,,,,,,,,,,,,,,,,,,,,,,,,,,,,,,,,,,,,,,,,,,,,,,,,,,,,,,,,,,,,,,,,,,,,,,,,,,,,,,,,,,,,,,,,,,,,,,,,,,,,,,,,,,,,,,,,,,,,,,,,,,,,,,,,,,,,,,,,,,,,,,,,,,,,,,,,,,,,,,,,,,,,,,,,,,,,,,,,No
,,,,,,,Tools,Industrial,General,,KB121VS,KB121VS Edge Safety Glasses - Kabru Black Frame,-- Unbranded --,-- No Unilog Brand --,-- No DIB Brand --,Edge Eyewear Inc (EDGSA),Edge Eyewear Inc (EDGSA),,,KB121VS,KB121VS,Tools > Industrial > General,Edge Eyewear Inc KB121VS Edge Safety Glasses - Kabru Black Frame,EDGE EYEWEAR INC KB121VS EDGE SAFETY GLASSES - KABRU BLACK F,Edge Eyewear Inc KB121VS Edge Safety Glasses - Kabru Black Frame,Edge Eyewear Inc Edge Safety Glasses - Kabru Black Frame (MPN: KB121VS) in the Tools > Industrial > General category.,Edge Eyewear Inc Edge Safety Glasses - Kabru Black Frame (KB121VS) in Industrial.,Edge Eyewear Inc Edge Safety Glasses - Kabru Black Frame (KB121VS) in Industrial.,,,,,,,,,,,,,,,,,,,,,,,,,,,,,,,,,,,,,,,,,,,,,,,,,,,,,,,,,,,,,,,,,,,,,,,,,,,,,,,,,,,,,,,,,,,,,,,,,,,,,,,,,,,,,,,,,,,,,,,,,,,,,,,,,,,,,,,,,,,,,,,,,,,,,,,,,,,,,,,,,,,,,,,,,,,,,,,,,,,,,,,,,,,,,,,,,,,,,,,,,,,,,,,,,,,,,,,,,,,,,,,No
,,,,,,,Tools,Industrial,General,,KB126VS,KB126VS Edge Safety Glasses - Kabru Black Frame,-- Unbranded --,-- No Unilog Brand --,-- No DIB Brand --,Edge Eyewear Inc (EDGSA),Edge Eyewear Inc (EDGSA),,,KB126VS,KB126VS,Tools > Industrial > General,Edge Eyewear Inc KB126VS Edge Safety Glasses - Kabru Black Frame,EDGE EYEWEAR INC KB126VS EDGE SAFETY GLASSES - KABRU BLACK F,Edge Eyewear Inc KB126VS Edge Safety Glasses - Kabru Black Frame,Edge Eyewear Inc Edge Safety Glasses - Kabru Black Frame (MPN: KB126VS) in the Tools > Industrial > General category.,Edge Eyewear Inc Edge Safety Glasses - Kabru Black Frame (KB126VS) in Industrial.,Edge Eyewear Inc Edge Safety Glasses - Kabru Black Frame (KB126VS) in Industrial.,,,,,,,,,,,,,,,,,,,,,,,,,,,,,,,,,,,,,,,,,,,,,,,,,,,,,,,,,,,,,,,,,,,,,,,,,,,,,,,,,,,,,,,,,,,,,,,,,,,,,,,,,,,,,,,,,,,,,,,,,,,,,,,,,,,,,,,,,,,,,,,,,,,,,,,,,,,,,,,,,,,,,,,,,,,,,,,,,,,,,,,,,,,,,,,,,,,,,,,,,,,,,,,,,,,,,,,,,,,,,,,No
,,,,,,,Tools,Industrial,General,,TC121VS,TC121VS Edge Safety Glasses - Tacana Black Frame,-- Unbranded --,-- No Unilog Brand --,-- No DIB Brand --,Edge Eyewear Inc (EDGSA),Edge Eyewear Inc (EDGSA),,,TC121VS,TC121VS,Tools > Industrial > General,Edge Eyewear Inc TC121VS Edge Safety Glasses - Tacana Black Frame,EDGE EYEWEAR INC TC121VS EDGE SAFETY GLASSES - TACANA BLACK,Edge Eyewear Inc TC121VS Edge Safety Glasses - Tacana Black Frame,Edge Eyewear Inc Edge Safety Glasses - Tacana Black Frame (MPN: TC121VS) in the Tools > Industrial > General category.,Edge Eyewear Inc Edge Safety Glasses - Tacana Black Frame (TC121VS) in Industrial.,Edge Eyewear Inc Edge Safety Glasses - Tacana Black Frame (TC121VS) in Industrial.,,,,,,,,,,,,,,,,,,,,,,,,,,,,,,,,,,,,,,,,,,,,,,,,,,,,,,,,,,,,,,,,,,,,,,,,,,,,,,,,,,,,,,,,,,,,,,,,,,,,,,,,,,,,,,,,,,,,,,,,,,,,,,,,,,,,,,,,,,,,,,,,,,,,,,,,,,,,,,,,,,,,,,,,,,,,,,,,,,,,,,,,,,,,,,,,,,,,,,,,,,,,,,,,,,,,,,,,,,,,,,,No
,,,,,,,Tools,Industrial,General,,TC126VS,TC126VS Edge Safety Glasses - Tacana Black Frame,-- Unbranded --,-- No Unilog Brand --,-- No DIB Brand --,Edge Eyewear Inc (EDGSA),Edge Eyewear Inc (EDGSA),,,TC126VS,TC126VS,Tools > Industrial > General,Edge Eyewear Inc TC126VS Edge Safety Glasses - Tacana Black Frame,EDGE EYEWEAR INC TC126VS EDGE SAFETY GLASSES - TACANA BLACK,Edge Eyewear Inc TC126VS Edge Safety Glasses - Tacana Black Frame,Edge Eyewear Inc Edge Safety Glasses - Tacana Black Frame (MPN: TC126VS) in the Tools > Industrial > General category.,Edge Eyewear Inc Edge Safety Glasses - Tacana Black Frame (TC126VS) in Industrial.,Edge Eyewear Inc Edge Safety Glasses - Tacana Black Frame (TC126VS) in Industrial.,,,,,,,,,,,,,,,,,,,,,,,,,,,,,,,,,,,,,,,,,,,,,,,,,,,,,,,,,,,,,,,,,,,,,,,,,,,,,,,,,,,,,,,,,,,,,,,,,,,,,,,,,,,,,,,,,,,,,,,,,,,,,,,,,,,,,,,,,,,,,,,,,,,,,,,,,,,,,,,,,,,,,,,,,,,,,,,,,,,,,,,,,,,,,,,,,,,,,,,,,,,,,,,,,,,,,,,,,,,,,,,No
,,,,,,,Tools,Industrial,General,,MK113MPAP,MK113MPAP Edge Safety Glasses - Makalu Black Frame Polarized,-- Unbranded --,-- No Unilog Brand --,-- No DIB Brand --,Edge Eyewear Inc (EDGSA),Edge Eyewear Inc (EDGSA),,,MK113MPAP,MK113MPAP,Tools > Industrial > General,Edge Eyewear Inc MK113MPAP Edge Safety Glasses - Makalu Black Frame Polarized,EDGE EYEWEAR INC MK113MPAP EDGE SAFETY GLASSES - MAKALU BLAC,Edge Eyewear Inc MK113MPAP Edge Safety Glasses - Makalu Black Frame Polarized,Edge Eyewear Inc Edge Safety Glasses - Makalu Black Frame Polarized (MPN: MK113MPAP) in the Tools > Industrial > General category.,Edge Eyewear Inc Edge Safety Glasses - Makalu Black Frame Polarized (MK113MPAP) in Industrial.,Edge Eyewear Inc Edge Safety Glasses - Makalu Black Frame Polarized (MK113MPAP) in Industrial.,,,,,,,,,,,,,,,,,,,,,,,,,,,,,,,,,,,,,,,,,,,,,,,,,,,,,,,,,,,,,,,,,,,,,,,,,,,,,,,,,,,,,,,,,,,,,,,,,,,,,,,,,,,,,,,,,,,,,,,,,,,,,,,,,,,,,,,,,,,,,,,,,,,,,,,,,,,,,,,,,,,,,,,,,,,,,,,,,,,,,,,,,,,,,,,,,,,,,,,,,,,,,,,,,,,,,,,,,,,,,,,No
,,,,,,,Tools,Industrial,General,,LS117MPAP,LS117MPAP Edge Safety Glasses - Lassen Black Frame Polarized,-- Unbranded --,-- No Unilog Brand --,-- No DIB Brand --,Edge Eyewear Inc (EDGSA),Edge Eyewear Inc (EDGSA),,,LS117MPAP,LS117MPAP,Tools > Industrial > General,Edge Eyewear Inc LS117MPAP Edge Safety Glasses - Lassen Black Frame Polarized,EDGE EYEWEAR INC LS117MPAP EDGE SAFETY GLASSES - LASSEN BLAC,Edge Eyewear Inc LS117MPAP Edge Safety Glasses - Lassen Black Frame Polarized,Edge Eyewear Inc Edge Safety Glasses - Lassen Black Frame Polarized (MPN: LS117MPAP) in the Tools > Industrial > General category.,Edge Eyewear Inc Edge Safety Glasses - Lassen Black Frame Polarized (LS117MPAP) in Industrial.,Edge Eyewear Inc Edge Safety Glasses - Lassen Black Frame Polarized (LS117MPAP) in Industrial.,,,,,,,,,,,,,,,,,,,,,,,,,,,,,,,,,,,,,,,,,,,,,,,,,,,,,,,,,,,,,,,,,,,,,,,,,,,,,,,,,,,,,,,,,,,,,,,,,,,,,,,,,,,,,,,,,,,,,,,,,,,,,,,,,,,,,,,,,,,,,,,,,,,,,,,,,,,,,,,,,,,,,,,,,,,,,,,,,,,,,,,,,,,,,,,,,,,,,,,,,,,,,,,,,,,,,,,,,,,,,,,No
,,,,,,,Tools,Industrial,General,,FE-EFX-6L,FEEFX6L Lith Fire Extinguisher,-- Unbranded --,-- No Unilog Brand --,-- No DIB Brand --,Ohio Firewatch Protection Inc (HOLFS),Ohio Firewatch Protection Inc (HOLFS),,,FE-EFX-6L,FE-EFX-6L,Tools > Industrial > General,Ohio Firewatch Protection Inc FE-EFX-6L FEEFX6L Lith Fire Extinguisher,OHIO FIREWATCH PROTECTION INC FE-EFX-6L FEEFX6L LITH FIRE EX,Ohio Firewatch Protection Inc FE-EFX-6L FEEFX6L Lith Fire Extinguisher,Ohio Firewatch Protection Inc FEEFX6L Lith Fire Extinguisher (MPN: FE-EFX-6L) in the Tools > Industrial > General category.,Ohio Firewatch Protection Inc FEEFX6L Lith Fire Extinguisher (FE-EFX-6L) in Industrial.,Ohio Firewatch Protection Inc FEEFX6L Lith Fire Extinguisher (FE-EFX-6L) in Industrial.,,,,,,,,,,,,,,,,,,,,,,,,,,,,,,,,,,,,,,,,,,,,,,,,,,,,,,,,,,,,,,,,,,,,,,,,,,,,,,,,,,,,,,,,,,,,,,,,,,,,,,,,,,,,,,,,,,,,,,,,,,,,,,,,,,,,,,,,,,,,,,,,,,,,,,,,,,,,,,,,,,,,,,,,,,,,,,,,,,,,,,,,,,,,,,,,,,,,,,,,,,,,,,,,,,,,,,,,,,,,,,,No
,,,,,,,Tools,Industrial,General,,FE-EFX-9L,FEEFX9L Lith Fire Extinguisher,-- Unbranded --,-- No Unilog Brand --,-- No DIB Brand --,Ohio Firewatch Protection Inc (HOLFS),Ohio Firewatch Protection Inc (HOLFS),,,FE-EFX-9L,FE-EFX-9L,Tools > Industrial > General,Ohio Firewatch Protection Inc FE-EFX-9L FEEFX9L Lith Fire Extinguisher,OHIO FIREWATCH PROTECTION INC FE-EFX-9L FEEFX9L LITH FIRE EX,Ohio Firewatch Protection Inc FE-EFX-9L FEEFX9L Lith Fire Extinguisher,Ohio Firewatch Protection Inc FEEFX9L Lith Fire Extinguisher (MPN: FE-EFX-9L) in the Tools > Industrial > General category.,Ohio Firewatch Protection Inc FEEFX9L Lith Fire Extinguisher (FE-EFX-9L) in Industrial.,Ohio Firewatch Protection Inc FEEFX9L Lith Fire Extinguisher (FE-EFX-9L) in Industrial.,,,,,,,,,,,,,,,,,,,,,,,,,,,,,,,,,,,,,,,,,,,,,,,,,,,,,,,,,,,,,,,,,,,,,,,,,,,,,,,,,,,,,,,,,,,,,,,,,,,,,,,,,,,,,,,,,,,,,,,,,,,,,,,,,,,,,,,,,,,,,,,,,,,,,,,,,,,,,,,,,,,,,,,,,,,,,,,,,,,,,,,,,,,,,,,,,,,,,,,,,,,,,,,,,,,,,,,,,,,,,,,No
,,,,,,,Tools,Industrial,General,,1046793,1046793 Smoke & CO Alarm,-- Unbranded --,-- No Unilog Brand --,First Alert,First Alert - B R K Brands (2754),First Alert - B R K Brands,,,1046793,1046793,Tools > Industrial > General,First Alert - B R K Brands 1046793 Smoke & CO Alarm,FIRST ALERT - B R K BRANDS 1046793 SMOKE & CO ALARM,First Alert - B R K Brands 1046793 Smoke & CO Alarm,First Alert - B R K Brands Smoke & CO Alarm (MPN: 1046793) in the Tools > Industrial > General category.,First Alert - B R K Brands Smoke & CO Alarm (1046793) in Industrial.,First Alert - B R K Brands Smoke & CO Alarm (1046793) in Industrial.,,,,,,,,,,,,,,,,,,,,,,,,,,,,,,,,,,,,,,,,,,,,,,,,,,,,,,,,,,,,,,,,,,,,,,,,,,,,,,,,,,,,,,,,,,,,,,,,,,,,,,,,,,,,,,,,,,,,,,,,,,,,,,,,,,,,,,,,,,,,,,,,,,,,,,,,,,,,,,,,,,,,,,,,,,,,,,,,,,,,,,,,,,,,,,,,,,,,,,,,,,,,,,,,,,,,,,,,,,,,,,,No
,,,,,,,Tools,Industrial,General,,1046870,1046870 Smoke & CO Alarm,-- Unbranded --,-- No Unilog Brand --,BRK,First Alert - B R K Brands (2754),First Alert - B R K Brands,,,1046870,1046870,Tools > Industrial > General,First Alert - B R K Brands 1046870 Smoke & CO Alarm,FIRST ALERT - B R K BRANDS 1046870 SMOKE & CO ALARM,First Alert - B R K Brands 1046870 Smoke & CO Alarm,First Alert - B R K Brands Smoke & CO Alarm (MPN: 1046870) in the Tools > Industrial > General category.,First Alert - B R K Brands Smoke & CO Alarm (1046870) in Industrial.,First Alert - B R K Brands Smoke & CO Alarm (1046870) in Industrial.,,,,,,,,,,,,,,,,,,,,,,,,,,,,,,,,,,,,,,,,,,,,,,,,,,,,,,,,,,,,,,,,,,,,,,,,,,,,,,,,,,,,,,,,,,,,,,,,,,,,,,,,,,,,,,,,,,,,,,,,,,,,,,,,,,,,,,,,,,,,,,,,,,,,,,,,,,,,,,,,,,,,,,,,,,,,,,,,,,,,,,,,,,,,,,,,,,,,,,,,,,,,,,,,,,,,,,,,,,,,,,,No
,,,,,,,Tools,Industrial,General,,M701B-21L,M701B-21L Milw L Black Heated Work Glove Liners,-- Unbranded --,-- No Unilog Brand --,-- No DIB Brand --,Milwaukee Accessory (4031),Milwaukee Accessory,Milwaukee,,M701B-21L,M701B-21L,Tools > Industrial > General,Milwaukee Accessory M701B-21L Milw L Black Heated Work Glove Liners,MILWAUKEE ACCESSORY M701B-21L MILW L BLACK HEATED WORK GLOVE,Milwaukee Accessory M701B-21L Milw L Black Heated Work Glove Liners,Milwaukee Accessory Milw L Black Heated Work Glove Liners (MPN: M701B-21L) in the Tools > Industrial > General category.,Milwaukee Accessory Milw L Black Heated Work Glove Liners (M701B-21L) in Industrial.,Milwaukee Accessory Milw L Black Heated Work Glove Liners (M701B-21L) in Industrial.,,,,,,,,,,,,,,,,,,,,,,,,,,,,,,,,,,,,,,,,,,,,,,,,,,,,,,,,,,,,,,,,,,,,,,,,,,,,,,,,,,,,,,,,,,,,,,,,,,,,,,,,,,,,,,,,,,,,,,,,,,,,,,,,,,,,,,,,,,,,,,,,,,,,,,,,,,,,,,,,,,,,,,,,,,,,,,,,,,,,,,,,,,,,,,,,,,,,,,,,,,,,,,,,,,,,,,,,,,,,,,,No
,,,,,,,Tools,Industrial,General,,M701B-21M,M701B-21M Milw M Black Heated Work Glove Liners,-- Unbranded --,-- No Unilog Brand --,-- No DIB Brand --,Milwaukee Accessory (4031),Milwaukee Accessory,Milwaukee,,M701B-21M,M701B-21M,Tools > Industrial > General,Milwaukee Accessory M701B-21M Milw M Black Heated Work Glove Liners,MILWAUKEE ACCESSORY M701B-21M MILW M BLACK HEATED WORK GLOVE,Milwaukee Accessory M701B-21M Milw M Black Heated Work Glove Liners,Milwaukee Accessory Milw M Black Heated Work Glove Liners (MPN: M701B-21M) in the Tools > Industrial > General category.,Milwaukee Accessory Milw M Black Heated Work Glove Liners (M701B-21M) in Industrial.,Milwaukee Accessory Milw M Black Heated Work Glove Liners (M701B-21M) in Industrial.,,,,,,,,,,,,,,,,,,,,,,,,,,,,,,,,,,,,,,,,,,,,,,,,,,,,,,,,,,,,,,,,,,,,,,,,,,,,,,,,,,,,,,,,,,,,,,,,,,,,,,,,,,,,,,,,,,,,,,,,,,,,,,,,,,,,,,,,,,,,,,,,,,,,,,,,,,,,,,,,,,,,,,,,,,,,,,,,,,,,,,,,,,,,,,,,,,,,,,,,,,,,,,,,,,,,,,,,,,,,,,,No
,,,,,,,Tools,Industrial,General,,M701B-21S,M701B-21S Milw S Black Heated Work Glove Liners,-- Unbranded --,-- No Unilog Brand --,-- No DIB Brand --,Milwaukee Accessory (4031),Milwaukee Accessory,Milwaukee,,M701B-21S,M701B-21S,Tools > Industrial > General,Milwaukee Accessory M701B-21S Milw S Black Heated Work Glove Liners,MILWAUKEE ACCESSORY M701B-21S MILW S BLACK HEATED WORK GLOVE,Milwaukee Accessory M701B-21S Milw S Black Heated Work Glove Liners,Milwaukee Accessory Milw S Black Heated Work Glove Liners (MPN: M701B-21S) in the Tools > Industrial > General category.,Milwaukee Accessory Milw S Black Heated Work Glove Liners (M701B-21S) in Industrial.,Milwaukee Accessory Milw S Black Heated Work Glove Liners (M701B-21S) in Industrial.,,,,,,,,,,,,,,,,,,,,,,,,,,,,,,,,,,,,,,,,,,,,,,,,,,,,,,,,,,,,,,,,,,,,,,,,,,,,,,,,,,,,,,,,,,,,,,,,,,,,,,,,,,,,,,,,,,,,,,,,,,,,,,,,,,,,,,,,,,,,,,,,,,,,,,,,,,,,,,,,,,,,,,,,,,,,,,,,,,,,,,,,,,,,,,,,,,,,,,,,,,,,,,,,,,,,,,,,,,,,,,,No
,,,,,,,Tools,Industrial,General,,M701B-21XL,M701B-21XL Milw XL Black Heated Work Glove Liners,-- Unbranded --,-- No Unilog Brand --,-- No DIB Brand --,Milwaukee Accessory (4031),Milwaukee Accessory,Milwaukee,,M701B-21XL,M701B-21XL,Tools > Industrial > General,Milwaukee Accessory M701B-21XL Milw XL Black Heated Work Glove Liners,MILWAUKEE ACCESSORY M701B-21XL MILW XL BLACK HEATED WORK GLO,Milwaukee Accessory M701B-21XL Milw XL Black Heated Work Glove Liners,Milwaukee Accessory Milw XL Black Heated Work Glove Liners (MPN: M701B-21XL) in the Tools > Industrial > General category.,Milwaukee Accessory Milw XL Black Heated Work Glove Liners (M701B-21XL) in Industrial.,Milwaukee Accessory Milw XL Black Heated Work Glove Liners (M701B-21XL) in Industrial.,,,,,,,,,,,,,,,,,,,,,,,,,,,,,,,,,,,,,,,,,,,,,,,,,,,,,,,,,,,,,,,,,,,,,,,,,,,,,,,,,,,,,,,,,,,,,,,,,,,,,,,,,,,,,,,,,,,,,,,,,,,,,,,,,,,,,,,,,,,,,,,,,,,,,,,,,,,,,,,,,,,,,,,,,,,,,,,,,,,,,,,,,,,,,,,,,,,,,,,,,,,,,,,,,,,,,,,,,,,,,,,No
,,,,,,,Tools,Industrial,General,,MWUG42010124,UTW Pro Heated Glove Blk XS,-- Unbranded --,-- No Unilog Brand --,-- No DIB Brand --,Tech Gear 5.7 Inc (TECGE),Tech Gear 5.7 Inc (TECGE),,,MWUG42010124,MWUG42010124,Tools > Industrial > General,Tech Gear 5.7 Inc MWUG42010124 UTW Pro Heated Glove Blk XS,TECH GEAR 5.7 INC MWUG42010124 UTW PRO HEATED GLOVE BLK XS,Tech Gear 5.7 Inc MWUG42010124 UTW Pro Heated Glove Blk XS,Tech Gear 5.7 Inc UTW Pro Heated Glove Blk XS (MPN: MWUG42010124) in the Tools > Industrial > General category.,Tech Gear 5.7 Inc UTW Pro Heated Glove Blk XS (MWUG42010124) in Industrial.,Tech Gear 5.7 Inc UTW Pro Heated Glove Blk XS (MWUG42010124) in Industrial.,,,,,,,,,,,,,,,,,,,,,,,,,,,,,,,,,,,,,,,,,,,,,,,,,,,,,,,,,,,,,,,,,,,,,,,,,,,,,,,,,,,,,,,,,,,,,,,,,,,,,,,,,,,,,,,,,,,,,,,,,,,,,,,,,,,,,,,,,,,,,,,,,,,,,,,,,,,,,,,,,,,,,,,,,,,,,,,,,,,,,,,,,,,,,,,,,,,,,,,,,,,,,,,,,,,,,,,,,,,,,,,No
,,,,,,,Tools,Industrial,General,,MWUG42010224,UTW Pro Heated Glove Blk SM,-- Unbranded --,-- No Unilog Brand --,-- No DIB Brand --,Tech Gear 5.7 Inc (TECGE),Tech Gear 5.7 Inc (TECGE),,,MWUG42010224,MWUG42010224,Tools > Industrial > General,Tech Gear 5.7 Inc MWUG42010224 UTW Pro Heated Glove Blk SM,TECH GEAR 5.7 INC MWUG42010224 UTW PRO HEATED GLOVE BLK SM,Tech Gear 5.7 Inc MWUG42010224 UTW Pro Heated Glove Blk SM,Tech Gear 5.7 Inc UTW Pro Heated Glove Blk SM (MPN: MWUG42010224) in the Tools > Industrial > General category.,Tech Gear 5.7 Inc UTW Pro Heated Glove Blk SM (MWUG42010224) in Industrial.,Tech Gear 5.7 Inc UTW Pro Heated Glove Blk SM (MWUG42010224) in Industrial.,,,,,,,,,,,,,,,,,,,,,,,,,,,,,,,,,,,,,,,,,,,,,,,,,,,,,,,,,,,,,,,,,,,,,,,,,,,,,,,,,,,,,,,,,,,,,,,,,,,,,,,,,,,,,,,,,,,,,,,,,,,,,,,,,,,,,,,,,,,,,,,,,,,,,,,,,,,,,,,,,,,,,,,,,,,,,,,,,,,,,,,,,,,,,,,,,,,,,,,,,,,,,,,,,,,,,,,,,,,,,,,No
,,,,,,,Tools,Industrial,General,,MWUG42010324,UTW Pro Heated Glove Blk MD,-- Unbranded --,-- No Unilog Brand --,-- No DIB Brand --,Tech Gear 5.7 Inc (TECGE),Tech Gear 5.7 Inc (TECGE),,,MWUG42010324,MWUG42010324,Tools > Industrial > General,Tech Gear 5.7 Inc MWUG42010324 UTW Pro Heated Glove Blk MD,TECH GEAR 5.7 INC MWUG42010324 UTW PRO HEATED GLOVE BLK MD,Tech Gear 5.7 Inc MWUG42010324 UTW Pro Heated Glove Blk MD,Tech Gear 5.7 Inc UTW Pro Heated Glove Blk MD (MPN: MWUG42010324) in the Tools > Industrial > General category.,Tech Gear 5.7 Inc UTW Pro Heated Glove Blk MD (MWUG42010324) in Industrial.,Tech Gear 5.7 Inc UTW Pro Heated Glove Blk MD (MWUG42010324) in Industrial.,,,,,,,,,,,,,,,,,,,,,,,,,,,,,,,,,,,,,,,,,,,,,,,,,,,,,,,,,,,,,,,,,,,,,,,,,,,,,,,,,,,,,,,,,,,,,,,,,,,,,,,,,,,,,,,,,,,,,,,,,,,,,,,,,,,,,,,,,,,,,,,,,,,,,,,,,,,,,,,,,,,,,,,,,,,,,,,,,,,,,,,,,,,,,,,,,,,,,,,,,,,,,,,,,,,,,,,,,,,,,,,No
,,,,,,,Tools,Industrial,General,,MWUG42010424,UTW Pro Heated Glove Blk LG,-- Unbranded --,-- No Unilog Brand --,-- No DIB Brand --,Tech Gear 5.7 Inc (TECGE),Tech Gear 5.7 Inc (TECGE),,,MWUG42010424,MWUG42010424,Tools > Industrial > General,Tech Gear 5.7 Inc MWUG42010424 UTW Pro Heated Glove Blk LG,TECH GEAR 5.7 INC MWUG42010424 UTW PRO HEATED GLOVE BLK LG,Tech Gear 5.7 Inc MWUG42010424 UTW Pro Heated Glove Blk LG,Tech Gear 5.7 Inc UTW Pro Heated Glove Blk LG (MPN: MWUG42010424) in the Tools > Industrial > General category.,Tech Gear 5.7 Inc UTW Pro Heated Glove Blk LG (MWUG42010424) in Industrial.,Tech Gear 5.7 Inc UTW Pro Heated Glove Blk LG (MWUG42010424) in Industrial.,,,,,,,,,,,,,,,,,,,,,,,,,,,,,,,,,,,,,,,,,,,,,,,,,,,,,,,,,,,,,,,,,,,,,,,,,,,,,,,,,,,,,,,,,,,,,,,,,,,,,,,,,,,,,,,,,,,,,,,,,,,,,,,,,,,,,,,,,,,,,,,,,,,,,,,,,,,,,,,,,,,,,,,,,,,,,,,,,,,,,,,,,,,,,,,,,,,,,,,,,,,,,,,,,,,,,,,,,,,,,,,No
,,,,,,,Tools,Industrial,General,,MWUG42010524,UTW Pro Heated Glove Blk XL,-- Unbranded --,-- No Unilog Brand --,-- No DIB Brand --,Tech Gear 5.7 Inc (TECGE),Tech Gear 5.7 Inc (TECGE),,,MWUG42010524,MWUG42010524,Tools > Industrial > General,Tech Gear 5.7 Inc MWUG42010524 UTW Pro Heated Glove Blk XL,TECH GEAR 5.7 INC MWUG42010524 UTW PRO HEATED GLOVE BLK XL,Tech Gear 5.7 Inc MWUG42010524 UTW Pro Heated Glove Blk XL,Tech Gear 5.7 Inc UTW Pro Heated Glove Blk XL (MPN: MWUG42010524) in the Tools > Industrial > General category.,Tech Gear 5.7 Inc UTW Pro Heated Glove Blk XL (MWUG42010524) in Industrial.,Tech Gear 5.7 Inc UTW Pro Heated Glove Blk XL (MWUG42010524) in Industrial.,,,,,,,,,,,,,,,,,,,,,,,,,,,,,,,,,,,,,,,,,,,,,,,,,,,,,,,,,,,,,,,,,,,,,,,,,,,,,,,,,,,,,,,,,,,,,,,,,,,,,,,,,,,,,,,,,,,,,,,,,,,,,,,,,,,,,,,,,,,,,,,,,,,,,,,,,,,,,,,,,,,,,,,,,,,,,,,,,,,,,,,,,,,,,,,,,,,,,,,,,,,,,,,,,,,,,,,,,,,,,,,No
,,,,,,,Tools,Industrial,General,,MWUG42010624,UTW Pro Heated Glove Blk 2X,-- Unbranded --,-- No Unilog Brand --,-- No DIB Brand --,Tech Gear 5.7 Inc (TECGE),Tech Gear 5.7 Inc (TECGE),,,MWUG42010624,MWUG42010624,Tools > Industrial > General,Tech Gear 5.7 Inc MWUG42010624 UTW Pro Heated Glove Blk 2X,TECH GEAR 5.7 INC MWUG42010624 UTW PRO HEATED GLOVE BLK 2X,Tech Gear 5.7 Inc MWUG42010624 UTW Pro Heated Glove Blk 2X,Tech Gear 5.7 Inc UTW Pro Heated Glove Blk 2X (MPN: MWUG42010624) in the Tools > Industrial > General category.,Tech Gear 5.7 Inc UTW Pro Heated Glove Blk 2X (MWUG42010624) in Industrial.,Tech Gear 5.7 Inc UTW Pro Heated Glove Blk 2X (MWUG42010624) in Industrial.,,,,,,,,,,,,,,,,,,,,,,,,,,,,,,,,,,,,,,,,,,,,,,,,,,,,,,,,,,,,,,,,,,,,,,,,,,,,,,,,,,,,,,,,,,,,,,,,,,,,,,,,,,,,,,,,,,,,,,,,,,,,,,,,,,,,,,,,,,,,,,,,,,,,,,,,,,,,,,,,,,,,,,,,,,,,,,,,,,,,,,,,,,,,,,,,,,,,,,,,,,,,,,,,,,,,,,,,,,,,,,,No
,,,,,,,Tools,Industrial,General,,MWUG36010225,MWUG36010225 BLK SM Aerial Snow Heated Glove,-- Unbranded --,-- No Unilog Brand --,-- No DIB Brand --,Tech Gear 5.7 Inc (TECGE),Tech Gear 5.7 Inc (TECGE),,,MWUG36010225,MWUG36010225,Tools > Industrial > General,Tech Gear 5.7 Inc MWUG36010225 BLK SM Aerial Snow Heated Glove,TECH GEAR 5.7 INC MWUG36010225 BLK SM AERIAL SNOW HEATED GLO,Tech Gear 5.7 Inc MWUG36010225 BLK SM Aerial Snow Heated Glove,Tech Gear 5.7 Inc BLK SM Aerial Snow Heated Glove (MPN: MWUG36010225) in the Tools > Industrial > General category.,Tech Gear 5.7 Inc BLK SM Aerial Snow Heated Glove (MWUG36010225) in Industrial.,Tech Gear 5.7 Inc BLK SM Aerial Snow Heated Glove (MWUG36010225) in Industrial.,,,,,,,,,,,,,,,,,,,,,,,,,,,,,,,,,,,,,,,,,,,,,,,,,,,,,,,,,,,,,,,,,,,,,,,,,,,,,,,,,,,,,,,,,,,,,,,,,,,,,,,,,,,,,,,,,,,,,,,,,,,,,,,,,,,,,,,,,,,,,,,,,,,,,,,,,,,,,,,,,,,,,,,,,,,,,,,,,,,,,,,,,,,,,,,,,,,,,,,,,,,,,,,,,,,,,,,,,,,,,,,No
,,,,,,,Tools,Industrial,General,,MWUG36010325,MWUG36010325 BLK MD Aerial Snow Heated Glove,-- Unbranded --,-- No Unilog Brand --,-- No DIB Brand --,Tech Gear 5.7 Inc (TECGE),Tech Gear 5.7 Inc (TECGE),,,MWUG36010325,MWUG36010325,Tools > Industrial > General,Tech Gear 5.7 Inc MWUG36010325 BLK MD Aerial Snow Heated Glove,TECH GEAR 5.7 INC MWUG36010325 BLK MD AERIAL SNOW HEATED GLO,Tech Gear 5.7 Inc MWUG36010325 BLK MD Aerial Snow Heated Glove,Tech Gear 5.7 Inc BLK MD Aerial Snow Heated Glove (MPN: MWUG36010325) in the Tools > Industrial > General category.,Tech Gear 5.7 Inc BLK MD Aerial Snow Heated Glove (MWUG36010325) in Industrial.,Tech Gear 5.7 Inc BLK MD Aerial Snow Heated Glove (MWUG36010325) in Industrial.,,,,,,,,,,,,,,,,,,,,,,,,,,,,,,,,,,,,,,,,,,,,,,,,,,,,,,,,,,,,,,,,,,,,,,,,,,,,,,,,,,,,,,,,,,,,,,,,,,,,,,,,,,,,,,,,,,,,,,,,,,,,,,,,,,,,,,,,,,,,,,,,,,,,,,,,,,,,,,,,,,,,,,,,,,,,,,,,,,,,,,,,,,,,,,,,,,,,,,,,,,,,,,,,,,,,,,,,,,,,,,,No
,,,,,,,Tools,Industrial,General,,MWUG36010425,MWUG36010425 BLK LG Aerial Snow Heated Glove,-- Unbranded --,-- No Unilog Brand --,-- No DIB Brand --,Tech Gear 5.7 Inc (TECGE),Tech Gear 5.7 Inc (TECGE),,,MWUG36010425,MWUG36010425,Tools > Industrial > General,Tech Gear 5.7 Inc MWUG36010425 BLK LG Aerial Snow Heated Glove,TECH GEAR 5.7 INC MWUG36010425 BLK LG AERIAL SNOW HEATED GLO,Tech Gear 5.7 Inc MWUG36010425 BLK LG Aerial Snow Heated Glove,Tech Gear 5.7 Inc BLK LG Aerial Snow Heated Glove (MPN: MWUG36010425) in the Tools > Industrial > General category.,Tech Gear 5.7 Inc BLK LG Aerial Snow Heated Glove (MWUG36010425) in Industrial.,Tech Gear 5.7 Inc BLK LG Aerial Snow Heated Glove (MWUG36010425) in Industrial.,,,,,,,,,,,,,,,,,,,,,,,,,,,,,,,,,,,,,,,,,,,,,,,,,,,,,,,,,,,,,,,,,,,,,,,,,,,,,,,,,,,,,,,,,,,,,,,,,,,,,,,,,,,,,,,,,,,,,,,,,,,,,,,,,,,,,,,,,,,,,,,,,,,,,,,,,,,,,,,,,,,,,,,,,,,,,,,,,,,,,,,,,,,,,,,,,,,,,,,,,,,,,,,,,,,,,,,,,,,,,,,No
,,,,,,,Tools,Industrial,General,,MWUG36010525,MWUG36010525 BLK XL Aerial Snow Heated Glove,-- Unbranded --,-- No Unilog Brand --,-- No DIB Brand --,Tech Gear 5.7 Inc (TECGE),Tech Gear 5.7 Inc (TECGE),,,MWUG36010525,MWUG36010525,Tools > Industrial > General,Tech Gear 5.7 Inc MWUG36010525 BLK XL Aerial Snow Heated Glove,TECH GEAR 5.7 INC MWUG36010525 BLK XL AERIAL SNOW HEATED GLO,Tech Gear 5.7 Inc MWUG36010525 BLK XL Aerial Snow Heated Glove,Tech Gear 5.7 Inc BLK XL Aerial Snow Heated Glove (MPN: MWUG36010525) in the Tools > Industrial > General category.,Tech Gear 5.7 Inc BLK XL Aerial Snow Heated Glove (MWUG36010525) in Industrial.,Tech Gear 5.7 Inc BLK XL Aerial Snow Heated Glove (MWUG36010525) in Industrial.,,,,,,,,,,,,,,,,,,,,,,,,,,,,,,,,,,,,,,,,,,,,,,,,,,,,,,,,,,,,,,,,,,,,,,,,,,,,,,,,,,,,,,,,,,,,,,,,,,,,,,,,,,,,,,,,,,,,,,,,,,,,,,,,,,,,,,,,,,,,,,,,,,,,,,,,,,,,,,,,,,,,,,,,,,,,,,,,,,,,,,,,,,,,,,,,,,,,,,,,,,,,,,,,,,,,,,,,,,,,,,,No
,,,,,,,Tools,Industrial,General,,MWUG36010625,MWUG36010625 BLK 2X Aerial Snow Heated Glove,-- Unbranded --,-- No Unilog Brand --,-- No DIB Brand --,Tech Gear 5.7 Inc (TECGE),Tech Gear 5.7 Inc (TECGE),,,MWUG36010625,MWUG36010625,Tools > Industrial > General,Tech Gear 5.7 Inc MWUG36010625 BLK 2X Aerial Snow Heated Glove,TECH GEAR 5.7 INC MWUG36010625 BLK 2X AERIAL SNOW HEATED GLO,Tech Gear 5.7 Inc MWUG36010625 BLK 2X Aerial Snow Heated Glove,Tech Gear 5.7 Inc BLK 2X Aerial Snow Heated Glove (MPN: MWUG36010625) in the Tools > Industrial > General category.,Tech Gear 5.7 Inc BLK 2X Aerial Snow Heated Glove (MWUG36010625) in Industrial.,Tech Gear 5.7 Inc BLK 2X Aerial Snow Heated Glove (MWUG36010625) in Industrial.,,,,,,,,,,,,,,,,,,,,,,,,,,,,,,,,,,,,,,,,,,,,,,,,,,,,,,,,,,,,,,,,,,,,,,,,,,,,,,,,,,,,,,,,,,,,,,,,,,,,,,,,,,,,,,,,,,,,,,,,,,,,,,,,,,,,,,,,,,,,,,,,,,,,,,,,,,,,,,,,,,,,,,,,,,,,,,,,,,,,,,,,,,,,,,,,,,,,,,,,,,,,,,,,,,,,,,,,,,,,,,,No
,,,,,,,Tools,Industrial,General,,DPG15,DPG15 Dewalt AM/FM Hearing Protector,-- Unbranded --,-- No Unilog Brand --,-- No DIB Brand --,Radians (7363),Radians,DeWalt,,DPG15,DPG15,Tools > Industrial > General,Radians DPG15 Dewalt AM/FM Hearing Protector,RADIANS DPG15 DEWALT AM/FM HEARING PROTECTOR,Radians DPG15 Dewalt AM/FM Hearing Protector,Radians Dewalt AM/FM Hearing Protector (MPN: DPG15) in the Tools > Industrial > General category.,Radians Dewalt AM/FM Hearing Protector (DPG15) in Industrial.,Radians Dewalt AM/FM Hearing Protector (DPG15) in Industrial.,,,,,,,,,,,,,,,,,,,,,,,,,,,,,,,,,,,,,,,,,,,,,,,,,,,,,,,,,,,,,,,,,,,,,,,,,,,,,,,,,,,,,,,,,,,,,,,,,,,,,,,,,,,,,,,,,,,,,,,,,,,,,,,,,,,,,,,,,,,,,,,,,,,,,,,,,,,,,,,,,,,,,,,,,,,,,,,,,,,,,,,,,,,,,,,,,,,,,,,,,,,,,,,,,,,,,,,,,,,,,,,No
,,,,,,,Tools,Industrial,General,,F200B-21L,F200B-21L Milw M12 Womens - BLK Heated Hoodie Kit L,-- Unbranded --,-- No Unilog Brand --,-- No DIB Brand --,Milwaukee Accessory (4031),Milwaukee Accessory,Milwaukee,,F200B-21L,F200B-21L,Tools > Industrial > General,Milwaukee Accessory F200B-21L Milw M12 Womens - BLK Heated Hoodie Kit L,MILWAUKEE ACCESSORY F200B-21L MILW M12 WOMENS - BLK HEATED H,Milwaukee Accessory F200B-21L Milw M12 Womens - BLK Heated Hoodie Kit L,Milwaukee Accessory Milw M12 Womens - BLK Heated Hoodie Kit L (MPN: F200B-21L) in the Tools > Industrial > General category.,Milwaukee Accessory Milw M12 Womens - BLK Heated Hoodie Kit L (F200B-21L) in Industrial.,Milwaukee Accessory Milw M12 Womens - BLK Heated Hoodie Kit L (F200B-21L) in Industrial.,,,,,,,,,,,,,,,,,,,,,,,,,,,,,,,,,,,,,,,,,,,,,,,,,,,,,,,,,,,,,,,,,,,,,,,,,,,,,,,,,,,,,,,,,,,,,,,,,,,,,,,,,,,,,,,,,,,,,,,,,,,,,,,,,,,,,,,,,,,,,,,,,,,,,,,,,,,,,,,,,,,,,,,,,,,,,,,,,,,,,,,,,,,,,,,,,,,,,,,,,,,,,,,,,,,,,,,,,,,,,,,No
,,,,,,,Tools,Industrial,General,,F200B-21M,F200B-21M Milw M12 Womens - BLK Heated Hoodie Kit M,-- Unbranded --,-- No Unilog Brand --,-- No DIB Brand --,Milwaukee Accessory (4031),Milwaukee Accessory,Milwaukee,,F200B-21M,F200B-21M,Tools > Industrial > General,Milwaukee Accessory F200B-21M Milw M12 Womens - BLK Heated Hoodie Kit M,MILWAUKEE ACCESSORY F200B-21M MILW M12 WOMENS - BLK HEATED H,Milwaukee Accessory F200B-21M Milw M12 Womens - BLK Heated Hoodie Kit M,Milwaukee Accessory Milw M12 Womens - BLK Heated Hoodie Kit M (MPN: F200B-21M) in the Tools > Industrial > General category.,Milwaukee Accessory Milw M12 Womens - BLK Heated Hoodie Kit M (F200B-21M) in Industrial.,Milwaukee Accessory Milw M12 Womens - BLK Heated Hoodie Kit M (F200B-21M) in Industrial.,,,,,,,,,,,,,,,,,,,,,,,,,,,,,,,,,,,,,,,,,,,,,,,,,,,,,,,,,,,,,,,,,,,,,,,,,,,,,,,,,,,,,,,,,,,,,,,,,,,,,,,,,,,,,,,,,,,,,,,,,,,,,,,,,,,,,,,,,,,,,,,,,,,,,,,,,,,,,,,,,,,,,,,,,,,,,,,,,,,,,,,,,,,,,,,,,,,,,,,,,,,,,,,,,,,,,,,,,,,,,,,No
,,,,,,,Tools,Industrial,General,,M200B-21L,M200B-21L Milw M12 BLK - Heated Hoodie Kit L,-- Unbranded --,-- No Unilog Brand --,-- No DIB Brand --,Milwaukee Accessory (4031),Milwaukee Accessory,Milwaukee,,M200B-21L,M200B-21L,Tools > Industrial > General,Milwaukee Accessory M200B-21L Milw M12 BLK - Heated Hoodie Kit L,MILWAUKEE ACCESSORY M200B-21L MILW M12 BLK - HEATED HOODIE K,Milwaukee Accessory M200B-21L Milw M12 BLK - Heated Hoodie Kit L,Milwaukee Accessory Milw M12 BLK - Heated Hoodie Kit L (MPN: M200B-21L) in the Tools > Industrial > General category.,Milwaukee Accessory Milw M12 BLK - Heated Hoodie Kit L (M200B-21L) in Industrial.,Milwaukee Accessory Milw M12 BLK - Heated Hoodie Kit L (M200B-21L) in Industrial.,,,,,,,,,,,,,,,,,,,,,,,,,,,,,,,,,,,,,,,,,,,,,,,,,,,,,,,,,,,,,,,,,,,,,,,,,,,,,,,,,,,,,,,,,,,,,,,,,,,,,,,,,,,,,,,,,,,,,,,,,,,,,,,,,,,,,,,,,,,,,,,,,,,,,,,,,,,,,,,,,,,,,,,,,,,,,,,,,,,,,,,,,,,,,,,,,,,,,,,,,,,,,,,,,,,,,,,,,,,,,,,No
,,,,,,,Tools,Industrial,General,,M200B-21M,M200B-21M Milw M12 BLK - Heated Hoodie Kit M,-- Unbranded --,-- No Unilog Brand --,-- No DIB Brand --,Milwaukee Accessory (4031),Milwaukee Accessory,Milwaukee,,M200B-21M,M200B-21M,Tools > Industrial > General,Milwaukee Accessory M200B-21M Milw M12 BLK - Heated Hoodie Kit M,MILWAUKEE ACCESSORY M200B-21M MILW M12 BLK - HEATED HOODIE K,Milwaukee Accessory M200B-21M Milw M12 BLK - Heated Hoodie Kit M,Milwaukee Accessory Milw M12 BLK - Heated Hoodie Kit M (MPN: M200B-21M) in the Tools > Industrial > General category.,Milwaukee Accessory Milw M12 BLK - Heated Hoodie Kit M (M200B-21M) in Industrial.,Milwaukee Accessory Milw M12 BLK - Heated Hoodie Kit M (M200B-21M) in Industrial.,,,,,,,,,,,,,,,,,,,,,,,,,,,,,,,,,,,,,,,,,,,,,,,,,,,,,,,,,,,,,,,,,,,,,,,,,,,,,,,,,,,,,,,,,,,,,,,,,,,,,,,,,,,,,,,,,,,,,,,,,,,,,,,,,,,,,,,,,,,,,,,,,,,,,,,,,,,,,,,,,,,,,,,,,,,,,,,,,,,,,,,,,,,,,,,,,,,,,,,,,,,,,,,,,,,,,,,,,,,,,,,No
,,,,,,,Tools,Industrial,General,,M200B-21XL,M200B-21XL Milw M12 BLK - Heated Hoodie Kit XL,-- Unbranded --,-- No Unilog Brand --,-- No DIB Brand --,Milwaukee Accessory (4031),Milwaukee Accessory,Milwaukee,,M200B-21XL,M200B-21XL,Tools > Industrial > General,Milwaukee Accessory M200B-21XL Milw M12 BLK - Heated Hoodie Kit XL,MILWAUKEE ACCESSORY M200B-21XL MILW M12 BLK - HEATED HOODIE,Milwaukee Accessory M200B-21XL Milw M12 BLK - Heated Hoodie Kit XL,Milwaukee Accessory Milw M12 BLK - Heated Hoodie Kit XL (MPN: M200B-21XL) in the Tools > Industrial > General category.,Milwaukee Accessory Milw M12 BLK - Heated Hoodie Kit XL (M200B-21XL) in Industrial.,Milwaukee Accessory Milw M12 BLK - Heated Hoodie Kit XL (M200B-21XL) in Industrial.,,,,,,,,,,,,,,,,,,,,,,,,,,,,,,,,,,,,,,,,,,,,,,,,,,,,,,,,,,,,,,,,,,,,,,,,,,,,,,,,,,,,,,,,,,,,,,,,,,,,,,,,,,,,,,,,,,,,,,,,,,,,,,,,,,,,,,,,,,,,,,,,,,,,,,,,,,,,,,,,,,,,,,,,,,,,,,,,,,,,,,,,,,,,,,,,,,,,,,,,,,,,,,,,,,,,,,,,,,,,,,,No
,,,,,,,Tools,Industrial,General,,M200G-21L,M200G-21L Milw M12 Gray - Heated Hoodie Kit L,-- Unbranded --,-- No Unilog Brand --,-- No DIB Brand --,Milwaukee Accessory (4031),Milwaukee Accessory,Milwaukee,,M200G-21L,M200G-21L,Tools > Industrial > General,Milwaukee Accessory M200G-21L Milw M12 Gray - Heated Hoodie Kit L,MILWAUKEE ACCESSORY M200G-21L MILW M12 GRAY - HEATED HOODIE,Milwaukee Accessory M200G-21L Milw M12 Gray - Heated Hoodie Kit L,Milwaukee Accessory Milw M12 Gray - Heated Hoodie Kit L (MPN: M200G-21L) in the Tools > Industrial > General category.,Milwaukee Accessory Milw M12 Gray - Heated Hoodie Kit L (M200G-21L) in Industrial.,Milwaukee Accessory Milw M12 Gray - Heated Hoodie Kit L (M200G-21L) in Industrial.,,,,,,,,,,,,,,,,,,,,,,,,,,,,,,,,,,,,,,,,,,,,,,,,,,,,,,,,,,,,,,,,,,,,,,,,,,,,,,,,,,,,,,,,,,,,,,,,,,,,,,,,,,,,,,,,,,,,,,,,,,,,,,,,,,,,,,,,,,,,,,,,,,,,,,,,,,,,,,,,,,,,,,,,,,,,,,,,,,,,,,,,,,,,,,,,,,,,,,,,,,,,,,,,,,,,,,,,,,,,,,,No
,,,,,,,Tools,Industrial,General,,M200G-21M,M200G-21M Milw M12 Gray - Heated Hoodie Kit M,-- Unbranded --,-- No Unilog Brand --,-- No DIB Brand --,Milwaukee Accessory (4031),Milwaukee Accessory,Milwaukee,,M200G-21M,M200G-21M,Tools > Industrial > General,Milwaukee Accessory M200G-21M Milw M12 Gray - Heated Hoodie Kit M,MILWAUKEE ACCESSORY M200G-21M MILW M12 GRAY - HEATED HOODIE,Milwaukee Accessory M200G-21M Milw M12 Gray - Heated Hoodie Kit M,Milwaukee Accessory Milw M12 Gray - Heated Hoodie Kit M (MPN: M200G-21M) in the Tools > Industrial > General category.,Milwaukee Accessory Milw M12 Gray - Heated Hoodie Kit M (M200G-21M) in Industrial.,Milwaukee Accessory Milw M12 Gray - Heated Hoodie Kit M (M200G-21M) in Industrial.,,,,,,,,,,,,,,,,,,,,,,,,,,,,,,,,,,,,,,,,,,,,,,,,,,,,,,,,,,,,,,,,,,,,,,,,,,,,,,,,,,,,,,,,,,,,,,,,,,,,,,,,,,,,,,,,,,,,,,,,,,,,,,,,,,,,,,,,,,,,,,,,,,,,,,,,,,,,,,,,,,,,,,,,,,,,,,,,,,,,,,,,,,,,,,,,,,,,,,,,,,,,,,,,,,,,,,,,,,,,,,,No
,,,,,,,Tools,Industrial,General,,M200G-21XL,M200G-21XL Milw M12 Gray - Heated Hoodie Kit XL,-- Unbranded --,-- No Unilog Brand --,-- No DIB Brand --,Milwaukee Accessory (4031),Milwaukee Accessory,Milwaukee,,M200G-21XL,M200G-21XL,Tools > Industrial > General,Milwaukee Accessory M200G-21XL Milw M12 Gray - Heated Hoodie Kit XL,MILWAUKEE ACCESSORY M200G-21XL MILW M12 GRAY - HEATED HOODIE,Milwaukee Accessory M200G-21XL Milw M12 Gray - Heated Hoodie Kit XL,Milwaukee Accessory Milw M12 Gray - Heated Hoodie Kit XL (MPN: M200G-21XL) in the Tools > Industrial > General category.,Milwaukee Accessory Milw M12 Gray - Heated Hoodie Kit XL (M200G-21XL) in Industrial.,Milwaukee Accessory Milw M12 Gray - Heated Hoodie Kit XL (M200G-21XL) in Industrial.,,,,,,,,,,,,,,,,,,,,,,,,,,,,,,,,,,,,,,,,,,,,,,,,,,,,,,,,,,,,,,,,,,,,,,,,,,,,,,,,,,,,,,,,,,,,,,,,,,,,,,,,,,,,,,,,,,,,,,,,,,,,,,,,,,,,,,,,,,,,,,,,,,,,,,,,,,,,,,,,,,,,,,,,,,,,,,,,,,,,,,,,,,,,,,,,,,,,,,,,,,,,,,,,,,,,,,,,,,,,,,,No
,,,,,,,Tools,Industrial,General,,48-11-2330,48-11-2330 Milw Heated Gear Power Source,-- Unbranded --,-- No Unilog Brand --,-- No DIB Brand --,Milwaukee Accessory (4031),Milwaukee Accessory,Milwaukee,,48-11-2330,48-11-2330,Tools > Industrial > General,Milwaukee Accessory 48-11-2330 Milw Heated Gear Power Source,MILWAUKEE ACCESSORY 48-11-2330 MILW HEATED GEAR POWER SOURCE,Milwaukee Accessory 48-11-2330 Milw Heated Gear Power Source,Milwaukee Accessory Milw Heated Gear Power Source (MPN: 48-11-2330) in the Tools > Industrial > General category.,Milwaukee Accessory Milw Heated Gear Power Source (48-11-2330) in Industrial.,Milwaukee Accessory Milw Heated Gear Power Source (48-11-2330) in Industrial.,,,,,,,,,,,,,,,,,,,,,,,,,,,,,,,,,,,,,,,,,,,,,,,,,,,,,,,,,,,,,,,,,,,,,,,,,,,,,,,,,,,,,,,,,,,,,,,,,,,,,,,,,,,,,,,,,,,,,,,,,,,,,,,,,,,,,,,,,,,,,,,,,,,,,,,,,,,,,,,,,,,,,,,,,,,,,,,,,,,,,,,,,,,,,,,,,,,,,,,,,,,,,,,,,,,,,,,,,,,,,,,No
,,,,,,,Tools,Industrial,General,,DCBP250C,DCBP520C Dewalt Starter Kit,-- Unbranded --,-- No Unilog Brand --,DEWALT,Black & Decker/dewlt (2585),Black & Decker/dewlt,DeWalt,,DCBP250C,DCBP250C,Tools > Industrial > General,Black & Decker/dewlt DCBP250C DCBP520C Dewalt Starter Kit,BLACK & DECKER/DEWLT DCBP250C DCBP520C DEWALT STARTER KIT,Black & Decker/dewlt DCBP250C DCBP520C Dewalt Starter Kit,Black & Decker/dewlt DCBP520C Dewalt Starter Kit (MPN: DCBP250C) in the Tools > Industrial > General category.,Black & Decker/dewlt DCBP520C Dewalt Starter Kit (DCBP250C) in Industrial.,Black & Decker/dewlt DCBP520C Dewalt Starter Kit (DCBP250C) in Industrial.,,,,,,,,,,,,,,,,,,,,,,,,,,,,,,,,,,,,,,,,,,,,,,,,,,,,,,,,,,,,,,,,,,,,,,,,,,,,,,,,,,,,,,,,,,,,,,,,,,,,,,,,,,,,,,,,,,,,,,,,,,,,,,,,,,,,,,,,,,,,,,,,,,,,,,,,,,,,,,,,,,,,,,,,,,,,,,,,,,,,,,,,,,,,,,,,,,,,,,,,,,,,,,,,,,,,,,,,,,,,,,,No
,,,,,,,Tools,Industrial,General,,5328,5328 Lg. Leather Phone Holster - Clip-on,-- Unbranded --,-- No Unilog Brand --,-- No DIB Brand --,-,,,,5328,5328,Tools > Industrial > General,5328 Lg. Leather Phone Holster - Clip-on,5328 LG. LEATHER PHONE HOLSTER - CLIP-ON,5328 Lg. Leather Phone Holster - Clip-on,Lg. Leather Phone Holster - Clip-on (MPN: 5328) in the Tools > Industrial > General category.,Lg. Leather Phone Holster - Clip-on (5328) in Industrial.,Lg. Leather Phone Holster - Clip-on (5328) in Industrial.,,,,,,,,,,,,,,,,,,,,,,,,,,,,,,,,,,,,,,,,,,,,,,,,,,,,,,,,,,,,,,,,,,,,,,,,,,,,,,,,,,,,,,,,,,,,,,,,,,,,,,,,,,,,,,,,,,,,,,,,,,,,,,,,,,,,,,,,,,,,,,,,,,,,,,,,,,,,,,,,,,,,,,,,,,,,,,,,,,,,,,,,,,,,,,,,,,,,,,,,,,,,,,,,,,,,,,,,,,,,,,,No
,,,,,,,Tools,Industrial,General,,3200-20,3200-20 Milw Voltage Detector,-- Unbranded --,-- No Unilog Brand --,-- No DIB Brand --,Milwaukee Accessory (4031),Milwaukee Accessory,Milwaukee,,3200-20,3200-20,Tools > Industrial > General,Milwaukee Accessory 3200-20 Milw Voltage Detector,MILWAUKEE ACCESSORY 3200-20 MILW VOLTAGE DETECTOR,Milwaukee Accessory 3200-20 Milw Voltage Detector,Milwaukee Accessory Milw Voltage Detector (MPN: 3200-20) in the Tools > Industrial > General category.,Milwaukee Accessory Milw Voltage Detector (3200-20) in Industrial.,Milwaukee Accessory Milw Voltage Detector (3200-20) in Industrial.,,,,,,,,,,,,,,,,,,,,,,,,,,,,,,,,,,,,,,,,,,,,,,,,,,,,,,,,,,,,,,,,,,,,,,,,,,,,,,,,,,,,,,,,,,,,,,,,,,,,,,,,,,,,,,,,,,,,,,,,,,,,,,,,,,,,,,,,,,,,,,,,,,,,,,,,,,,,,,,,,,,,,,,,,,,,,,,,,,,,,,,,,,,,,,,,,,,,,,,,,,,,,,,,,,,,,,,,,,,,,,,No
,,,,,,,Tools,Industrial,General,,3202-20,3202-20 Milw Voltage Detector w/ LED,-- Unbranded --,-- No Unilog Brand --,-- No DIB Brand --,Milwaukee Accessory (4031),Milwaukee Accessory,Milwaukee,,3202-20,3202-20,Tools > Industrial > General,Milwaukee Accessory 3202-20 Milw Voltage Detector w/ LED,MILWAUKEE ACCESSORY 3202-20 MILW VOLTAGE DETECTOR W/ LED,Milwaukee Accessory 3202-20 Milw Voltage Detector w/ LED,Milwaukee Accessory Milw Voltage Detector w/ LED (MPN: 3202-20) in the Tools > Industrial > General category.,Milwaukee Accessory Milw Voltage Detector w/ LED (3202-20) in Industrial.,Milwaukee Accessory Milw Voltage Detector w/ LED (3202-20) in Industrial.,,,,,,,,,,,,,,,,,,,,,,,,,,,,,,,,,,,,,,,,,,,,,,,,,,,,,,,,,,,,,,,,,,,,,,,,,,,,,,,,,,,,,,,,,,,,,,,,,,,,,,,,,,,,,,,,,,,,,,,,,,,,,,,,,,,,,,,,,,,,,,,,,,,,,,,,,,,,,,,,,,,,,,,,,,,,,,,,,,,,,,,,,,,,,,,,,,,,,,,,,,,,,,,,,,,,,,,,,,,,,,,No
,,,,,,,Tools,Industrial,General,,3203-20,3203-20 Milw Dual Range Voltage Detector w/ LED,-- Unbranded --,-- No Unilog Brand --,-- No DIB Brand --,Milwaukee Accessory (4031),Milwaukee Accessory,Milwaukee,,3203-20,3203-20,Tools > Industrial > General,Milwaukee Accessory 3203-20 Milw Dual Range Voltage Detector w/ LED,MILWAUKEE ACCESSORY 3203-20 MILW DUAL RANGE VOLTAGE DETECTOR,Milwaukee Accessory 3203-20 Milw Dual Range Voltage Detector w/ LED,Milwaukee Accessory Milw Dual Range Voltage Detector w/ LED (MPN: 3203-20) in the Tools > Industrial > General category.,Milwaukee Accessory Milw Dual Range Voltage Detector w/ LED (3203-20) in Industrial.,Milwaukee Accessory Milw Dual Range Voltage Detector w/ LED (3203-20) in Industrial.,,,,,,,,,,,,,,,,,,,,,,,,,,,,,,,,,,,,,,,,,,,,,,,,,,,,,,,,,,,,,,,,,,,,,,,,,,,,,,,,,,,,,,,,,,,,,,,,,,,,,,,,,,,,,,,,,,,,,,,,,,,,,,,,,,,,,,,,,,,,,,,,,,,,,,,,,,,,,,,,,,,,,,,,,,,,,,,,,,,,,,,,,,,,,,,,,,,,,,,,,,,,,,,,,,,,,,,,,,,,,,,No
,,,,,,,Tools,Industrial,General,,BC-12300,"BC-12300 BigCal 12""/300mm",-- Unbranded --,-- No Unilog Brand --,-- No DIB Brand --,Woodpeckers Inc (WOODP),Woodpeckers Inc (WOODP),,,BC-12300,BC-12300,Tools > Industrial > General,"Woodpeckers Inc BC-12300 BigCal 12""/300mm","WOODPECKERS INC BC-12300 BIGCAL 12""/300MM","Woodpeckers Inc BC-12300 BigCal 12""/300mm","Woodpeckers Inc BigCal 12""/300mm (MPN: BC-12300) in the Tools > Industrial > General category.","Woodpeckers Inc BigCal 12""/300mm (BC-12300) in Industrial.","Woodpeckers Inc BigCal 12""/300mm (BC-12300) in Industrial.",,,,,,,,,,,,,,,,,,,,,,,,,,,,,,,,,,,,,,,,,,,,,,,,,,,,,,,,,,,,,,,,,,,,,,,,,,,,,,,,,,,,,,,,,,,,,,,,,,,,,,,,,,,,,,,,,,,,,,,,,,,,,,,,,,,,,,,,,,,,,,,,,,,,,,,,,,,,,,,,,,,,,,,,,,,,,,,,,,,,,,,,,,,,,,,,,,,,,,,,,,,,,,,,,,,,,,,,,,,,,,,No
,,,,,,,Tools,Industrial,General,,BC-24600,"BC-24600 BigCal 24""/600mm",-- Unbranded --,-- No Unilog Brand --,-- No DIB Brand --,Woodpeckers Inc (WOODP),Woodpeckers Inc (WOODP),,,BC-24600,BC-24600,Tools > Industrial > General,"Woodpeckers Inc BC-24600 BigCal 24""/600mm","WOODPECKERS INC BC-24600 BIGCAL 24""/600MM","Woodpeckers Inc BC-24600 BigCal 24""/600mm","Woodpeckers Inc BigCal 24""/600mm (MPN: BC-24600) in the Tools > Industrial > General category.","Woodpeckers Inc BigCal 24""/600mm (BC-24600) in Industrial.","Woodpeckers Inc BigCal 24""/600mm (BC-24600) in Industrial.",,,,,,,,,,,,,,,,,,,,,,,,,,,,,,,,,,,,,,,,,,,,,,,,,,,,,,,,,,,,,,,,,,,,,,,,,,,,,,,,,,,,,,,,,,,,,,,,,,,,,,,,,,,,,,,,,,,,,,,,,,,,,,,,,,,,,,,,,,,,,,,,,,,,,,,,,,,,,,,,,,,,,,,,,,,,,,,,,,,,,,,,,,,,,,,,,,,,,,,,,,,,,,,,,,,,,,,,,,,,,,,No
,,,,,,,Tools,Industrial,General,,DW08302CG,DW08302CG Dewalt Laser - Green 3 Spot,-- Unbranded --,-- No Unilog Brand --,DEWALT,Black & Decker/dewlt (2585),Black & Decker/dewlt,DeWalt,,DW08302CG,DW08302CG,Tools > Industrial > General,Black & Decker/dewlt DW08302CG Dewalt Laser - Green 3 Spot,BLACK & DECKER/DEWLT DW08302CG DEWALT LASER - GREEN 3 SPOT,Black & Decker/dewlt DW08302CG Dewalt Laser - Green 3 Spot,Black & Decker/dewlt Dewalt Laser - Green 3 Spot (MPN: DW08302CG) in the Tools > Industrial > General category.,Black & Decker/dewlt Dewalt Laser - Green 3 Spot (DW08302CG) in Industrial.,Black & Decker/dewlt Dewalt Laser - Green 3 Spot (DW08302CG) in Industrial.,,,,,,,,,,,,,,,,,,,,,,,,,,,,,,,,,,,,,,,,,,,,,,,,,,,,,,,,,,,,,,,,,,,,,,,,,,,,,,,,,,,,,,,,,,,,,,,,,,,,,,,,,,,,,,,,,,,,,,,,,,,,,,,,,,,,,,,,,,,,,,,,,,,,,,,,,,,,,,,,,,,,,,,,,,,,,,,,,,,,,,,,,,,,,,,,,,,,,,,,,,,,,,,,,,,,,,,,,,,,,,,No
,,,,,,,Tools,Industrial,General,,GCL165-42GL,GCL165--42GL Cross Line Laser,-- Unbranded --,-- No Unilog Brand --,-- No DIB Brand --,Robt Bosch Tool Corp (6564),Robt Bosch Tool Corp,,,GCL165-42GL,GCL165-42GL,Tools > Industrial > General,Robt Bosch Tool Corp GCL165-42GL GCL165--42GL Cross Line Laser,ROBT BOSCH TOOL CORP GCL165-42GL GCL165--42GL CROSS LINE LAS,Robt Bosch Tool Corp GCL165-42GL GCL165--42GL Cross Line Laser,Robt Bosch Tool Corp GCL165--42GL Cross Line Laser (MPN: GCL165-42GL) in the Tools > Industrial > General category.,Robt Bosch Tool Corp GCL165--42GL Cross Line Laser (GCL165-42GL) in Industrial.,Robt Bosch Tool Corp GCL165--42GL Cross Line Laser (GCL165-42GL) in Industrial.,,,,,,,,,,,,,,,,,,,,,,,,,,,,,,,,,,,,,,,,,,,,,,,,,,,,,,,,,,,,,,,,,,,,,,,,,,,,,,,,,,,,,,,,,,,,,,,,,,,,,,,,,,,,,,,,,,,,,,,,,,,,,,,,,,,,,,,,,,,,,,,,,,,,,,,,,,,,,,,,,,,,,,,,,,,,,,,,,,,,,,,,,,,,,,,,,,,,,,,,,,,,,,,,,,,,,,,,,,,,,,,No
,,,,,,,Tools,Industrial,General,,DW08802CG,DW08802CG Dewalt Laser Green - Self-Level Cross Line,-- Unbranded --,-- No Unilog Brand --,DEWALT,Black & Decker/dewlt (2585),Black & Decker/dewlt,DeWalt,,DW08802CG,DW08802CG,Tools > Industrial > General,Black & Decker/dewlt DW08802CG Dewalt Laser Green - Self-Level Cross Line,BLACK & DECKER/DEWLT DW08802CG DEWALT LASER GREEN - SELF-LEV,Black & Decker/dewlt DW08802CG Dewalt Laser Green - Self-Level Cross Line,Black & Decker/dewlt Dewalt Laser Green - Self-Level Cross Line (MPN: DW08802CG) in the Tools > Industrial > General category.,Black & Decker/dewlt Dewalt Laser Green - Self-Level Cross Line (DW08802CG) in Industrial.,Black & Decker/dewlt Dewalt Laser Green - Self-Level Cross Line (DW08802CG) in Industrial.,,,,,,,,,,,,,,,,,,,,,,,,,,,,,,,,,,,,,,,,,,,,,,,,,,,,,,,,,,,,,,,,,,,,,,,,,,,,,,,,,,,,,,,,,,,,,,,,,,,,,,,,,,,,,,,,,,,,,,,,,,,,,,,,,,,,,,,,,,,,,,,,,,,,,,,,,,,,,,,,,,,,,,,,,,,,,,,,,,,,,,,,,,,,,,,,,,,,,,,,,,,,,,,,,,,,,,,,,,,,,,,No
,,,,,,,Tools,Industrial,General,,DW088CG,DW088CG Dewalt Laser - Green Cross Line,-- Unbranded --,-- No Unilog Brand --,DEWALT,Black & Decker/dewlt (2585),Black & Decker/dewlt,DeWalt,,DW088CG,DW088CG,Tools > Industrial > General,Black & Decker/dewlt DW088CG Dewalt Laser - Green Cross Line,BLACK & DECKER/DEWLT DW088CG DEWALT LASER - GREEN CROSS LINE,Black & Decker/dewlt DW088CG Dewalt Laser - Green Cross Line,Black & Decker/dewlt Dewalt Laser - Green Cross Line (MPN: DW088CG) in the Tools > Industrial > General category.,Black & Decker/dewlt Dewalt Laser - Green Cross Line (DW088CG) in Industrial.,Black & Decker/dewlt Dewalt Laser - Green Cross Line (DW088CG) in Industrial.,,,,,,,,,,,,,,,,,,,,,,,,,,,,,,,,,,,,,,,,,,,,,,,,,,,,,,,,,,,,,,,,,,,,,,,,,,,,,,,,,,,,,,,,,,,,,,,,,,,,,,,,,,,,,,,,,,,,,,,,,,,,,,,,,,,,,,,,,,,,,,,,,,,,,,,,,,,,,,,,,,,,,,,,,,,,,,,,,,,,,,,,,,,,,,,,,,,,,,,,,,,,,,,,,,,,,,,,,,,,,,,No
,,,,,,,Tools,Industrial,General,,DW089CG,DW089CG Dewalt Laser Level - 3 Line 30ft Range,-- Unbranded --,-- No Unilog Brand --,DEWALT,Black & Decker/dewlt (2585),Black & Decker/dewlt,DeWalt,,DW089CG,DW089CG,Tools > Industrial > General,Black & Decker/dewlt DW089CG Dewalt Laser Level - 3 Line 30ft Range,BLACK & DECKER/DEWLT DW089CG DEWALT LASER LEVEL - 3 LINE 30F,Black & Decker/dewlt DW089CG Dewalt Laser Level - 3 Line 30ft Range,Black & Decker/dewlt Dewalt Laser Level - 3 Line 30ft Range (MPN: DW089CG) in the Tools > Industrial > General category.,Black & Decker/dewlt Dewalt Laser Level - 3 Line 30ft Range (DW089CG) in Industrial.,Black & Decker/dewlt Dewalt Laser Level - 3 Line 30ft Range (DW089CG) in Industrial.,,,,,,,,,,,,,,,,,,,,,,,,,,,,,,,,,,,,,,,,,,,,,,,,,,,,,,,,,,,,,,,,,,,,,,,,,,,,,,,,,,,,,,,,,,,,,,,,,,,,,,,,,,,,,,,,,,,,,,,,,,,,,,,,,,,,,,,,,,,,,,,,,,,,,,,,,,,,,,,,,,,,,,,,,,,,,,,,,,,,,,,,,,,,,,,,,,,,,,,,,,,,,,,,,,,,,,,,,,,,,,,No
,,,,,,,Tools,Industrial,General,,DCLE34520GB,DCLE34520GB Dewalt Laser 20V - Cross Line 5 Spot (Bare),-- Unbranded --,-- No Unilog Brand --,DEWALT,Black & Decker/dewlt (2585),Black & Decker/dewlt,DeWalt,,DCLE34520GB,DCLE34520GB,Tools > Industrial > General,Black & Decker/dewlt DCLE34520GB Dewalt Laser 20V - Cross Line 5 Spot (Bare),BLACK & DECKER/DEWLT DCLE34520GB DEWALT LASER 20V - CROSS LI,Black & Decker/dewlt DCLE34520GB Dewalt Laser 20V - Cross Line 5 Spot (Bare),Black & Decker/dewlt Dewalt Laser 20V - Cross Line 5 Spot (Bare) (MPN: DCLE34520GB) in the Tools > Industrial > General category.,Black & Decker/dewlt Dewalt Laser 20V - Cross Line 5 Spot (Bare) (DCLE34520GB) in Industrial.,Black & Decker/dewlt Dewalt Laser 20V - Cross Line 5 Spot (Bare) (DCLE34520GB) in Industrial.,,,,,,,,,,,,,,,,,,,,,,,,,,,,,,,,,,,,,,,,,,,,,,,,,,,,,,,,,,,,,,,,,,,,,,,,,,,,,,,,,,,,,,,,,,,,,,,,,,,,,,,,,,,,,,,,,,,,,,,,,,,,,,,,,,,,,,,,,,,,,,,,,,,,,,,,,,,,,,,,,,,,,,,,,,,,,,,,,,,,,,,,,,,,,,,,,,,,,,,,,,,,,,,,,,,,,,,,,,,,,,,No
,,,,,,,Tools,Industrial,General,,DCLE34031B,DCLE34031B Dewalt Line Laser - 20V Self-Leveling (Bare),-- Unbranded --,-- No Unilog Brand --,DEWALT,Black & Decker/dewlt (2585),Black & Decker/dewlt,DeWalt,,DCLE34031B,DCLE34031B,Tools > Industrial > General,Black & Decker/dewlt DCLE34031B Dewalt Line Laser - 20V Self-Leveling (Bare),BLACK & DECKER/DEWLT DCLE34031B DEWALT LINE LASER - 20V SELF,Black & Decker/dewlt DCLE34031B Dewalt Line Laser - 20V Self-Leveling (Bare),Black & Decker/dewlt Dewalt Line Laser - 20V Self-Leveling (Bare) (MPN: DCLE34031B) in the Tools > Industrial > General category.,Black & Decker/dewlt Dewalt Line Laser - 20V Self-Leveling (Bare) (DCLE34031B) in Industrial.,Black & Decker/dewlt Dewalt Line Laser - 20V Self-Leveling (Bare) (DCLE34031B) in Industrial.,,,,,,,,,,,,,,,,,,,,,,,,,,,,,,,,,,,,,,,,,,,,,,,,,,,,,,,,,,,,,,,,,,,,,,,,,,,,,,,,,,,,,,,,,,,,,,,,,,,,,,,,,,,,,,,,,,,,,,,,,,,,,,,,,,,,,,,,,,,,,,,,,,,,,,,,,,,,,,,,,,,,,,,,,,,,,,,,,,,,,,,,,,,,,,,,,,,,,,,,,,,,,,,,,,,,,,,,,,,,,,,No
,,,,,,,Tools,Industrial,General,,DW0822CG,DW0822CG Dewalt Cross Line - Plumb Spots Laser-Green,-- Unbranded --,-- No Unilog Brand --,DEWALT,Black & Decker/dewlt (2585),Black & Decker/dewlt,DeWalt,,DW0822CG,DW0822CG,Tools > Industrial > General,Black & Decker/dewlt DW0822CG Dewalt Cross Line - Plumb Spots Laser-Green,BLACK & DECKER/DEWLT DW0822CG DEWALT CROSS LINE - PLUMB SPOT,Black & Decker/dewlt DW0822CG Dewalt Cross Line - Plumb Spots Laser-Green,Black & Decker/dewlt Dewalt Cross Line - Plumb Spots Laser-Green (MPN: DW0822CG) in the Tools > Industrial > General category.,Black & Decker/dewlt Dewalt Cross Line - Plumb Spots Laser-Green (DW0822CG) in Industrial.,Black & Decker/dewlt Dewalt Cross Line - Plumb Spots Laser-Green (DW0822CG) in Industrial.,,,,,,,,,,,,,,,,,,,,,,,,,,,,,,,,,,,,,,,,,,,,,,,,,,,,,,,,,,,,,,,,,,,,,,,,,,,,,,,,,,,,,,,,,,,,,,,,,,,,,,,,,,,,,,,,,,,,,,,,,,,,,,,,,,,,,,,,,,,,,,,,,,,,,,,,,,,,,,,,,,,,,,,,,,,,,,,,,,,,,,,,,,,,,,,,,,,,,,,,,,,,,,,,,,,,,,,,,,,,,,,No
,,,,,,,Tools,Industrial,General,,25459,25459 Mason Line Brd Orange - 500',-- Unbranded --,-- No Unilog Brand --,-- No DIB Brand --,U S Tape Company (6694),U S Tape Company,,,25459,25459,Tools > Industrial > General,U S Tape Company 25459 Mason Line Brd Orange - 500',U S TAPE COMPANY 25459 MASON LINE BRD ORANGE - 500',U S Tape Company 25459 Mason Line Brd Orange - 500',U S Tape Company Mason Line Brd Orange - 500' (MPN: 25459) in the Tools > Industrial > General category.,U S Tape Company Mason Line Brd Orange - 500' (25459) in Industrial.,U S Tape Company Mason Line Brd Orange - 500' (25459) in Industrial.,,,,,,,,,,,,,,,,,,,,,,,,,,,,,,,,,,,,,,,,,,,,,,,,,,,,,,,,,,,,,,,,,,,,,,,,,,,,,,,,,,,,,,,,,,,,,,,,,,,,,,,,,,,,,,,,,,,,,,,,,,,,,,,,,,,,,,,,,,,,,,,,,,,,,,,,,,,,,,,,,,,,,,,,,,,,,,,,,,,,,,,,,,,,,,,,,,,,,,,,,,,,,,,,,,,,,,,,,,,,,,,No
,,,,,,,Tools,Industrial,General,,35459,35459 Mason Line Brd Orange - 500' Replacement,-- Unbranded --,-- No Unilog Brand --,-- No DIB Brand --,U S Tape Company (6694),U S Tape Company,,,35459,35459,Tools > Industrial > General,U S Tape Company 35459 Mason Line Brd Orange - 500' Replacement,U S TAPE COMPANY 35459 MASON LINE BRD ORANGE - 500' REPLACEM,U S Tape Company 35459 Mason Line Brd Orange - 500' Replacement,U S Tape Company Mason Line Brd Orange - 500' Replacement (MPN: 35459) in the Tools > Industrial > General category.,U S Tape Company Mason Line Brd Orange - 500' Replacement (35459) in Industrial.,U S Tape Company Mason Line Brd Orange - 500' Replacement (35459) in Industrial.,,,,,,,,,,,,,,,,,,,,,,,,,,,,,,,,,,,,,,,,,,,,,,,,,,,,,,,,,,,,,,,,,,,,,,,,,,,,,,,,,,,,,,,,,,,,,,,,,,,,,,,,,,,,,,,,,,,,,,,,,,,,,,,,,,,,,,,,,,,,,,,,,,,,,,,,,,,,,,,,,,,,,,,,,,,,,,,,,,,,,,,,,,,,,,,,,,,,,,,,,,,,,,,,,,,,,,,,,,,,,,,No
,,,,,,,Tools,Industrial,General,,25759,25759 Mason Line Brd Orange - 1000',-- Unbranded --,-- No Unilog Brand --,-- No DIB Brand --,U S Tape Company (6694),U S Tape Company,,,25759,25759,Tools > Industrial > General,U S Tape Company 25759 Mason Line Brd Orange - 1000',U S TAPE COMPANY 25759 MASON LINE BRD ORANGE - 1000',U S Tape Company 25759 Mason Line Brd Orange - 1000',U S Tape Company Mason Line Brd Orange - 1000' (MPN: 25759) in the Tools > Industrial > General category.,U S Tape Company Mason Line Brd Orange - 1000' (25759) in Industrial.,U S Tape Company Mason Line Brd Orange - 1000' (25759) in Industrial.,,,,,,,,,,,,,,,,,,,,,,,,,,,,,,,,,,,,,,,,,,,,,,,,,,,,,,,,,,,,,,,,,,,,,,,,,,,,,,,,,,,,,,,,,,,,,,,,,,,,,,,,,,,,,,,,,,,,,,,,,,,,,,,,,,,,,,,,,,,,,,,,,,,,,,,,,,,,,,,,,,,,,,,,,,,,,,,,,,,,,,,,,,,,,,,,,,,,,,,,,,,,,,,,,,,,,,,,,,,,,,,No
,,,,,,,Tools,Industrial,General,,35112,35112 Mason Line Twist Yellow - 270',-- Unbranded --,-- No Unilog Brand --,-- No DIB Brand --,U S Tape Company (6694),U S Tape Company,,,35112,35112,Tools > Industrial > General,U S Tape Company 35112 Mason Line Twist Yellow - 270',U S TAPE COMPANY 35112 MASON LINE TWIST YELLOW - 270',U S Tape Company 35112 Mason Line Twist Yellow - 270',U S Tape Company Mason Line Twist Yellow - 270' (MPN: 35112) in the Tools > Industrial > General category.,U S Tape Company Mason Line Twist Yellow - 270' (35112) in Industrial.,U S Tape Company Mason Line Twist Yellow - 270' (35112) in Industrial.,,,,,,,,,,,,,,,,,,,,,,,,,,,,,,,,,,,,,,,,,,,,,,,,,,,,,,,,,,,,,,,,,,,,,,,,,,,,,,,,,,,,,,,,,,,,,,,,,,,,,,,,,,,,,,,,,,,,,,,,,,,,,,,,,,,,,,,,,,,,,,,,,,,,,,,,,,,,,,,,,,,,,,,,,,,,,,,,,,,,,,,,,,,,,,,,,,,,,,,,,,,,,,,,,,,,,,,,,,,,,,,No
,,,,,,,Tools,Industrial,General,,35115,35115 Mason Line Twist Green - 270',-- Unbranded --,-- No Unilog Brand --,-- No DIB Brand --,U S Tape Company (6694),U S Tape Company,,,35115,35115,Tools > Industrial > General,U S Tape Company 35115 Mason Line Twist Green - 270',U S TAPE COMPANY 35115 MASON LINE TWIST GREEN - 270',U S Tape Company 35115 Mason Line Twist Green - 270',U S Tape Company Mason Line Twist Green - 270' (MPN: 35115) in the Tools > Industrial > General category.,U S Tape Company Mason Line Twist Green - 270' (35115) in Industrial.,U S Tape Company Mason Line Twist Green - 270' (35115) in Industrial.,,,,,,,,,,,,,,,,,,,,,,,,,,,,,,,,,,,,,,,,,,,,,,,,,,,,,,,,,,,,,,,,,,,,,,,,,,,,,,,,,,,,,,,,,,,,,,,,,,,,,,,,,,,,,,,,,,,,,,,,,,,,,,,,,,,,,,,,,,,,,,,,,,,,,,,,,,,,,,,,,,,,,,,,,,,,,,,,,,,,,,,,,,,,,,,,,,,,,,,,,,,,,,,,,,,,,,,,,,,,,,,No
,,,,,,,Tools,Industrial,General,,25168,25168 Mason Line Brd Green - 250',CENTURY COMPONENTS,-- No Unilog Brand --,-- No DIB Brand --,U S Tape Company (6694),U S Tape Company,,,25168,25168,Tools > Industrial > General,U S Tape Company 25168 Mason Line Brd Green - 250',U S TAPE COMPANY 25168 MASON LINE BRD GREEN - 250',U S Tape Company 25168 Mason Line Brd Green - 250',U S Tape Company Mason Line Brd Green - 250' (MPN: 25168) in the Tools > Industrial > General category.,U S Tape Company Mason Line Brd Green - 250' (25168) in Industrial.,U S Tape Company Mason Line Brd Green - 250' (25168) in Industrial.,,,,,,,,,,,,,,,,,,,,,,,,,,,,,,,,,,,,,,,,,,,,,,,,,,,,,,,,,,,,,,,,,,,,,,,,,,,,,,,,,,,,,,,,,,,,,,,,,,,,,,,,,,,,,,,,,,,,,,,,,,,,,,,,,,,,,,,,,,,,,,,,,,,,,,,,,,,,,,,,,,,,,,,,,,,,,,,,,,,,,,,,,,,,,,,,,,,,,,,,,,,,,,,,,,,,,,,,,,,,,,,No
,,,,,,,Tools,Industrial,General,,35468,35468 Mason Line Brd Green - 500' Replacement,-- Unbranded --,-- No Unilog Brand --,-- No DIB Brand --,U S Tape Company (6694),U S Tape Company,,,35468,35468,Tools > Industrial > General,U S Tape Company 35468 Mason Line Brd Green - 500' Replacement,U S TAPE COMPANY 35468 MASON LINE BRD GREEN - 500' REPLACEME,U S Tape Company 35468 Mason Line Brd Green - 500' Replacement,U S Tape Company Mason Line Brd Green - 500' Replacement (MPN: 35468) in the Tools > Industrial > General category.,U S Tape Company Mason Line Brd Green - 500' Replacement (35468) in Industrial.,U S Tape Company Mason Line Brd Green - 500' Replacement (35468) in Industrial.,,,,,,,,,,,,,,,,,,,,,,,,,,,,,,,,,,,,,,,,,,,,,,,,,,,,,,,,,,,,,,,,,,,,,,,,,,,,,,,,,,,,,,,,,,,,,,,,,,,,,,,,,,,,,,,,,,,,,,,,,,,,,,,,,,,,,,,,,,,,,,,,,,,,,,,,,,,,,,,,,,,,,,,,,,,,,,,,,,,,,,,,,,,,,,,,,,,,,,,,,,,,,,,,,,,,,,,,,,,,,,,No
,,,,,,,Tools,Industrial,General,,35494,35494 Mason Line Brd Blk/Yellw - 500' Replacement,-- Unbranded --,-- No Unilog Brand --,-- No DIB Brand --,U S Tape Company (6694),U S Tape Company,,,35494,35494,Tools > Industrial > General,U S Tape Company 35494 Mason Line Brd Blk/Yellw - 500' Replacement,U S TAPE COMPANY 35494 MASON LINE BRD BLK/YELLW - 500' REPLA,U S Tape Company 35494 Mason Line Brd Blk/Yellw - 500' Replacement,U S Tape Company Mason Line Brd Blk/Yellw - 500' Replacement (MPN: 35494) in the Tools > Industrial > General category.,U S Tape Company Mason Line Brd Blk/Yellw - 500' Replacement (35494) in Industrial.,U S Tape Company Mason Line Brd Blk/Yellw - 500' Replacement (35494) in Industrial.,,,,,,,,,,,,,,,,,,,,,,,,,,,,,,,,,,,,,,,,,,,,,,,,,,,,,,,,,,,,,,,,,,,,,,,,,,,,,,,,,,,,,,,,,,,,,,,,,,,,,,,,,,,,,,,,,,,,,,,,,,,,,,,,,,,,,,,,,,,,,,,,,,,,,,,,,,,,,,,,,,,,,,,,,,,,,,,,,,,,,,,,,,,,,,,,,,,,,,,,,,,,,,,,,,,,,,,,,,,,,,,No
,,,,,,,Tools,Industrial,General,,MLSQ0120,"MLSQ0120 Milw 12"" RafterSquare",-- Unbranded --,-- No Unilog Brand --,-- No DIB Brand --,Milwaukee Accessory (4031),Milwaukee Accessory,Milwaukee,,MLSQ0120,MLSQ0120,Tools > Industrial > General,"Milwaukee Accessory MLSQ0120 Milw 12"" RafterSquare","MILWAUKEE ACCESSORY MLSQ0120 MILW 12"" RAFTERSQUARE","Milwaukee Accessory MLSQ0120 Milw 12"" RafterSquare","Milwaukee Accessory Milw 12"" RafterSquare (MPN: MLSQ0120) in the Tools > Industrial > General category.","Milwaukee Accessory Milw 12"" RafterSquare (MLSQ0120) in Industrial.","Milwaukee Accessory Milw 12"" RafterSquare (MLSQ0120) in Industrial.",,,,,,,,,,,,,,,,,,,,,,,,,,,,,,,,,,,,,,,,,,,,,,,,,,,,,,,,,,,,,,,,,,,,,,,,,,,,,,,,,,,,,,,,,,,,,,,,,,,,,,,,,,,,,,,,,,,,,,,,,,,,,,,,,,,,,,,,,,,,,,,,,,,,,,,,,,,,,,,,,,,,,,,,,,,,,,,,,,,,,,,,,,,,,,,,,,,,,,,,,,,,,,,,,,,,,,,,,,,,,,,No
,,,,,,,Tools,Industrial,General,,MLSQ1120,MLSQ1120 Milw 300mm Rafter - Square (Metric),-- Unbranded --,-- No Unilog Brand --,-- No DIB Brand --,Milwaukee Accessory (4031),Milwaukee Accessory,Milwaukee,,MLSQ1120,MLSQ1120,Tools > Industrial > General,Milwaukee Accessory MLSQ1120 Milw 300mm Rafter - Square (Metric),MILWAUKEE ACCESSORY MLSQ1120 MILW 300MM RAFTER - SQUARE (MET,Milwaukee Accessory MLSQ1120 Milw 300mm Rafter - Square (Metric),Milwaukee Accessory Milw 300mm Rafter - Square (Metric) (MPN: MLSQ1120) in the Tools > Industrial > General category.,Milwaukee Accessory Milw 300mm Rafter - Square (Metric) (MLSQ1120) in Industrial.,Milwaukee Accessory Milw 300mm Rafter - Square (Metric) (MLSQ1120) in Industrial.,,,,,,,,,,,,,,,,,,,,,,,,,,,,,,,,,,,,,,,,,,,,,,,,,,,,,,,,,,,,,,,,,,,,,,,,,,,,,,,,,,,,,,,,,,,,,,,,,,,,,,,,,,,,,,,,,,,,,,,,,,,,,,,,,,,,,,,,,,,,,,,,,,,,,,,,,,,,,,,,,,,,,,,,,,,,,,,,,,,,,,,,,,,,,,,,,,,,,,,,,,,,,,,,,,,,,,,,,,,,,,,No
,,,,,,,Tools,Industrial,General,,55227,"55227 Amana Countersink/Stop 1/8"" Drill TB",-- Unbranded --,-- No Unilog Brand --,-- No DIB Brand --,Amana Tool Corp (AMATO),Amana Tool Corp (AMATO),,,55227,55227,Tools > Industrial > General,"Amana Tool Corp 55227 Amana Countersink/Stop 1/8"" Drill TB","AMANA TOOL CORP 55227 AMANA COUNTERSINK/STOP 1/8"" DRILL TB","Amana Tool Corp 55227 Amana Countersink/Stop 1/8"" Drill TB","Amana Tool Corp Amana Countersink/Stop 1/8"" Drill TB (MPN: 55227) in the Tools > Industrial > General category.","Amana Tool Corp Amana Countersink/Stop 1/8"" Drill TB (55227) in Industrial.","Amana Tool Corp Amana Countersink/Stop 1/8"" Drill TB (55227) in Industrial.",,,,,,,,,,,,,,,,,,,,,,,,,,,,,,,,,,,,,,,,,,,,,,,,,,,,,,,,,,,,,,,,,,,,,,,,,,,,,,,,,,,,,,,,,,,,,,,,,,,,,,,,,,,,,,,,,,,,,,,,,,,,,,,,,,,,,,,,,,,,,,,,,,,,,,,,,,,,,,,,,,,,,,,,,,,,,,,,,,,,,,,,,,,,,,,,,,,,,,,,,,,,,,,,,,,,,,,,,,,,,,,No
,,,,,,,Tools,Industrial,General,,37300952,"095842 Fisch Plug Cutter 3/8""",-- Unbranded --,-- No Unilog Brand --,-- No DIB Brand --,-,,,,37300952,37300952,Tools > Industrial > General,"37300952 095842 Fisch Plug Cutter 3/8""","37300952 095842 FISCH PLUG CUTTER 3/8""","37300952 095842 Fisch Plug Cutter 3/8""","095842 Fisch Plug Cutter 3/8"" (MPN: 37300952) in the Tools > Industrial > General category.","095842 Fisch Plug Cutter 3/8"" (37300952) in Industrial.","095842 Fisch Plug Cutter 3/8"" (37300952) in Industrial.",,,,,,,,,,,,,,,,,,,,,,,,,,,,,,,,,,,,,,,,,,,,,,,,,,,,,,,,,,,,,,,,,,,,,,,,,,,,,,,,,,,,,,,,,,,,,,,,,,,,,,,,,,,,,,,,,,,,,,,,,,,,,,,,,,,,,,,,,,,,,,,,,,,,,,,,,,,,,,,,,,,,,,,,,,,,,,,,,,,,,,,,,,,,,,,,,,,,,,,,,,,,,,,,,,,,,,,,,,,,,,,No
,,,,,,,Tools,Industrial,General,,6008,6008 Whiteside Router Bit,-- Unbranded --,-- No Unilog Brand --,-- No DIB Brand --,Whiteside Machine & Repair Co (WHIMA),Whiteside Machine & Repair Co (WHIMA),,,6008,6008,Tools > Industrial > General,Whiteside Machine & Repair Co 6008 Whiteside Router Bit,WHITESIDE MACHINE & REPAIR CO 6008 WHITESIDE ROUTER BIT,Whiteside Machine & Repair Co 6008 Whiteside Router Bit,Whiteside Machine & Repair Co Whiteside Router Bit (MPN: 6008) in the Tools > Industrial > General category.,Whiteside Machine & Repair Co Whiteside Router Bit (6008) in Industrial.,Whiteside Machine & Repair Co Whiteside Router Bit (6008) in Industrial.,,,,,,,,,,,,,,,,,,,,,,,,,,,,,,,,,,,,,,,,,,,,,,,,,,,,,,,,,,,,,,,,,,,,,,,,,,,,,,,,,,,,,,,,,,,,,,,,,,,,,,,,,,,,,,,,,,,,,,,,,,,,,,,,,,,,,,,,,,,,,,,,,,,,,,,,,,,,,,,,,,,,,,,,,,,,,,,,,,,,,,,,,,,,,,,,,,,,,,,,,,,,,,,,,,,,,,,,,,,,,,,No
,,,,,,,Tools,Industrial,General,,6009,6009 Whiteside Router Bit,-- Unbranded --,-- No Unilog Brand --,-- No DIB Brand --,Whiteside Machine & Repair Co (WHIMA),Whiteside Machine & Repair Co (WHIMA),,,6009,6009,Tools > Industrial > General,Whiteside Machine & Repair Co 6009 Whiteside Router Bit,WHITESIDE MACHINE & REPAIR CO 6009 WHITESIDE ROUTER BIT,Whiteside Machine & Repair Co 6009 Whiteside Router Bit,Whiteside Machine & Repair Co Whiteside Router Bit (MPN: 6009) in the Tools > Industrial > General category.,Whiteside Machine & Repair Co Whiteside Router Bit (6009) in Industrial.,Whiteside Machine & Repair Co Whiteside Router Bit (6009) in Industrial.,,,,,,,,,,,,,,,,,,,,,,,,,,,,,,,,,,,,,,,,,,,,,,,,,,,,,,,,,,,,,,,,,,,,,,,,,,,,,,,,,,,,,,,,,,,,,,,,,,,,,,,,,,,,,,,,,,,,,,,,,,,,,,,,,,,,,,,,,,,,,,,,,,,,,,,,,,,,,,,,,,,,,,,,,,,,,,,,,,,,,,,,,,,,,,,,,,,,,,,,,,,,,,,,,,,,,,,,,,,,,,,No
,,,,,,,Tools,Industrial,General,,3000A,3000A Whiteside Router Bit,-- Unbranded --,-- No Unilog Brand --,-- No DIB Brand --,Whiteside Machine & Repair Co (WHIMA),Whiteside Machine & Repair Co (WHIMA),,,3000A,3000A,Tools > Industrial > General,Whiteside Machine & Repair Co 3000A Whiteside Router Bit,WHITESIDE MACHINE & REPAIR CO 3000A WHITESIDE ROUTER BIT,Whiteside Machine & Repair Co 3000A Whiteside Router Bit,Whiteside Machine & Repair Co Whiteside Router Bit (MPN: 3000A) in the Tools > Industrial > General category.,Whiteside Machine & Repair Co Whiteside Router Bit (3000A) in Industrial.,Whiteside Machine & Repair Co Whiteside Router Bit (3000A) in Industrial.,,,,,,,,,,,,,,,,,,,,,,,,,,,,,,,,,,,,,,,,,,,,,,,,,,,,,,,,,,,,,,,,,,,,,,,,,,,,,,,,,,,,,,,,,,,,,,,,,,,,,,,,,,,,,,,,,,,,,,,,,,,,,,,,,,,,,,,,,,,,,,,,,,,,,,,,,,,,,,,,,,,,,,,,,,,,,,,,,,,,,,,,,,,,,,,,,,,,,,,,,,,,,,,,,,,,,,,,,,,,,,,No
,,,,,,,Tools,Industrial,General,,MID6630201US,MID6630201US Deos663XCV Sander,-- Unbranded --,-- No Unilog Brand --,-- No DIB Brand --,Mirka Abrasives Inc (MIRUS),mirka abrasives,Mirka,,MID6630201US,MID6630201US,Tools > Industrial > General,Mirka Abrasives Inc MID6630201US Deos663XCV Sander,MIRKA ABRASIVES INC MID6630201US DEOS663XCV SANDER,Mirka Abrasives Inc MID6630201US Deos663XCV Sander,Mirka Abrasives Inc Deos663XCV Sander (MPN: MID6630201US) in the Tools > Industrial > General category.,Mirka Abrasives Inc Deos663XCV Sander (MID6630201US) in Industrial.,Mirka Abrasives Inc Deos663XCV Sander (MID6630201US) in Industrial.,,,,,,,,,,,,,,,,,,,,,,,,,,,,,,,,,,,,,,,,,,,,,,,,,,,,,,,,,,,,,,,,,,,,,,,,,,,,,,,,,,,,,,,,,,,,,,,,,,,,,,,,,,,,,,,,,,,,,,,,,,,,,,,,,,,,,,,,,,,,,,,,,,,,,,,,,,,,,,,,,,,,,,,,,,,,,,,,,,,,,,,,,,,,,,,,,,,,,,,,,,,,,,,,,,,,,,,,,,,,,,,No
,,,,,,,Tools,Industrial,General,,DCF6202,DCF6202 Dewalt Collated Attach,-- Unbranded --,-- No Unilog Brand --,DEWALT,Black & Decker/dewlt (2585),Black & Decker/dewlt,DeWalt,,DCF6202,DCF6202,Tools > Industrial > General,Black & Decker/dewlt DCF6202 Dewalt Collated Attach,BLACK & DECKER/DEWLT DCF6202 DEWALT COLLATED ATTACH,Black & Decker/dewlt DCF6202 Dewalt Collated Attach,Black & Decker/dewlt Dewalt Collated Attach (MPN: DCF6202) in the Tools > Industrial > General category.,Black & Decker/dewlt Dewalt Collated Attach (DCF6202) in Industrial.,Black & Decker/dewlt Dewalt Collated Attach (DCF6202) in Industrial.,,,,,,,,,,,,,,,,,,,,,,,,,,,,,,,,,,,,,,,,,,,,,,,,,,,,,,,,,,,,,,,,,,,,,,,,,,,,,,,,,,,,,,,,,,,,,,,,,,,,,,,,,,,,,,,,,,,,,,,,,,,,,,,,,,,,,,,,,,,,,,,,,,,,,,,,,,,,,,,,,,,,,,,,,,,,,,,,,,,,,,,,,,,,,,,,,,,,,,,,,,,,,,,,,,,,,,,,,,,,,,,No
,,,,,,,Tools,Industrial,General,,25468,25468 Mason Line Brd Green - 500',-- Unbranded --,-- No Unilog Brand --,-- No DIB Brand --,U S Tape Company (6694),U S Tape Company,,,25468,25468,Tools > Industrial > General,U S Tape Company 25468 Mason Line Brd Green - 500',U S TAPE COMPANY 25468 MASON LINE BRD GREEN - 500',U S Tape Company 25468 Mason Line Brd Green - 500',U S Tape Company Mason Line Brd Green - 500' (MPN: 25468) in the Tools > Industrial > General category.,U S Tape Company Mason Line Brd Green - 500' (25468) in Industrial.,U S Tape Company Mason Line Brd Green - 500' (25468) in Industrial.,,,,,,,,,,,,,,,,,,,,,,,,,,,,,,,,,,,,,,,,,,,,,,,,,,,,,,,,,,,,,,,,,,,,,,,,,,,,,,,,,,,,,,,,,,,,,,,,,,,,,,,,,,,,,,,,,,,,,,,,,,,,,,,,,,,,,,,,,,,,,,,,,,,,,,,,,,,,,,,,,,,,,,,,,,,,,,,,,,,,,,,,,,,,,,,,,,,,,,,,,,,,,,,,,,,,,,,,,,,,,,,No
,,,,,,,Tools,Industrial,General,,25762,25762 Mason Line Brd Pink - 1000',-- Unbranded --,-- No Unilog Brand --,-- No DIB Brand --,U S Tape Company (6694),U S Tape Company,,,25762,25762,Tools > Industrial > General,U S Tape Company 25762 Mason Line Brd Pink - 1000',U S TAPE COMPANY 25762 MASON LINE BRD PINK - 1000',U S Tape Company 25762 Mason Line Brd Pink - 1000',U S Tape Company Mason Line Brd Pink - 1000' (MPN: 25762) in the Tools > Industrial > General category.,U S Tape Company Mason Line Brd Pink - 1000' (25762) in Industrial.,U S Tape Company Mason Line Brd Pink - 1000' (25762) in Industrial.,,,,,,,,,,,,,,,,,,,,,,,,,,,,,,,,,,,,,,,,,,,,,,,,,,,,,,,,,,,,,,,,,,,,,,,,,,,,,,,,,,,,,,,,,,,,,,,,,,,,,,,,,,,,,,,,,,,,,,,,,,,,,,,,,,,,,,,,,,,,,,,,,,,,,,,,,,,,,,,,,,,,,,,,,,,,,,,,,,,,,,,,,,,,,,,,,,,,,,,,,,,,,,,,,,,,,,,,,,,,,,,No
,,,,,,,Tools,Industrial,General,,21839NN,"21839NN File Bstd Mill 10""",-- Unbranded --,-- No Unilog Brand --,Nicholson,-,,,,21839NN,21839NN,Tools > Industrial > General,"21839NN File Bstd Mill 10""","21839NN FILE BSTD MILL 10""","21839NN File Bstd Mill 10""","File Bstd Mill 10"" (MPN: 21839NN) in the Tools > Industrial > General category.","File Bstd Mill 10"" (21839NN) in Industrial.","File Bstd Mill 10"" (21839NN) in Industrial.",,,,,,,,,,,,,,,,,,,,,,,,,,,,,,,,,,,,,,,,,,,,,,,,,,,,,,,,,,,,,,,,,,,,,,,,,,,,,,,,,,,,,,,,,,,,,,,,,,,,,,,,,,,,,,,,,,,,,,,,,,,,,,,,,,,,,,,,,,,,,,,,,,,,,,,,,,,,,,,,,,,,,,,,,,,,,,,,,,,,,,,,,,,,,,,,,,,,,,,,,,,,,,,,,,,,,,,,,,,,,,,No
,,,,,,,Tools,Industrial,General,,VN56920,"VN56920 10 1/2"" Saw Blade",-- Unbranded --,-- No Unilog Brand --,-- No DIB Brand --,Marshalltown Trowel (5155),Marshalltown Trowel,,,VN56920,VN56920,Tools > Industrial > General,"Marshalltown Trowel VN56920 10 1/2"" Saw Blade","MARSHALLTOWN TROWEL VN56920 10 1/2"" SAW BLADE","Marshalltown Trowel VN56920 10 1/2"" Saw Blade","Marshalltown Trowel 10 1/2"" Saw Blade (MPN: VN56920) in the Tools > Industrial > General category.","Marshalltown Trowel 10 1/2"" Saw Blade (VN56920) in Industrial.","Marshalltown Trowel 10 1/2"" Saw Blade (VN56920) in Industrial.",,,,,,,,,,,,,,,,,,,,,,,,,,,,,,,,,,,,,,,,,,,,,,,,,,,,,,,,,,,,,,,,,,,,,,,,,,,,,,,,,,,,,,,,,,,,,,,,,,,,,,,,,,,,,,,,,,,,,,,,,,,,,,,,,,,,,,,,,,,,,,,,,,,,,,,,,,,,,,,,,,,,,,,,,,,,,,,,,,,,,,,,,,,,,,,,,,,,,,,,,,,,,,,,,,,,,,,,,,,,,,,No
,,,,,,,Tools,Industrial,General,,133164,133164 950/9 Hex Plus Spks - Multicolor,-- Unbranded --,-- No Unilog Brand --,-- No DIB Brand --,Wera Tools NA Inc (WERTO),Wera Tools NA Inc (WERTO),,,133164,133164,Tools > Industrial > General,Wera Tools NA Inc 133164 950/9 Hex Plus Spks - Multicolor,WERA TOOLS NA INC 133164 950/9 HEX PLUS SPKS - MULTICOLOR,Wera Tools NA Inc 133164 950/9 Hex Plus Spks - Multicolor,Wera Tools NA Inc 950/9 Hex Plus Spks - Multicolor (MPN: 133164) in the Tools > Industrial > General category.,Wera Tools NA Inc 950/9 Hex Plus Spks - Multicolor (133164) in Industrial.,Wera Tools NA Inc 950/9 Hex Plus Spks - Multicolor (133164) in Industrial.,,,,,,,,,,,,,,,,,,,,,,,,,,,,,,,,,,,,,,,,,,,,,,,,,,,,,,,,,,,,,,,,,,,,,,,,,,,,,,,,,,,,,,,,,,,,,,,,,,,,,,,,,,,,,,,,,,,,,,,,,,,,,,,,,,,,,,,,,,,,,,,,,,,,,,,,,,,,,,,,,,,,,,,,,,,,,,,,,,,,,,,,,,,,,,,,,,,,,,,,,,,,,,,,,,,,,,,,,,,,,,,No
,,,,,,,Tools,Industrial,General,,DWHT10993,DWHT10993 Folding Knife,-- Unbranded --,-- No Unilog Brand --,DEWALT,Black & Decker/dewlt (2585),Black & Decker/dewlt,,,DWHT10993,DWHT10993,Tools > Industrial > General,Black & Decker/dewlt DWHT10993 Folding Knife,BLACK & DECKER/DEWLT DWHT10993 FOLDING KNIFE,Black & Decker/dewlt DWHT10993 Folding Knife,Black & Decker/dewlt Folding Knife (MPN: DWHT10993) in the Tools > Industrial > General category.,Black & Decker/dewlt Folding Knife (DWHT10993) in Industrial.,Black & Decker/dewlt Folding Knife (DWHT10993) in Industrial.,,,,,,,,,,,,,,,,,,,,,,,,,,,,,,,,,,,,,,,,,,,,,,,,,,,,,,,,,,,,,,,,,,,,,,,,,,,,,,,,,,,,,,,,,,,,,,,,,,,,,,,,,,,,,,,,,,,,,,,,,,,,,,,,,,,,,,,,,,,,,,,,,,,,,,,,,,,,,,,,,,,,,,,,,,,,,,,,,,,,,,,,,,,,,,,,,,,,,,,,,,,,,,,,,,,,,,,,,,,,,,,No
,,,,,,,Tools,Industrial,General,,DWHT10994,DWHT10994 Folding Knife,-- Unbranded --,-- No Unilog Brand --,DEWALT,Black & Decker/dewlt (2585),Black & Decker/dewlt,,,DWHT10994,DWHT10994,Tools > Industrial > General,Black & Decker/dewlt DWHT10994 Folding Knife,BLACK & DECKER/DEWLT DWHT10994 FOLDING KNIFE,Black & Decker/dewlt DWHT10994 Folding Knife,Black & Decker/dewlt Folding Knife (MPN: DWHT10994) in the Tools > Industrial > General category.,Black & Decker/dewlt Folding Knife (DWHT10994) in Industrial.,Black & Decker/dewlt Folding Knife (DWHT10994) in Industrial.,,,,,,,,,,,,,,,,,,,,,,,,,,,,,,,,,,,,,,,,,,,,,,,,,,,,,,,,,,,,,,,,,,,,,,,,,,,,,,,,,,,,,,,,,,,,,,,,,,,,,,,,,,,,,,,,,,,,,,,,,,,,,,,,,,,,,,,,,,,,,,,,,,,,,,,,,,,,,,,,,,,,,,,,,,,,,,,,,,,,,,,,,,,,,,,,,,,,,,,,,,,,,,,,,,,,,,,,,,,,,,,No
,,,,,,,Tools,Industrial,General,,QB22RU,QB22RU Vessel Carrying Bit Holder (Red),-- Unbranded --,-- No Unilog Brand --,-- No DIB Brand --,Vessel Tools USA Inc (VESTO),Vessel Tools USA Inc (VESTO),,,QB22RU,QB22RU,Tools > Industrial > General,Vessel Tools USA Inc QB22RU Vessel Carrying Bit Holder (Red),VESSEL TOOLS USA INC QB22RU VESSEL CARRYING BIT HOLDER (RED),Vessel Tools USA Inc QB22RU Vessel Carrying Bit Holder (Red),Vessel Tools USA Inc Vessel Carrying Bit Holder (Red) (MPN: QB22RU) in the Tools > Industrial > General category.,Vessel Tools USA Inc Vessel Carrying Bit Holder (Red) (QB22RU) in Industrial.,Vessel Tools USA Inc Vessel Carrying Bit Holder (Red) (QB22RU) in Industrial.,,,,,,,,,,,,,,,,,,,,,,,,,,,,,,,,,,,,,,,,,,,,,,,,,,,,,,,,,,,,,,,,,,,,,,,,,,,,,,,,,,,,,,,,,,,,,,,,,,,,,,,,,,,,,,,,,,,,,,,,,,,,,,,,,,,,,,,,,,,,,,,,,,,,,,,,,,,,,,,,,,,,,,,,,,,,,,,,,,,,,,,,,,,,,,,,,,,,,,,,,,,,,,,,,,,,,,,,,,,,,,,No
,,,,,,,Tools,Industrial,General,,QB22KU,QB22KU Vessel Carrying Bit Holder (Black),-- Unbranded --,-- No Unilog Brand --,-- No DIB Brand --,Vessel Tools USA Inc (VESTO),Vessel Tools USA Inc (VESTO),,,QB22KU,QB22KU,Tools > Industrial > General,Vessel Tools USA Inc QB22KU Vessel Carrying Bit Holder (Black),VESSEL TOOLS USA INC QB22KU VESSEL CARRYING BIT HOLDER (BLAC,Vessel Tools USA Inc QB22KU Vessel Carrying Bit Holder (Black),Vessel Tools USA Inc Vessel Carrying Bit Holder (Black) (MPN: QB22KU) in the Tools > Industrial > General category.,Vessel Tools USA Inc Vessel Carrying Bit Holder (Black) (QB22KU) in Industrial.,Vessel Tools USA Inc Vessel Carrying Bit Holder (Black) (QB22KU) in Industrial.,,,,,,,,,,,,,,,,,,,,,,,,,,,,,,,,,,,,,,,,,,,,,,,,,,,,,,,,,,,,,,,,,,,,,,,,,,,,,,,,,,,,,,,,,,,,,,,,,,,,,,,,,,,,,,,,,,,,,,,,,,,,,,,,,,,,,,,,,,,,,,,,,,,,,,,,,,,,,,,,,,,,,,,,,,,,,,,,,,,,,,,,,,,,,,,,,,,,,,,,,,,,,,,,,,,,,,,,,,,,,,,No
,,,,,,,Tools,Industrial,General,,AVM6EV,AVM6 EV Mini Snip Red,-- Unbranded --,-- No Unilog Brand --,-- No DIB Brand --,Malco Prod (2370),Malco Prod,,,AVM6EV,AVM6EV,Tools > Industrial > General,Malco Prod AVM6EV AVM6 EV Mini Snip Red,MALCO PROD AVM6EV AVM6 EV MINI SNIP RED,Malco Prod AVM6EV AVM6 EV Mini Snip Red,Malco Prod AVM6 EV Mini Snip Red (MPN: AVM6EV) in the Tools > Industrial > General category.,Malco Prod AVM6 EV Mini Snip Red (AVM6EV) in Industrial.,Malco Prod AVM6 EV Mini Snip Red (AVM6EV) in Industrial.,,,,,,,,,,,,,,,,,,,,,,,,,,,,,,,,,,,,,,,,,,,,,,,,,,,,,,,,,,,,,,,,,,,,,,,,,,,,,,,,,,,,,,,,,,,,,,,,,,,,,,,,,,,,,,,,,,,,,,,,,,,,,,,,,,,,,,,,,,,,,,,,,,,,,,,,,,,,,,,,,,,,,,,,,,,,,,,,,,,,,,,,,,,,,,,,,,,,,,,,,,,,,,,,,,,,,,,,,,,,,,,No
,,,,,,,Tools,Industrial,General,,AVM6EV,AVM7 EV Mini Snip Green,-- Unbranded --,-- No Unilog Brand --,-- No DIB Brand --,Malco Prod (2370),Malco Prod,,,AVM6EV,AVM6EV,Tools > Industrial > General,Malco Prod AVM6EV AVM7 EV Mini Snip Green,MALCO PROD AVM6EV AVM7 EV MINI SNIP GREEN,Malco Prod AVM6EV AVM7 EV Mini Snip Green,Malco Prod AVM7 EV Mini Snip Green (MPN: AVM6EV) in the Tools > Industrial > General category.,Malco Prod AVM7 EV Mini Snip Green (AVM6EV) in Industrial.,Malco Prod AVM7 EV Mini Snip Green (AVM6EV) in Industrial.,,,,,,,,,,,,,,,,,,,,,,,,,,,,,,,,,,,,,,,,,,,,,,,,,,,,,,,,,,,,,,,,,,,,,,,,,,,,,,,,,,,,,,,,,,,,,,,,,,,,,,,,,,,,,,,,,,,,,,,,,,,,,,,,,,,,,,,,,,,,,,,,,,,,,,,,,,,,,,,,,,,,,,,,,,,,,,,,,,,,,,,,,,,,,,,,,,,,,,,,,,,,,,,,,,,,,,,,,,,,,,,No
,,,,,,,Tools,Industrial,General,,DSA0250B,"DSA0250B 1/4"" Square x1/4"" Hex - Socket Adapter",-- Unbranded --,-- No Unilog Brand --,Diablo,Freud Inc (2435),Freud Inc,,,DSA0250B,DSA0250B,Tools > Industrial > General,"Freud Inc DSA0250B 1/4"" Square x1/4"" Hex - Socket Adapter","FREUD INC DSA0250B 1/4"" SQUARE X1/4"" HEX - SOCKET ADAPTER","Freud Inc DSA0250B 1/4"" Square x1/4"" Hex - Socket Adapter","Freud Inc 1/4"" Square x1/4"" Hex - Socket Adapter (MPN: DSA0250B) in the Tools > Industrial > General category.","Freud Inc 1/4"" Square x1/4"" Hex - Socket Adapter (DSA0250B) in Industrial.","Freud Inc 1/4"" Square x1/4"" Hex - Socket Adapter (DSA0250B) in Industrial.",,,,,,,,,,,,,,,,,,,,,,,,,,,,,,,,,,,,,,,,,,,,,,,,,,,,,,,,,,,,,,,,,,,,,,,,,,,,,,,,,,,,,,,,,,,,,,,,,,,,,,,,,,,,,,,,,,,,,,,,,,,,,,,,,,,,,,,,,,,,,,,,,,,,,,,,,,,,,,,,,,,,,,,,,,,,,,,,,,,,,,,,,,,,,,,,,,,,,,,,,,,,,,,,,,,,,,,,,,,,,,,No
,,,,,,,Tools,Industrial,General,,DSA0375B,"DSA0375B 3/8"" Square x1/4"" Hex - Socket Adapter",-- Unbranded --,-- No Unilog Brand --,Diablo,Freud Inc (2435),Freud Inc,,,DSA0375B,DSA0375B,Tools > Industrial > General,"Freud Inc DSA0375B 3/8"" Square x1/4"" Hex - Socket Adapter","FREUD INC DSA0375B 3/8"" SQUARE X1/4"" HEX - SOCKET ADAPTER","Freud Inc DSA0375B 3/8"" Square x1/4"" Hex - Socket Adapter","Freud Inc 3/8"" Square x1/4"" Hex - Socket Adapter (MPN: DSA0375B) in the Tools > Industrial > General category.","Freud Inc 3/8"" Square x1/4"" Hex - Socket Adapter (DSA0375B) in Industrial.","Freud Inc 3/8"" Square x1/4"" Hex - Socket Adapter (DSA0375B) in Industrial.",,,,,,,,,,,,,,,,,,,,,,,,,,,,,,,,,,,,,,,,,,,,,,,,,,,,,,,,,,,,,,,,,,,,,,,,,,,,,,,,,,,,,,,,,,,,,,,,,,,,,,,,,,,,,,,,,,,,,,,,,,,,,,,,,,,,,,,,,,,,,,,,,,,,,,,,,,,,,,,,,,,,,,,,,,,,,,,,,,,,,,,,,,,,,,,,,,,,,,,,,,,,,,,,,,,,,,,,,,,,,,,No
,,,,,,,Tools,Industrial,General,,DSA0500B,"DSA0500B 1/2"" Square x1/4"" Hex - Socket Adapter",-- Unbranded --,-- No Unilog Brand --,Diablo,Freud Inc (2435),Freud Inc,,,DSA0500B,DSA0500B,Tools > Industrial > General,"Freud Inc DSA0500B 1/2"" Square x1/4"" Hex - Socket Adapter","FREUD INC DSA0500B 1/2"" SQUARE X1/4"" HEX - SOCKET ADAPTER","Freud Inc DSA0500B 1/2"" Square x1/4"" Hex - Socket Adapter","Freud Inc 1/2"" Square x1/4"" Hex - Socket Adapter (MPN: DSA0500B) in the Tools > Industrial > General category.","Freud Inc 1/2"" Square x1/4"" Hex - Socket Adapter (DSA0500B) in Industrial.","Freud Inc 1/2"" Square x1/4"" Hex - Socket Adapter (DSA0500B) in Industrial.",,,,,,,,,,,,,,,,,,,,,,,,,,,,,,,,,,,,,,,,,,,,,,,,,,,,,,,,,,,,,,,,,,,,,,,,,,,,,,,,,,,,,,,,,,,,,,,,,,,,,,,,,,,,,,,,,,,,,,,,,,,,,,,,,,,,,,,,,,,,,,,,,,,,,,,,,,,,,,,,,,,,,,,,,,,,,,,,,,,,,,,,,,,,,,,,,,,,,,,,,,,,,,,,,,,,,,,,,,,,,,,No
,,,,,,,Tools,Industrial,General,,42-04-9107,"42-04-9107 Milw 3/8"" Drive Universal Joint",-- Unbranded --,-- No Unilog Brand --,-- No DIB Brand --,Milwaukee Accessory (4031),Milwaukee Accessory,Milwaukee,,42-04-9107,42-04-9107,Tools > Industrial > General,"Milwaukee Accessory 42-04-9107 Milw 3/8"" Drive Universal Joint","MILWAUKEE ACCESSORY 42-04-9107 MILW 3/8"" DRIVE UNIVERSAL JOI","Milwaukee Accessory 42-04-9107 Milw 3/8"" Drive Universal Joint","Milwaukee Accessory Milw 3/8"" Drive Universal Joint (MPN: 42-04-9107) in the Tools > Industrial > General category.","Milwaukee Accessory Milw 3/8"" Drive Universal Joint (42-04-9107) in Industrial.","Milwaukee Accessory Milw 3/8"" Drive Universal Joint (42-04-9107) in Industrial.",,,,,,,,,,,,,,,,,,,,,,,,,,,,,,,,,,,,,,,,,,,,,,,,,,,,,,,,,,,,,,,,,,,,,,,,,,,,,,,,,,,,,,,,,,,,,,,,,,,,,,,,,,,,,,,,,,,,,,,,,,,,,,,,,,,,,,,,,,,,,,,,,,,,,,,,,,,,,,,,,,,,,,,,,,,,,,,,,,,,,,,,,,,,,,,,,,,,,,,,,,,,,,,,,,,,,,,,,,,,,,,No
,,,,,,,Tools,Industrial,General,,48-22-9491,48-22-9491 Milw 242pc Ratchet & Socket Set 4-Drawer Tool Box,-- Unbranded --,-- No Unilog Brand --,-- No DIB Brand --,Milwaukee Accessory (4031),Milwaukee Accessory,Milwaukee,,48-22-9491,48-22-9491,Tools > Industrial > General,Milwaukee Accessory 48-22-9491 Milw 242pc Ratchet & Socket Set 4-Drawer Tool Box,MILWAUKEE ACCESSORY 48-22-9491 MILW 242PC RATCHET & SOCKET S,Milwaukee Accessory 48-22-9491 Milw 242pc Ratchet & Socket Set 4-Drawer Tool Box,Milwaukee Accessory Milw 242pc Ratchet & Socket Set 4-Drawer Tool Box (MPN: 48-22-9491) in the Tools > Industrial > General category.,Milwaukee Accessory Milw 242pc Ratchet & Socket Set 4-Drawer Tool Box (48-22-9491) in Industrial.,Milwaukee Accessory Milw 242pc Ratchet & Socket Set 4-Drawer Tool Box (48-22-9491) in Industrial.,,,,,,,,,,,,,,,,,,,,,,,,,,,,,,,,,,,,,,,,,,,,,,,,,,,,,,,,,,,,,,,,,,,,,,,,,,,,,,,,,,,,,,,,,,,,,,,,,,,,,,,,,,,,,,,,,,,,,,,,,,,,,,,,,,,,,,,,,,,,,,,,,,,,,,,,,,,,,,,,,,,,,,,,,,,,,,,,,,,,,,,,,,,,,,,,,,,,,,,,,,,,,,,,,,,,,,,,,,,,,,,No
,,,,,,,Tools,Industrial,General,,DWMT45422,"DWMT45422 Dewalt 1/4"" Drive - 50pc Mechanics Set",-- Unbranded --,-- No Unilog Brand --,-- No DIB Brand --,Black & Decker/dewlt (2585),Black & Decker/dewlt,DeWalt,,DWMT45422,DWMT45422,Tools > Industrial > General,"Black & Decker/dewlt DWMT45422 Dewalt 1/4"" Drive - 50pc Mechanics Set","BLACK & DECKER/DEWLT DWMT45422 DEWALT 1/4"" DRIVE - 50PC MECH","Black & Decker/dewlt DWMT45422 Dewalt 1/4"" Drive - 50pc Mechanics Set","Black & Decker/dewlt Dewalt 1/4"" Drive - 50pc Mechanics Set (MPN: DWMT45422) in the Tools > Industrial > General category.","Black & Decker/dewlt Dewalt 1/4"" Drive - 50pc Mechanics Set (DWMT45422) in Industrial.","Black & Decker/dewlt Dewalt 1/4"" Drive - 50pc Mechanics Set (DWMT45422) in Industrial.",,,,,,,,,,,,,,,,,,,,,,,,,,,,,,,,,,,,,,,,,,,,,,,,,,,,,,,,,,,,,,,,,,,,,,,,,,,,,,,,,,,,,,,,,,,,,,,,,,,,,,,,,,,,,,,,,,,,,,,,,,,,,,,,,,,,,,,,,,,,,,,,,,,,,,,,,,,,,,,,,,,,,,,,,,,,,,,,,,,,,,,,,,,,,,,,,,,,,,,,,,,,,,,,,,,,,,,,,,,,,,,No
,,,,,,,Tools,Industrial,General,,DWMT45424,"DWMT45424 Dewalt 3/8"" Drive - 84pc Mechanics Set",-- Unbranded --,-- No Unilog Brand --,-- No DIB Brand --,Black & Decker/dewlt (2585),Black & Decker/dewlt,DeWalt,,DWMT45424,DWMT45424,Tools > Industrial > General,"Black & Decker/dewlt DWMT45424 Dewalt 3/8"" Drive - 84pc Mechanics Set","BLACK & DECKER/DEWLT DWMT45424 DEWALT 3/8"" DRIVE - 84PC MECH","Black & Decker/dewlt DWMT45424 Dewalt 3/8"" Drive - 84pc Mechanics Set","Black & Decker/dewlt Dewalt 3/8"" Drive - 84pc Mechanics Set (MPN: DWMT45424) in the Tools > Industrial > General category.","Black & Decker/dewlt Dewalt 3/8"" Drive - 84pc Mechanics Set (DWMT45424) in Industrial.","Black & Decker/dewlt Dewalt 3/8"" Drive - 84pc Mechanics Set (DWMT45424) in Industrial.",,,,,,,,,,,,,,,,,,,,,,,,,,,,,,,,,,,,,,,,,,,,,,,,,,,,,,,,,,,,,,,,,,,,,,,,,,,,,,,,,,,,,,,,,,,,,,,,,,,,,,,,,,,,,,,,,,,,,,,,,,,,,,,,,,,,,,,,,,,,,,,,,,,,,,,,,,,,,,,,,,,,,,,,,,,,,,,,,,,,,,,,,,,,,,,,,,,,,,,,,,,,,,,,,,,,,,,,,,,,,,,No
,,,,,,,Tools,Industrial,General,,48-22-9483,48-22-9483 Milw Packout 15pc - Metric Wrench Set,-- Unbranded --,-- No Unilog Brand --,-- No DIB Brand --,Milwaukee Accessory (4031),Milwaukee Accessory,Milwaukee,,48-22-9483,48-22-9483,Tools > Industrial > General,Milwaukee Accessory 48-22-9483 Milw Packout 15pc - Metric Wrench Set,MILWAUKEE ACCESSORY 48-22-9483 MILW PACKOUT 15PC - METRIC WR,Milwaukee Accessory 48-22-9483 Milw Packout 15pc - Metric Wrench Set,Milwaukee Accessory Milw Packout 15pc - Metric Wrench Set (MPN: 48-22-9483) in the Tools > Industrial > General category.,Milwaukee Accessory Milw Packout 15pc - Metric Wrench Set (48-22-9483) in Industrial.,Milwaukee Accessory Milw Packout 15pc - Metric Wrench Set (48-22-9483) in Industrial.,,,,,,,,,,,,,,,,,,,,,,,,,,,,,,,,,,,,,,,,,,,,,,,,,,,,,,,,,,,,,,,,,,,,,,,,,,,,,,,,,,,,,,,,,,,,,,,,,,,,,,,,,,,,,,,,,,,,,,,,,,,,,,,,,,,,,,,,,,,,,,,,,,,,,,,,,,,,,,,,,,,,,,,,,,,,,,,,,,,,,,,,,,,,,,,,,,,,,,,,,,,,,,,,,,,,,,,,,,,,,,,No
,,,,,,,Tools,Industrial,General,,48-22-9484,48-22-9484 Milw Packout 15pc - SAE Wrench Set,-- Unbranded --,-- No Unilog Brand --,-- No DIB Brand --,Milwaukee Accessory (4031),Milwaukee Accessory,Milwaukee,,48-22-9484,48-22-9484,Tools > Industrial > General,Milwaukee Accessory 48-22-9484 Milw Packout 15pc - SAE Wrench Set,MILWAUKEE ACCESSORY 48-22-9484 MILW PACKOUT 15PC - SAE WRENC,Milwaukee Accessory 48-22-9484 Milw Packout 15pc - SAE Wrench Set,Milwaukee Accessory Milw Packout 15pc - SAE Wrench Set (MPN: 48-22-9484) in the Tools > Industrial > General category.,Milwaukee Accessory Milw Packout 15pc - SAE Wrench Set (48-22-9484) in Industrial.,Milwaukee Accessory Milw Packout 15pc - SAE Wrench Set (48-22-9484) in Industrial.,,,,,,,,,,,,,,,,,,,,,,,,,,,,,,,,,,,,,,,,,,,,,,,,,,,,,,,,,,,,,,,,,,,,,,,,,,,,,,,,,,,,,,,,,,,,,,,,,,,,,,,,,,,,,,,,,,,,,,,,,,,,,,,,,,,,,,,,,,,,,,,,,,,,,,,,,,,,,,,,,,,,,,,,,,,,,,,,,,,,,,,,,,,,,,,,,,,,,,,,,,,,,,,,,,,,,,,,,,,,,,,No
,,,,,,,Tools,Industrial,General,,48-22-9485,48-22-9485 Milw Packout 30pc - Metric & SAE Wrench Set,-- Unbranded --,-- No Unilog Brand --,-- No DIB Brand --,Milwaukee Accessory (4031),Milwaukee Accessory,Milwaukee,,48-22-9485,48-22-9485,Tools > Industrial > General,Milwaukee Accessory 48-22-9485 Milw Packout 30pc - Metric & SAE Wrench Set,MILWAUKEE ACCESSORY 48-22-9485 MILW PACKOUT 30PC - METRIC &,Milwaukee Accessory 48-22-9485 Milw Packout 30pc - Metric & SAE Wrench Set,Milwaukee Accessory Milw Packout 30pc - Metric & SAE Wrench Set (MPN: 48-22-9485) in the Tools > Industrial > General category.,Milwaukee Accessory Milw Packout 30pc - Metric & SAE Wrench Set (48-22-9485) in Industrial.,Milwaukee Accessory Milw Packout 30pc - Metric & SAE Wrench Set (48-22-9485) in Industrial.,,,,,,,,,,,,,,,,,,,,,,,,,,,,,,,,,,,,,,,,,,,,,,,,,,,,,,,,,,,,,,,,,,,,,,,,,,,,,,,,,,,,,,,,,,,,,,,,,,,,,,,,,,,,,,,,,,,,,,,,,,,,,,,,,,,,,,,,,,,,,,,,,,,,,,,,,,,,,,,,,,,,,,,,,,,,,,,,,,,,,,,,,,,,,,,,,,,,,,,,,,,,,,,,,,,,,,,,,,,,,,,No
,,,,,,,Tools,Industrial,General,,48-44-2770,48-44-2770 Milw Pole Pruning - Shears Replacement Blade,-- Unbranded --,-- No Unilog Brand --,-- No DIB Brand --,Milwaukee Accessory (4031),Milwaukee Accessory,Milwaukee,,48-44-2770,48-44-2770,Tools > Industrial > General,Milwaukee Accessory 48-44-2770 Milw Pole Pruning - Shears Replacement Blade,MILWAUKEE ACCESSORY 48-44-2770 MILW POLE PRUNING - SHEARS RE,Milwaukee Accessory 48-44-2770 Milw Pole Pruning - Shears Replacement Blade,Milwaukee Accessory Milw Pole Pruning - Shears Replacement Blade (MPN: 48-44-2770) in the Tools > Industrial > General category.,Milwaukee Accessory Milw Pole Pruning - Shears Replacement Blade (48-44-2770) in Industrial.,Milwaukee Accessory Milw Pole Pruning - Shears Replacement Blade (48-44-2770) in Industrial.,,,,,,,,,,,,,,,,,,,,,,,,,,,,,,,,,,,,,,,,,,,,,,,,,,,,,,,,,,,,,,,,,,,,,,,,,,,,,,,,,,,,,,,,,,,,,,,,,,,,,,,,,,,,,,,,,,,,,,,,,,,,,,,,,,,,,,,,,,,,,,,,,,,,,,,,,,,,,,,,,,,,,,,,,,,,,,,,,,,,,,,,,,,,,,,,,,,,,,,,,,,,,,,,,,,,,,,,,,,,,,,No
,,,,,,,Tools,Industrial,General,,IWHT48441RC,IWHT48441RC Irwin 100ft - Red Chalk & Reel Set,-- Unbranded --,-- No Unilog Brand --,Irwin,Irwin Industrial Tools (5863),,,,IWHT48441RC,IWHT48441RC,Tools > Industrial > General,Irwin Industrial Tools IWHT48441RC Irwin 100ft - Red Chalk & Reel Set,IRWIN INDUSTRIAL TOOLS IWHT48441RC IRWIN 100FT - RED CHALK &,Irwin Industrial Tools IWHT48441RC Irwin 100ft - Red Chalk & Reel Set,Irwin Industrial Tools Irwin 100ft - Red Chalk & Reel Set (MPN: IWHT48441RC) in the Tools > Industrial > General category.,Irwin Industrial Tools Irwin 100ft - Red Chalk & Reel Set (IWHT48441RC) in Industrial.,Irwin Industrial Tools Irwin 100ft - Red Chalk & Reel Set (IWHT48441RC) in Industrial.,,,,,,,,,,,,,,,,,,,,,,,,,,,,,,,,,,,,,,,,,,,,,,,,,,,,,,,,,,,,,,,,,,,,,,,,,,,,,,,,,,,,,,,,,,,,,,,,,,,,,,,,,,,,,,,,,,,,,,,,,,,,,,,,,,,,,,,,,,,,,,,,,,,,,,,,,,,,,,,,,,,,,,,,,,,,,,,,,,,,,,,,,,,,,,,,,,,,,,,,,,,,,,,,,,,,,,,,,,,,,,,No
,,,,,,,Tools,Industrial,General,,XRU23SM1,"XRU23SM1 Makita 18V 13"" - String Trimmer Kit",-- Unbranded --,-- No Unilog Brand --,-- No DIB Brand --,Makita Usa Inc (5142),Makita Usa Inc,Makita,,XRU23SM1,XRU23SM1,Tools > Industrial > General,"Makita Usa Inc XRU23SM1 Makita 18V 13"" - String Trimmer Kit","MAKITA USA INC XRU23SM1 MAKITA 18V 13"" - STRING TRIMMER KIT","Makita Usa Inc XRU23SM1 Makita 18V 13"" - String Trimmer Kit","Makita Usa Inc Makita 18V 13"" - String Trimmer Kit (MPN: XRU23SM1) in the Tools > Industrial > General category.","Makita Usa Inc Makita 18V 13"" - String Trimmer Kit (XRU23SM1) in Industrial.","Makita Usa Inc Makita 18V 13"" - String Trimmer Kit (XRU23SM1) in Industrial.",,,,,,,,,,,,,,,,,,,,,,,,,,,,,,,,,,,,,,,,,,,,,,,,,,,,,,,,,,,,,,,,,,,,,,,,,,,,,,,,,,,,,,,,,,,,,,,,,,,,,,,,,,,,,,,,,,,,,,,,,,,,,,,,,,,,,,,,,,,,,,,,,,,,,,,,,,,,,,,,,,,,,,,,,,,,,,,,,,,,,,,,,,,,,,,,,,,,,,,,,,,,,,,,,,,,,,,,,,,,,,,No
,,,,,,,Tools,Industrial,General,,XRU15PT1,XRU15PT1 Makita String Trimmer,-- Unbranded --,-- No Unilog Brand --,-- No DIB Brand --,Makita Usa Inc (5142),Makita Usa Inc,Makita,,XRU15PT1,XRU15PT1,Tools > Industrial > General,Makita Usa Inc XRU15PT1 Makita String Trimmer,MAKITA USA INC XRU15PT1 MAKITA STRING TRIMMER,Makita Usa Inc XRU15PT1 Makita String Trimmer,Makita Usa Inc Makita String Trimmer (MPN: XRU15PT1) in the Tools > Industrial > General category.,Makita Usa Inc Makita String Trimmer (XRU15PT1) in Industrial.,Makita Usa Inc Makita String Trimmer (XRU15PT1) in Industrial.,,,,,,,,,,,,,,,,,,,,,,,,,,,,,,,,,,,,,,,,,,,,,,,,,,,,,,,,,,,,,,,,,,,,,,,,,,,,,,,,,,,,,,,,,,,,,,,,,,,,,,,,,,,,,,,,,,,,,,,,,,,,,,,,,,,,,,,,,,,,,,,,,,,,,,,,,,,,,,,,,,,,,,,,,,,,,,,,,,,,,,,,,,,,,,,,,,,,,,,,,,,,,,,,,,,,,,,,,,,,,,,No
,,,,,,,Tools,Industrial,General,,XRU23Z,XRU23Z Makita 18V Trimmer Tool - Only,-- Unbranded --,-- No Unilog Brand --,-- No DIB Brand --,Makita Usa Inc (5142),Makita Usa Inc,Makita,,XRU23Z,XRU23Z,Tools > Industrial > General,Makita Usa Inc XRU23Z Makita 18V Trimmer Tool - Only,MAKITA USA INC XRU23Z MAKITA 18V TRIMMER TOOL - ONLY,Makita Usa Inc XRU23Z Makita 18V Trimmer Tool - Only,Makita Usa Inc Makita 18V Trimmer Tool - Only (MPN: XRU23Z) in the Tools > Industrial > General category.,Makita Usa Inc Makita 18V Trimmer Tool - Only (XRU23Z) in Industrial.,Makita Usa Inc Makita 18V Trimmer Tool - Only (XRU23Z) in Industrial.,,,,,,,,,,,,,,,,,,,,,,,,,,,,,,,,,,,,,,,,,,,,,,,,,,,,,,,,,,,,,,,,,,,,,,,,,,,,,,,,,,,,,,,,,,,,,,,,,,,,,,,,,,,,,,,,,,,,,,,,,,,,,,,,,,,,,,,,,,,,,,,,,,,,,,,,,,,,,,,,,,,,,,,,,,,,,,,,,,,,,,,,,,,,,,,,,,,,,,,,,,,,,,,,,,,,,,,,,,,,,,,No
,,,,,,,Tools,Industrial,General,,0887-20,0887-20 Milw M18 Brushless Precision Blower,-- Unbranded --,-- No Unilog Brand --,-- No DIB Brand --,Milwaukee Accessory (4031),Milwaukee Accessory,Milwaukee,,0887-20,0887-20,Tools > Industrial > General,Milwaukee Accessory 0887-20 Milw M18 Brushless Precision Blower,MILWAUKEE ACCESSORY 0887-20 MILW M18 BRUSHLESS PRECISION BLO,Milwaukee Accessory 0887-20 Milw M18 Brushless Precision Blower,Milwaukee Accessory Milw M18 Brushless Precision Blower (MPN: 0887-20) in the Tools > Industrial > General category.,Milwaukee Accessory Milw M18 Brushless Precision Blower (0887-20) in Industrial.,Milwaukee Accessory Milw M18 Brushless Precision Blower (0887-20) in Industrial.,,,,,,,,,,,,,,,,,,,,,,,,,,,,,,,,,,,,,,,,,,,,,,,,,,,,,,,,,,,,,,,,,,,,,,,,,,,,,,,,,,,,,,,,,,,,,,,,,,,,,,,,,,,,,,,,,,,,,,,,,,,,,,,,,,,,,,,,,,,,,,,,,,,,,,,,,,,,,,,,,,,,,,,,,,,,,,,,,,,,,,,,,,,,,,,,,,,,,,,,,,,,,,,,,,,,,,,,,,,,,,,No
,,,,,,,Tools,Industrial,General,,DCBL724B,DCBL724B Dewalt 20V Max XR Blower (Bare),-- Unbranded --,-- No Unilog Brand --,-- No DIB Brand --,Black & Decker/dewlt (2585),Black & Decker/dewlt,DeWalt,,DCBL724B,DCBL724B,Tools > Industrial > General,Black & Decker/dewlt DCBL724B Dewalt 20V Max XR Blower (Bare),BLACK & DECKER/DEWLT DCBL724B DEWALT 20V MAX XR BLOWER (BARE,Black & Decker/dewlt DCBL724B Dewalt 20V Max XR Blower (Bare),Black & Decker/dewlt Dewalt 20V Max XR Blower (Bare) (MPN: DCBL724B) in the Tools > Industrial > General category.,Black & Decker/dewlt Dewalt 20V Max XR Blower (Bare) (DCBL724B) in Industrial.,Black & Decker/dewlt Dewalt 20V Max XR Blower (Bare) (DCBL724B) in Industrial.,,,,,,,,,,,,,,,,,,,,,,,,,,,,,,,,,,,,,,,,,,,,,,,,,,,,,,,,,,,,,,,,,,,,,,,,,,,,,,,,,,,,,,,,,,,,,,,,,,,,,,,,,,,,,,,,,,,,,,,,,,,,,,,,,,,,,,,,,,,,,,,,,,,,,,,,,,,,,,,,,,,,,,,,,,,,,,,,,,,,,,,,,,,,,,,,,,,,,,,,,,,,,,,,,,,,,,,,,,,,,,,No
,,,,,,,Tools,Industrial,General,,2954-20,2954-20 Milw M18 Bluetooth Jobsite Speaker,-- Unbranded --,-- No Unilog Brand --,-- No DIB Brand --,Milwaukee Accessory (4031),Milwaukee Accessory,Milwaukee,,2954-20,2954-20,Tools > Industrial > General,Milwaukee Accessory 2954-20 Milw M18 Bluetooth Jobsite Speaker,MILWAUKEE ACCESSORY 2954-20 MILW M18 BLUETOOTH JOBSITE SPEAK,Milwaukee Accessory 2954-20 Milw M18 Bluetooth Jobsite Speaker,Milwaukee Accessory Milw M18 Bluetooth Jobsite Speaker (MPN: 2954-20) in the Tools > Industrial > General category.,Milwaukee Accessory Milw M18 Bluetooth Jobsite Speaker (2954-20) in Industrial.,Milwaukee Accessory Milw M18 Bluetooth Jobsite Speaker (2954-20) in Industrial.,,,,,,,,,,,,,,,,,,,,,,,,,,,,,,,,,,,,,,,,,,,,,,,,,,,,,,,,,,,,,,,,,,,,,,,,,,,,,,,,,,,,,,,,,,,,,,,,,,,,,,,,,,,,,,,,,,,,,,,,,,,,,,,,,,,,,,,,,,,,,,,,,,,,,,,,,,,,,,,,,,,,,,,,,,,,,,,,,,,,,,,,,,,,,,,,,,,,,,,,,,,,,,,,,,,,,,,,,,,,,,,No
,,,,,,,Tools,Industrial,General,,2955-20,2955-20 Milw M12 Bluetooth - Jobsite Speaker w/Packout,-- Unbranded --,-- No Unilog Brand --,-- No DIB Brand --,Milwaukee Accessory (4031),Milwaukee Accessory,Milwaukee,,2955-20,2955-20,Tools > Industrial > General,Milwaukee Accessory 2955-20 Milw M12 Bluetooth - Jobsite Speaker w/Packout,MILWAUKEE ACCESSORY 2955-20 MILW M12 BLUETOOTH - JOBSITE SPE,Milwaukee Accessory 2955-20 Milw M12 Bluetooth - Jobsite Speaker w/Packout,Milwaukee Accessory Milw M12 Bluetooth - Jobsite Speaker w/Packout (MPN: 2955-20) in the Tools > Industrial > General category.,Milwaukee Accessory Milw M12 Bluetooth - Jobsite Speaker w/Packout (2955-20) in Industrial.,Milwaukee Accessory Milw M12 Bluetooth - Jobsite Speaker w/Packout (2955-20) in Industrial.,,,,,,,,,,,,,,,,,,,,,,,,,,,,,,,,,,,,,,,,,,,,,,,,,,,,,,,,,,,,,,,,,,,,,,,,,,,,,,,,,,,,,,,,,,,,,,,,,,,,,,,,,,,,,,,,,,,,,,,,,,,,,,,,,,,,,,,,,,,,,,,,,,,,,,,,,,,,,,,,,,,,,,,,,,,,,,,,,,,,,,,,,,,,,,,,,,,,,,,,,,,,,,,,,,,,,,,,,,,,,,,No
,,,,,,,Tools,Industrial,General,,9A-219-180,9A-219-180 Abranet 4x6x6,-- Unbranded --,-- No Unilog Brand --,-- No DIB Brand --,Mirka Abrasives Inc (MIRUS),mirka abrasives,Mirka,,9A-219-180,9A-219-180,Tools > Industrial > General,Mirka Abrasives Inc 9A-219-180 Abranet 4x6x6,MIRKA ABRASIVES INC 9A-219-180 ABRANET 4X6X6,Mirka Abrasives Inc 9A-219-180 Abranet 4x6x6,Mirka Abrasives Inc Abranet 4x6x6 (MPN: 9A-219-180) in the Tools > Industrial > General category.,Mirka Abrasives Inc Abranet 4x6x6 (9A-219-180) in Industrial.,Mirka Abrasives Inc Abranet 4x6x6 (9A-219-180) in Industrial.,,,,,,,,,,,,,,,,,,,,,,,,,,,,,,,,,,,,,,,,,,,,,,,,,,,,,,,,,,,,,,,,,,,,,,,,,,,,,,,,,,,,,,,,,,,,,,,,,,,,,,,,,,,,,,,,,,,,,,,,,,,,,,,,,,,,,,,,,,,,,,,,,,,,,,,,,,,,,,,,,,,,,,,,,,,,,,,,,,,,,,,,,,,,,,,,,,,,,,,,,,,,,,,,,,,,,,,,,,,,,,,No
,,,,,,,Tools,Industrial,General,,9A-219-120RP,9A-219-120RP Abranet 4x6x6,-- Unbranded --,-- No Unilog Brand --,-- No DIB Brand --,Mirka Abrasives Inc (MIRUS),mirka abrasives,Mirka,,9A-219-120RP,9A-219-120RP,Tools > Industrial > General,Mirka Abrasives Inc 9A-219-120RP Abranet 4x6x6,MIRKA ABRASIVES INC 9A-219-120RP ABRANET 4X6X6,Mirka Abrasives Inc 9A-219-120RP Abranet 4x6x6,Mirka Abrasives Inc Abranet 4x6x6 (MPN: 9A-219-120RP) in the Tools > Industrial > General category.,Mirka Abrasives Inc Abranet 4x6x6 (9A-219-120RP) in Industrial.,Mirka Abrasives Inc Abranet 4x6x6 (9A-219-120RP) in Industrial.,,,,,,,,,,,,,,,,,,,,,,,,,,,,,,,,,,,,,,,,,,,,,,,,,,,,,,,,,,,,,,,,,,,,,,,,,,,,,,,,,,,,,,,,,,,,,,,,,,,,,,,,,,,,,,,,,,,,,,,,,,,,,,,,,,,,,,,,,,,,,,,,,,,,,,,,,,,,,,,,,,,,,,,,,,,,,,,,,,,,,,,,,,,,,,,,,,,,,,,,,,,,,,,,,,,,,,,,,,,,,,,No
,,,,,,,Tools,Industrial,General,,3033-20,"3033-20 Milw M18 24"" - Hedge Trimmer",-- Unbranded --,-- No Unilog Brand --,Milwaukee,Milwaukee Accessory (4031),Milwaukee Accessory,Milwaukee,,3033-20,3033-20,Tools > Industrial > General,"Milwaukee Accessory 3033-20 Milw M18 24"" - Hedge Trimmer","MILWAUKEE ACCESSORY 3033-20 MILW M18 24"" - HEDGE TRIMMER","Milwaukee Accessory 3033-20 Milw M18 24"" - Hedge Trimmer","Milwaukee Accessory Milw M18 24"" - Hedge Trimmer (MPN: 3033-20) in the Tools > Industrial > General category.","Milwaukee Accessory Milw M18 24"" - Hedge Trimmer (3033-20) in Industrial.","Milwaukee Accessory Milw M18 24"" - Hedge Trimmer (3033-20) in Industrial.",,,,,,,,,,,,,,,,,,,,,,,,,,,,,,,,,,,,,,,,,,,,,,,,,,,,,,,,,,,,,,,,,,,,,,,,,,,,,,,,,,,,,,,,,,,,,,,,,,,,,,,,,,,,,,,,,,,,,,,,,,,,,,,,,,,,,,,,,,,,,,,,,,,,,,,,,,,,,,,,,,,,,,,,,,,,,,,,,,,,,,,,,,,,,,,,,,,,,,,,,,,,,,,,,,,,,,,,,,,,,,,No
,,,,,,,Tools,Industrial,General,,3033-21,"3033-21 Milw M18 24"" - Hedge Trimmer Kit",-- Unbranded --,-- No Unilog Brand --,-- No DIB Brand --,Milwaukee Accessory (4031),Milwaukee Accessory,Milwaukee,,3033-21,3033-21,Tools > Industrial > General,"Milwaukee Accessory 3033-21 Milw M18 24"" - Hedge Trimmer Kit","MILWAUKEE ACCESSORY 3033-21 MILW M18 24"" - HEDGE TRIMMER KIT","Milwaukee Accessory 3033-21 Milw M18 24"" - Hedge Trimmer Kit","Milwaukee Accessory Milw M18 24"" - Hedge Trimmer Kit (MPN: 3033-21) in the Tools > Industrial > General category.","Milwaukee Accessory Milw M18 24"" - Hedge Trimmer Kit (3033-21) in Industrial.","Milwaukee Accessory Milw M18 24"" - Hedge Trimmer Kit (3033-21) in Industrial.",,,,,,,,,,,,,,,,,,,,,,,,,,,,,,,,,,,,,,,,,,,,,,,,,,,,,,,,,,,,,,,,,,,,,,,,,,,,,,,,,,,,,,,,,,,,,,,,,,,,,,,,,,,,,,,,,,,,,,,,,,,,,,,,,,,,,,,,,,,,,,,,,,,,,,,,,,,,,,,,,,,,,,,,,,,,,,,,,,,,,,,,,,,,,,,,,,,,,,,,,,,,,,,,,,,,,,,,,,,,,,,No
,,,,,,,Tools,Industrial,General,,3034-20,"3034-20 Milw M18 30"" - Hedge Trimmer",-- Unbranded --,-- No Unilog Brand --,Milwaukee,Milwaukee Accessory (4031),Milwaukee Accessory,Milwaukee,,3034-20,3034-20,Tools > Industrial > General,"Milwaukee Accessory 3034-20 Milw M18 30"" - Hedge Trimmer","MILWAUKEE ACCESSORY 3034-20 MILW M18 30"" - HEDGE TRIMMER","Milwaukee Accessory 3034-20 Milw M18 30"" - Hedge Trimmer","Milwaukee Accessory Milw M18 30"" - Hedge Trimmer (MPN: 3034-20) in the Tools > Industrial > General category.","Milwaukee Accessory Milw M18 30"" - Hedge Trimmer (3034-20) in Industrial.","Milwaukee Accessory Milw M18 30"" - Hedge Trimmer (3034-20) in Industrial.",,,,,,,,,,,,,,,,,,,,,,,,,,,,,,,,,,,,,,,,,,,,,,,,,,,,,,,,,,,,,,,,,,,,,,,,,,,,,,,,,,,,,,,,,,,,,,,,,,,,,,,,,,,,,,,,,,,,,,,,,,,,,,,,,,,,,,,,,,,,,,,,,,,,,,,,,,,,,,,,,,,,,,,,,,,,,,,,,,,,,,,,,,,,,,,,,,,,,,,,,,,,,,,,,,,,,,,,,,,,,,,No
,,,,,,,Tools,Industrial,General,,D25333K,D25333K Dewalt Hammer Drill,-- Unbranded --,-- No Unilog Brand --,-- No DIB Brand --,Black & Decker/dewlt (2585),Black & Decker/dewlt,DeWalt,,D25333K,D25333K,Tools > Industrial > General,Black & Decker/dewlt D25333K Dewalt Hammer Drill,BLACK & DECKER/DEWLT D25333K DEWALT HAMMER DRILL,Black & Decker/dewlt D25333K Dewalt Hammer Drill,Black & Decker/dewlt Dewalt Hammer Drill (MPN: D25333K) in the Tools > Industrial > General category.,Black & Decker/dewlt Dewalt Hammer Drill (D25333K) in Industrial.,Black & Decker/dewlt Dewalt Hammer Drill (D25333K) in Industrial.,,,,,,,,,,,,,,,,,,,,,,,,,,,,,,,,,,,,,,,,,,,,,,,,,,,,,,,,,,,,,,,,,,,,,,,,,,,,,,,,,,,,,,,,,,,,,,,,,,,,,,,,,,,,,,,,,,,,,,,,,,,,,,,,,,,,,,,,,,,,,,,,,,,,,,,,,,,,,,,,,,,,,,,,,,,,,,,,,,,,,,,,,,,,,,,,,,,,,,,,,,,,,,,,,,,,,,,,,,,,,,,No
,,,,,,,Tools,Industrial,General,,DCD803B,DCD803B Dewalt Multi-Head Drill Driver,-- Unbranded --,-- No Unilog Brand --,-- No DIB Brand --,Black & Decker/dewlt (2585),Black & Decker/dewlt,DeWalt,,DCD803B,DCD803B,Tools > Industrial > General,Black & Decker/dewlt DCD803B Dewalt Multi-Head Drill Driver,BLACK & DECKER/DEWLT DCD803B DEWALT MULTI-HEAD DRILL DRIVER,Black & Decker/dewlt DCD803B Dewalt Multi-Head Drill Driver,Black & Decker/dewlt Dewalt Multi-Head Drill Driver (MPN: DCD803B) in the Tools > Industrial > General category.,Black & Decker/dewlt Dewalt Multi-Head Drill Driver (DCD803B) in Industrial.,Black & Decker/dewlt Dewalt Multi-Head Drill Driver (DCD803B) in Industrial.,,,,,,,,,,,,,,,,,,,,,,,,,,,,,,,,,,,,,,,,,,,,,,,,,,,,,,,,,,,,,,,,,,,,,,,,,,,,,,,,,,,,,,,,,,,,,,,,,,,,,,,,,,,,,,,,,,,,,,,,,,,,,,,,,,,,,,,,,,,,,,,,,,,,,,,,,,,,,,,,,,,,,,,,,,,,,,,,,,,,,,,,,,,,,,,,,,,,,,,,,,,,,,,,,,,,,,,,,,,,,,,No
,,,,,,,Tools,Industrial,General,,DCF860B,DCF860B Dewalt 20V Impact - Driver Drill,-- Unbranded --,-- No Unilog Brand --,-- No DIB Brand --,Black & Decker/dewlt (2585),Black & Decker/dewlt,DeWalt,,DCF860B,DCF860B,Tools > Industrial > General,Black & Decker/dewlt DCF860B Dewalt 20V Impact - Driver Drill,BLACK & DECKER/DEWLT DCF860B DEWALT 20V IMPACT - DRIVER DRIL,Black & Decker/dewlt DCF860B Dewalt 20V Impact - Driver Drill,Black & Decker/dewlt Dewalt 20V Impact - Driver Drill (MPN: DCF860B) in the Tools > Industrial > General category.,Black & Decker/dewlt Dewalt 20V Impact - Driver Drill (DCF860B) in Industrial.,Black & Decker/dewlt Dewalt 20V Impact - Driver Drill (DCF860B) in Industrial.,,,,,,,,,,,,,,,,,,,,,,,,,,,,,,,,,,,,,,,,,,,,,,,,,,,,,,,,,,,,,,,,,,,,,,,,,,,,,,,,,,,,,,,,,,,,,,,,,,,,,,,,,,,,,,,,,,,,,,,,,,,,,,,,,,,,,,,,,,,,,,,,,,,,,,,,,,,,,,,,,,,,,,,,,,,,,,,,,,,,,,,,,,,,,,,,,,,,,,,,,,,,,,,,,,,,,,,,,,,,,,,No
,,,,,,,Tools,Industrial,General,,3401-20,3401-20 Milw M12 Drill Driver - Brushless Compact (Bare),-- Unbranded --,-- No Unilog Brand --,-- No DIB Brand --,Milwaukee Accessory (4031),Milwaukee Accessory,Milwaukee,,3401-20,3401-20,Tools > Industrial > General,Milwaukee Accessory 3401-20 Milw M12 Drill Driver - Brushless Compact (Bare),MILWAUKEE ACCESSORY 3401-20 MILW M12 DRILL DRIVER - BRUSHLES,Milwaukee Accessory 3401-20 Milw M12 Drill Driver - Brushless Compact (Bare),Milwaukee Accessory Milw M12 Drill Driver - Brushless Compact (Bare) (MPN: 3401-20) in the Tools > Industrial > General category.,Milwaukee Accessory Milw M12 Drill Driver - Brushless Compact (Bare) (3401-20) in Industrial.,Milwaukee Accessory Milw M12 Drill Driver - Brushless Compact (Bare) (3401-20) in Industrial.,,,,,,,,,,,,,,,,,,,,,,,,,,,,,,,,,,,,,,,,,,,,,,,,,,,,,,,,,,,,,,,,,,,,,,,,,,,,,,,,,,,,,,,,,,,,,,,,,,,,,,,,,,,,,,,,,,,,,,,,,,,,,,,,,,,,,,,,,,,,,,,,,,,,,,,,,,,,,,,,,,,,,,,,,,,,,,,,,,,,,,,,,,,,,,,,,,,,,,,,,,,,,,,,,,,,,,,,,,,,,,,No
,,,,,,,Tools,Industrial,General,,KPTDR050A,KPTDR050A Kreg 20V Ionic Compact Drill,-- Unbranded --,-- No Unilog Brand --,-- No DIB Brand --,Kreg Tool Company (KRETO),Kreg Tool Company (KRETO),,,KPTDR050A,KPTDR050A,Tools > Industrial > General,Kreg Tool Company KPTDR050A Kreg 20V Ionic Compact Drill,KREG TOOL COMPANY KPTDR050A KREG 20V IONIC COMPACT DRILL,Kreg Tool Company KPTDR050A Kreg 20V Ionic Compact Drill,Kreg Tool Company Kreg 20V Ionic Compact Drill (MPN: KPTDR050A) in the Tools > Industrial > General category.,Kreg Tool Company Kreg 20V Ionic Compact Drill (KPTDR050A) in Industrial.,Kreg Tool Company Kreg 20V Ionic Compact Drill (KPTDR050A) in Industrial.,,,,,,,,,,,,,,,,,,,,,,,,,,,,,,,,,,,,,,,,,,,,,,,,,,,,,,,,,,,,,,,,,,,,,,,,,,,,,,,,,,,,,,,,,,,,,,,,,,,,,,,,,,,,,,,,,,,,,,,,,,,,,,,,,,,,,,,,,,,,,,,,,,,,,,,,,,,,,,,,,,,,,,,,,,,,,,,,,,,,,,,,,,,,,,,,,,,,,,,,,,,,,,,,,,,,,,,,,,,,,,,No
,,,,,,,Tools,Industrial,General,,DCD1007B,"DCD1007B Dewalt 20V Cordless - 1/2"" Hammer Drill (Bare)",-- Unbranded --,-- No Unilog Brand --,DEWALT,Black & Decker/dewlt (2585),Black & Decker/dewlt,DeWalt,,DCD1007B,DCD1007B,Tools > Industrial > General,"Black & Decker/dewlt DCD1007B Dewalt 20V Cordless - 1/2"" Hammer Drill (Bare)","BLACK & DECKER/DEWLT DCD1007B DEWALT 20V CORDLESS - 1/2"" HAM","Black & Decker/dewlt DCD1007B Dewalt 20V Cordless - 1/2"" Hammer Drill (Bare)","Black & Decker/dewlt Dewalt 20V Cordless - 1/2"" Hammer Drill (Bare) (MPN: DCD1007B) in the Tools > Industrial > General category.","Black & Decker/dewlt Dewalt 20V Cordless - 1/2"" Hammer Drill (Bare) (DCD1007B) in Industrial.","Black & Decker/dewlt Dewalt 20V Cordless - 1/2"" Hammer Drill (Bare) (DCD1007B) in Industrial.",,,,,,,,,,,,,,,,,,,,,,,,,,,,,,,,,,,,,,,,,,,,,,,,,,,,,,,,,,,,,,,,,,,,,,,,,,,,,,,,,,,,,,,,,,,,,,,,,,,,,,,,,,,,,,,,,,,,,,,,,,,,,,,,,,,,,,,,,,,,,,,,,,,,,,,,,,,,,,,,,,,,,,,,,,,,,,,,,,,,,,,,,,,,,,,,,,,,,,,,,,,,,,,,,,,,,,,,,,,,,,,No
,,,,,,,Tools,Industrial,General,,DCD799B,DCD799B Dewalt Drill,-- Unbranded --,-- No Unilog Brand --,-- No DIB Brand --,Black & Decker/dewlt (2585),Black & Decker/dewlt,DeWalt,,DCD799B,DCD799B,Tools > Industrial > General,Black & Decker/dewlt DCD799B Dewalt Drill,BLACK & DECKER/DEWLT DCD799B DEWALT DRILL,Black & Decker/dewlt DCD799B Dewalt Drill,Black & Decker/dewlt Dewalt Drill (MPN: DCD799B) in the Tools > Industrial > General category.,Black & Decker/dewlt Dewalt Drill (DCD799B) in Industrial.,Black & Decker/dewlt Dewalt Drill (DCD799B) in Industrial.,,,,,,,,,,,,,,,,,,,,,,,,,,,,,,,,,,,,,,,,,,,,,,,,,,,,,,,,,,,,,,,,,,,,,,,,,,,,,,,,,,,,,,,,,,,,,,,,,,,,,,,,,,,,,,,,,,,,,,,,,,,,,,,,,,,,,,,,,,,,,,,,,,,,,,,,,,,,,,,,,,,,,,,,,,,,,,,,,,,,,,,,,,,,,,,,,,,,,,,,,,,,,,,,,,,,,,,,,,,,,,,No
,,,,,,,Tools,Industrial,General,,58006,58006 Voyager Drill Press,-- Unbranded --,-- No Unilog Brand --,-- No DIB Brand --,King Canada Inc (KINCA),King Canada Inc (KINCA),,,58006,58006,Tools > Industrial > General,King Canada Inc 58006 Voyager Drill Press,KING CANADA INC 58006 VOYAGER DRILL PRESS,King Canada Inc 58006 Voyager Drill Press,King Canada Inc Voyager Drill Press (MPN: 58006) in the Tools > Industrial > General category.,King Canada Inc Voyager Drill Press (58006) in Industrial.,King Canada Inc Voyager Drill Press (58006) in Industrial.,,,,,,,,,,,,,,,,,,,,,,,,,,,,,,,,,,,,,,,,,,,,,,,,,,,,,,,,,,,,,,,,,,,,,,,,,,,,,,,,,,,,,,,,,,,,,,,,,,,,,,,,,,,,,,,,,,,,,,,,,,,,,,,,,,,,,,,,,,,,,,,,,,,,,,,,,,,,,,,,,,,,,,,,,,,,,,,,,,,,,,,,,,,,,,,,,,,,,,,,,,,,,,,,,,,,,,,,,,,,,,,No
,,,,,,,Tools,Industrial,General,,2909-20,2909-20 Milw Roofing Nailer - M18,-- Unbranded --,-- No Unilog Brand --,Milwaukee,Milwaukee Accessory (4031),Milwaukee Accessory,Milwaukee,,2909-20,2909-20,Tools > Industrial > General,Milwaukee Accessory 2909-20 Milw Roofing Nailer - M18,MILWAUKEE ACCESSORY 2909-20 MILW ROOFING NAILER - M18,Milwaukee Accessory 2909-20 Milw Roofing Nailer - M18,Milwaukee Accessory Milw Roofing Nailer - M18 (MPN: 2909-20) in the Tools > Industrial > General category.,Milwaukee Accessory Milw Roofing Nailer - M18 (2909-20) in Industrial.,Milwaukee Accessory Milw Roofing Nailer - M18 (2909-20) in Industrial.,,,,,,,,,,,,,,,,,,,,,,,,,,,,,,,,,,,,,,,,,,,,,,,,,,,,,,,,,,,,,,,,,,,,,,,,,,,,,,,,,,,,,,,,,,,,,,,,,,,,,,,,,,,,,,,,,,,,,,,,,,,,,,,,,,,,,,,,,,,,,,,,,,,,,,,,,,,,,,,,,,,,,,,,,,,,,,,,,,,,,,,,,,,,,,,,,,,,,,,,,,,,,,,,,,,,,,,,,,,,,,,No
,,,,,,,Tools,Industrial,General,,2909-21,2909-21 Milw M18 Coil Roofing - Nailer Kit,-- Unbranded --,-- No Unilog Brand --,Milwaukee,Milwaukee Accessory (4031),Milwaukee Accessory,Milwaukee,,2909-21,2909-21,Tools > Industrial > General,Milwaukee Accessory 2909-21 Milw M18 Coil Roofing - Nailer Kit,MILWAUKEE ACCESSORY 2909-21 MILW M18 COIL ROOFING - NAILER K,Milwaukee Accessory 2909-21 Milw M18 Coil Roofing - Nailer Kit,Milwaukee Accessory Milw M18 Coil Roofing - Nailer Kit (MPN: 2909-21) in the Tools > Industrial > General category.,Milwaukee Accessory Milw M18 Coil Roofing - Nailer Kit (2909-21) in Industrial.,Milwaukee Accessory Milw M18 Coil Roofing - Nailer Kit (2909-21) in Industrial.,,,,,,,,,,,,,,,,,,,,,,,,,,,,,,,,,,,,,,,,,,,,,,,,,,,,,,,,,,,,,,,,,,,,,,,,,,,,,,,,,,,,,,,,,,,,,,,,,,,,,,,,,,,,,,,,,,,,,,,,,,,,,,,,,,,,,,,,,,,,,,,,,,,,,,,,,,,,,,,,,,,,,,,,,,,,,,,,,,,,,,,,,,,,,,,,,,,,,,,,,,,,,,,,,,,,,,,,,,,,,,,No
,,,,,,,Tools,Industrial,General,,918200,918200 Paslode CT200S24 18Ga ST Brad Nailer,-- Unbranded --,-- No Unilog Brand --,-- No DIB Brand --,National Nail Corp (7439),National Nail Corp,,,918200,918200,Tools > Industrial > General,National Nail Corp 918200 Paslode CT200S24 18Ga ST Brad Nailer,NATIONAL NAIL CORP 918200 PASLODE CT200S24 18GA ST BRAD NAIL,National Nail Corp 918200 Paslode CT200S24 18Ga ST Brad Nailer,National Nail Corp Paslode CT200S24 18Ga ST Brad Nailer (MPN: 918200) in the Tools > Industrial > General category.,National Nail Corp Paslode CT200S24 18Ga ST Brad Nailer (918200) in Industrial.,National Nail Corp Paslode CT200S24 18Ga ST Brad Nailer (918200) in Industrial.,,,,,,,,,,,,,,,,,,,,,,,,,,,,,,,,,,,,,,,,,,,,,,,,,,,,,,,,,,,,,,,,,,,,,,,,,,,,,,,,,,,,,,,,,,,,,,,,,,,,,,,,,,,,,,,,,,,,,,,,,,,,,,,,,,,,,,,,,,,,,,,,,,,,,,,,,,,,,,,,,,,,,,,,,,,,,,,,,,,,,,,,,,,,,,,,,,,,,,,,,,,,,,,,,,,,,,,,,,,,,,,No
,,,,,,,Tools,Industrial,General,,2541-20,2541-20 Milw M12 - Compact Brad Nailer (Bare),-- Unbranded --,-- No Unilog Brand --,-- No DIB Brand --,Milwaukee Accessory (4031),Milwaukee Accessory,Milwaukee,,2541-20,2541-20,Tools > Industrial > General,Milwaukee Accessory 2541-20 Milw M12 - Compact Brad Nailer (Bare),MILWAUKEE ACCESSORY 2541-20 MILW M12 - COMPACT BRAD NAILER (,Milwaukee Accessory 2541-20 Milw M12 - Compact Brad Nailer (Bare),Milwaukee Accessory Milw M12 - Compact Brad Nailer (Bare) (MPN: 2541-20) in the Tools > Industrial > General category.,Milwaukee Accessory Milw M12 - Compact Brad Nailer (Bare) (2541-20) in Industrial.,Milwaukee Accessory Milw M12 - Compact Brad Nailer (Bare) (2541-20) in Industrial.,,,,,,,,,,,,,,,,,,,,,,,,,,,,,,,,,,,,,,,,,,,,,,,,,,,,,,,,,,,,,,,,,,,,,,,,,,,,,,,,,,,,,,,,,,,,,,,,,,,,,,,,,,,,,,,,,,,,,,,,,,,,,,,,,,,,,,,,,,,,,,,,,,,,,,,,,,,,,,,,,,,,,,,,,,,,,,,,,,,,,,,,,,,,,,,,,,,,,,,,,,,,,,,,,,,,,,,,,,,,,,,No
,,,,,,,Tools,Industrial,General,,DCN930B,DCN930B Dewalt 20V 30 Degree - Framing Nailer,-- Unbranded --,-- No Unilog Brand --,DEWALT,Black & Decker/dewlt (2585),Black & Decker/dewlt,DeWalt,,DCN930B,DCN930B,Tools > Industrial > General,Black & Decker/dewlt DCN930B Dewalt 20V 30 Degree - Framing Nailer,BLACK & DECKER/DEWLT DCN930B DEWALT 20V 30 DEGREE - FRAMING,Black & Decker/dewlt DCN930B Dewalt 20V 30 Degree - Framing Nailer,Black & Decker/dewlt Dewalt 20V 30 Degree - Framing Nailer (MPN: DCN930B) in the Tools > Industrial > General category.,Black & Decker/dewlt Dewalt 20V 30 Degree - Framing Nailer (DCN930B) in Industrial.,Black & Decker/dewlt Dewalt 20V 30 Degree - Framing Nailer (DCN930B) in Industrial.,,,,,,,,,,,,,,,,,,,,,,,,,,,,,,,,,,,,,,,,,,,,,,,,,,,,,,,,,,,,,,,,,,,,,,,,,,,,,,,,,,,,,,,,,,,,,,,,,,,,,,,,,,,,,,,,,,,,,,,,,,,,,,,,,,,,,,,,,,,,,,,,,,,,,,,,,,,,,,,,,,,,,,,,,,,,,,,,,,,,,,,,,,,,,,,,,,,,,,,,,,,,,,,,,,,,,,,,,,,,,,,No
,,,,,,,Tools,Industrial,General,,DCN930P1,DCN930P1 Dewalt 20V 30 Degree - Framing Nailer Kit,-- Unbranded --,-- No Unilog Brand --,DEWALT,Black & Decker/dewlt (2585),Black & Decker/dewlt,DeWalt,,DCN930P1,DCN930P1,Tools > Industrial > General,Black & Decker/dewlt DCN930P1 Dewalt 20V 30 Degree - Framing Nailer Kit,BLACK & DECKER/DEWLT DCN930P1 DEWALT 20V 30 DEGREE - FRAMING,Black & Decker/dewlt DCN930P1 Dewalt 20V 30 Degree - Framing Nailer Kit,Black & Decker/dewlt Dewalt 20V 30 Degree - Framing Nailer Kit (MPN: DCN930P1) in the Tools > Industrial > General category.,Black & Decker/dewlt Dewalt 20V 30 Degree - Framing Nailer Kit (DCN930P1) in Industrial.,Black & Decker/dewlt Dewalt 20V 30 Degree - Framing Nailer Kit (DCN930P1) in Industrial.,,,,,,,,,,,,,,,,,,,,,,,,,,,,,,,,,,,,,,,,,,,,,,,,,,,,,,,,,,,,,,,,,,,,,,,,,,,,,,,,,,,,,,,,,,,,,,,,,,,,,,,,,,,,,,,,,,,,,,,,,,,,,,,,,,,,,,,,,,,,,,,,,,,,,,,,,,,,,,,,,,,,,,,,,,,,,,,,,,,,,,,,,,,,,,,,,,,,,,,,,,,,,,,,,,,,,,,,,,,,,,,No
,,,,,,,Tools,Industrial,General,,XNB04Z,"XNB04Z Makita 18V 2"" Brad Nailer 18GA (Bare)",-- Unbranded --,-- No Unilog Brand --,-- No DIB Brand --,Makita Usa Inc (5142),Makita Usa Inc,Makita,,XNB04Z,XNB04Z,Tools > Industrial > General,"Makita Usa Inc XNB04Z Makita 18V 2"" Brad Nailer 18GA (Bare)","MAKITA USA INC XNB04Z MAKITA 18V 2"" BRAD NAILER 18GA (BARE)","Makita Usa Inc XNB04Z Makita 18V 2"" Brad Nailer 18GA (Bare)","Makita Usa Inc Makita 18V 2"" Brad Nailer 18GA (Bare) (MPN: XNB04Z) in the Tools > Industrial > General category.","Makita Usa Inc Makita 18V 2"" Brad Nailer 18GA (Bare) (XNB04Z) in Industrial.","Makita Usa Inc Makita 18V 2"" Brad Nailer 18GA (Bare) (XNB04Z) in Industrial.",,,,,,,,,,,,,,,,,,,,,,,,,,,,,,,,,,,,,,,,,,,,,,,,,,,,,,,,,,,,,,,,,,,,,,,,,,,,,,,,,,,,,,,,,,,,,,,,,,,,,,,,,,,,,,,,,,,,,,,,,,,,,,,,,,,,,,,,,,,,,,,,,,,,,,,,,,,,,,,,,,,,,,,,,,,,,,,,,,,,,,,,,,,,,,,,,,,,,,,,,,,,,,,,,,,,,,,,,,,,,,,No
,,,,,,,Tools,Industrial,General,,XNB05Z,"XNB05Z Makita 18V 2-1/2"" Straight Finish Nailer 16GA",-- Unbranded --,-- No Unilog Brand --,-- No DIB Brand --,Makita Usa Inc (5142),Makita Usa Inc,Makita,,XNB05Z,XNB05Z,Tools > Industrial > General,"Makita Usa Inc XNB05Z Makita 18V 2-1/2"" Straight Finish Nailer 16GA","MAKITA USA INC XNB05Z MAKITA 18V 2-1/2"" STRAIGHT FINISH NAIL","Makita Usa Inc XNB05Z Makita 18V 2-1/2"" Straight Finish Nailer 16GA","Makita Usa Inc Makita 18V 2-1/2"" Straight Finish Nailer 16GA (MPN: XNB05Z) in the Tools > Industrial > General category.","Makita Usa Inc Makita 18V 2-1/2"" Straight Finish Nailer 16GA (XNB05Z) in Industrial.","Makita Usa Inc Makita 18V 2-1/2"" Straight Finish Nailer 16GA (XNB05Z) in Industrial.",,,,,,,,,,,,,,,,,,,,,,,,,,,,,,,,,,,,,,,,,,,,,,,,,,,,,,,,,,,,,,,,,,,,,,,,,,,,,,,,,,,,,,,,,,,,,,,,,,,,,,,,,,,,,,,,,,,,,,,,,,,,,,,,,,,,,,,,,,,,,,,,,,,,,,,,,,,,,,,,,,,,,,,,,,,,,,,,,,,,,,,,,,,,,,,,,,,,,,,,,,,,,,,,,,,,,,,,,,,,,,,No
,,,,,,,Tools,Industrial,General,,XNB06Z,"XNB06Z Makita 18V 2-1/2"" Angled Finish Nailer 16GA",-- Unbranded --,-- No Unilog Brand --,-- No DIB Brand --,Makita Usa Inc (5142),Makita Usa Inc,Makita,,XNB06Z,XNB06Z,Tools > Industrial > General,"Makita Usa Inc XNB06Z Makita 18V 2-1/2"" Angled Finish Nailer 16GA","MAKITA USA INC XNB06Z MAKITA 18V 2-1/2"" ANGLED FINISH NAILER","Makita Usa Inc XNB06Z Makita 18V 2-1/2"" Angled Finish Nailer 16GA","Makita Usa Inc Makita 18V 2-1/2"" Angled Finish Nailer 16GA (MPN: XNB06Z) in the Tools > Industrial > General category.","Makita Usa Inc Makita 18V 2-1/2"" Angled Finish Nailer 16GA (XNB06Z) in Industrial.","Makita Usa Inc Makita 18V 2-1/2"" Angled Finish Nailer 16GA (XNB06Z) in Industrial.",,,,,,,,,,,,,,,,,,,,,,,,,,,,,,,,,,,,,,,,,,,,,,,,,,,,,,,,,,,,,,,,,,,,,,,,,,,,,,,,,,,,,,,,,,,,,,,,,,,,,,,,,,,,,,,,,,,,,,,,,,,,,,,,,,,,,,,,,,,,,,,,,,,,,,,,,,,,,,,,,,,,,,,,,,,,,,,,,,,,,,,,,,,,,,,,,,,,,,,,,,,,,,,,,,,,,,,,,,,,,,,No
,,,,,,,Tools,Industrial,General,,XNB07Z,XNB07Z Makita 18V LXT BL 30 Nailer (Bare),-- Unbranded --,-- No Unilog Brand --,-- No DIB Brand --,Makita Usa Inc (5142),Makita Usa Inc,Makita,,XNB07Z,XNB07Z,Tools > Industrial > General,Makita Usa Inc XNB07Z Makita 18V LXT BL 30 Nailer (Bare),MAKITA USA INC XNB07Z MAKITA 18V LXT BL 30 NAILER (BARE),Makita Usa Inc XNB07Z Makita 18V LXT BL 30 Nailer (Bare),Makita Usa Inc Makita 18V LXT BL 30 Nailer (Bare) (MPN: XNB07Z) in the Tools > Industrial > General category.,Makita Usa Inc Makita 18V LXT BL 30 Nailer (Bare) (XNB07Z) in Industrial.,Makita Usa Inc Makita 18V LXT BL 30 Nailer (Bare) (XNB07Z) in Industrial.,,,,,,,,,,,,,,,,,,,,,,,,,,,,,,,,,,,,,,,,,,,,,,,,,,,,,,,,,,,,,,,,,,,,,,,,,,,,,,,,,,,,,,,,,,,,,,,,,,,,,,,,,,,,,,,,,,,,,,,,,,,,,,,,,,,,,,,,,,,,,,,,,,,,,,,,,,,,,,,,,,,,,,,,,,,,,,,,,,,,,,,,,,,,,,,,,,,,,,,,,,,,,,,,,,,,,,,,,,,,,,,No
,,,,,,,Tools,Industrial,General,,DZN930,DZN930 Dewalt 30 Degree - Framing Magazine,-- Unbranded --,-- No Unilog Brand --,-- No DIB Brand --,Black & Decker/dewlt (2585),Black & Decker/dewlt,DeWalt,,DZN930,DZN930,Tools > Industrial > General,Black & Decker/dewlt DZN930 Dewalt 30 Degree - Framing Magazine,BLACK & DECKER/DEWLT DZN930 DEWALT 30 DEGREE - FRAMING MAGAZ,Black & Decker/dewlt DZN930 Dewalt 30 Degree - Framing Magazine,Black & Decker/dewlt Dewalt 30 Degree - Framing Magazine (MPN: DZN930) in the Tools > Industrial > General category.,Black & Decker/dewlt Dewalt 30 Degree - Framing Magazine (DZN930) in Industrial.,Black & Decker/dewlt Dewalt 30 Degree - Framing Magazine (DZN930) in Industrial.,,,,,,,,,,,,,,,,,,,,,,,,,,,,,,,,,,,,,,,,,,,,,,,,,,,,,,,,,,,,,,,,,,,,,,,,,,,,,,,,,,,,,,,,,,,,,,,,,,,,,,,,,,,,,,,,,,,,,,,,,,,,,,,,,,,,,,,,,,,,,,,,,,,,,,,,,,,,,,,,,,,,,,,,,,,,,,,,,,,,,,,,,,,,,,,,,,,,,,,,,,,,,,,,,,,,,,,,,,,,,,,No
,,,,,,,Tools,Industrial,General,,220USB25U,220USB25U Vessel Screwdriver w/25pc Bit Set,-- Unbranded --,-- No Unilog Brand --,-- No DIB Brand --,Vessel Tools USA Inc (VESTO),Vessel Tools USA Inc (VESTO),,,220USB25U,220USB25U,Tools > Industrial > General,Vessel Tools USA Inc 220USB25U Vessel Screwdriver w/25pc Bit Set,VESSEL TOOLS USA INC 220USB25U VESSEL SCREWDRIVER W/25PC BIT,Vessel Tools USA Inc 220USB25U Vessel Screwdriver w/25pc Bit Set,Vessel Tools USA Inc Vessel Screwdriver w/25pc Bit Set (MPN: 220USB25U) in the Tools > Industrial > General category.,Vessel Tools USA Inc Vessel Screwdriver w/25pc Bit Set (220USB25U) in Industrial.,Vessel Tools USA Inc Vessel Screwdriver w/25pc Bit Set (220USB25U) in Industrial.,,,,,,,,,,,,,,,,,,,,,,,,,,,,,,,,,,,,,,,,,,,,,,,,,,,,,,,,,,,,,,,,,,,,,,,,,,,,,,,,,,,,,,,,,,,,,,,,,,,,,,,,,,,,,,,,,,,,,,,,,,,,,,,,,,,,,,,,,,,,,,,,,,,,,,,,,,,,,,,,,,,,,,,,,,,,,,,,,,,,,,,,,,,,,,,,,,,,,,,,,,,,,,,,,,,,,,,,,,,,,,,No
,,,,,,,Tools,Industrial,General,,XRF03Z,XRF03Z Makita 18V Screwdriver - Autofeed,-- Unbranded --,-- No Unilog Brand --,-- No DIB Brand --,Makita Usa Inc (5142),Makita Usa Inc,Makita,,XRF03Z,XRF03Z,Tools > Industrial > General,Makita Usa Inc XRF03Z Makita 18V Screwdriver - Autofeed,MAKITA USA INC XRF03Z MAKITA 18V SCREWDRIVER - AUTOFEED,Makita Usa Inc XRF03Z Makita 18V Screwdriver - Autofeed,Makita Usa Inc Makita 18V Screwdriver - Autofeed (MPN: XRF03Z) in the Tools > Industrial > General category.,Makita Usa Inc Makita 18V Screwdriver - Autofeed (XRF03Z) in Industrial.,Makita Usa Inc Makita 18V Screwdriver - Autofeed (XRF03Z) in Industrial.,,,,,,,,,,,,,,,,,,,,,,,,,,,,,,,,,,,,,,,,,,,,,,,,,,,,,,,,,,,,,,,,,,,,,,,,,,,,,,,,,,,,,,,,,,,,,,,,,,,,,,,,,,,,,,,,,,,,,,,,,,,,,,,,,,,,,,,,,,,,,,,,,,,,,,,,,,,,,,,,,,,,,,,,,,,,,,,,,,,,,,,,,,,,,,,,,,,,,,,,,,,,,,,,,,,,,,,,,,,,,,,No
,,,,,,,Tools,Industrial,General,,220USBP5U,220USBP5U Vessel Screwdriver Plus w/5pc Bit Set,-- Unbranded --,-- No Unilog Brand --,-- No DIB Brand --,Vessel Tools USA Inc (VESTO),Vessel Tools USA Inc (VESTO),,,220USBP5U,220USBP5U,Tools > Industrial > General,Vessel Tools USA Inc 220USBP5U Vessel Screwdriver Plus w/5pc Bit Set,VESSEL TOOLS USA INC 220USBP5U VESSEL SCREWDRIVER PLUS W/5PC,Vessel Tools USA Inc 220USBP5U Vessel Screwdriver Plus w/5pc Bit Set,Vessel Tools USA Inc Vessel Screwdriver Plus w/5pc Bit Set (MPN: 220USBP5U) in the Tools > Industrial > General category.,Vessel Tools USA Inc Vessel Screwdriver Plus w/5pc Bit Set (220USBP5U) in Industrial.,Vessel Tools USA Inc Vessel Screwdriver Plus w/5pc Bit Set (220USBP5U) in Industrial.,,,,,,,,,,,,,,,,,,,,,,,,,,,,,,,,,,,,,,,,,,,,,,,,,,,,,,,,,,,,,,,,,,,,,,,,,,,,,,,,,,,,,,,,,,,,,,,,,,,,,,,,,,,,,,,,,,,,,,,,,,,,,,,,,,,,,,,,,,,,,,,,,,,,,,,,,,,,,,,,,,,,,,,,,,,,,,,,,,,,,,,,,,,,,,,,,,,,,,,,,,,,,,,,,,,,,,,,,,,,,,,No
,,,,,,,Tools,Industrial,General,,49-66-4567,"49-66-4567 Milw 6"" Magnetic - Impact Driver Set 6pc",-- Unbranded --,-- No Unilog Brand --,-- No DIB Brand --,Milwaukee Accessory (4031),Milwaukee Accessory,Milwaukee,,49-66-4567,49-66-4567,Tools > Industrial > General,"Milwaukee Accessory 49-66-4567 Milw 6"" Magnetic - Impact Driver Set 6pc","MILWAUKEE ACCESSORY 49-66-4567 MILW 6"" MAGNETIC - IMPACT DRI","Milwaukee Accessory 49-66-4567 Milw 6"" Magnetic - Impact Driver Set 6pc","Milwaukee Accessory Milw 6"" Magnetic - Impact Driver Set 6pc (MPN: 49-66-4567) in the Tools > Industrial > General category.","Milwaukee Accessory Milw 6"" Magnetic - Impact Driver Set 6pc (49-66-4567) in Industrial.","Milwaukee Accessory Milw 6"" Magnetic - Impact Driver Set 6pc (49-66-4567) in Industrial.",,,,,,,,,,,,,,,,,,,,,,,,,,,,,,,,,,,,,,,,,,,,,,,,,,,,,,,,,,,,,,,,,,,,,,,,,,,,,,,,,,,,,,,,,,,,,,,,,,,,,,,,,,,,,,,,,,,,,,,,,,,,,,,,,,,,,,,,,,,,,,,,,,,,,,,,,,,,,,,,,,,,,,,,,,,,,,,,,,,,,,,,,,,,,,,,,,,,,,,,,,,,,,,,,,,,,,,,,,,,,,,No
,,,,,,,Tools,Industrial,General,,IBMG90K003,"IBMG90K003 Vessel Impact Ball Torsion Bit Assort 5pc 3.5""",-- Unbranded --,-- No Unilog Brand --,-- No DIB Brand --,Vessel Tools USA Inc (VESTO),Vessel Tools USA Inc (VESTO),,,IBMG90K003,IBMG90K003,Tools > Industrial > General,"Vessel Tools USA Inc IBMG90K003 Vessel Impact Ball Torsion Bit Assort 5pc 3.5""",VESSEL TOOLS USA INC IBMG90K003 VESSEL IMPACT BALL TORSION B,"Vessel Tools USA Inc IBMG90K003 Vessel Impact Ball Torsion Bit Assort 5pc 3.5""","Vessel Tools USA Inc Vessel Impact Ball Torsion Bit Assort 5pc 3.5"" (MPN: IBMG90K003) in the Tools > Industrial > General category.","Vessel Tools USA Inc Vessel Impact Ball Torsion Bit Assort 5pc 3.5"" (IBMG90K003) in Industrial.","Vessel Tools USA Inc Vessel Impact Ball Torsion Bit Assort 5pc 3.5"" (IBMG90K003) in Industrial.",,,,,,,,,,,,,,,,,,,,,,,,,,,,,,,,,,,,,,,,,,,,,,,,,,,,,,,,,,,,,,,,,,,,,,,,,,,,,,,,,,,,,,,,,,,,,,,,,,,,,,,,,,,,,,,,,,,,,,,,,,,,,,,,,,,,,,,,,,,,,,,,,,,,,,,,,,,,,,,,,,,,,,,,,,,,,,,,,,,,,,,,,,,,,,,,,,,,,,,,,,,,,,,,,,,,,,,,,,,,,,,No
,,,,,,,Tools,Industrial,General,,IBPH250P15T,"IBPH250P15T Vessel Torsion Bit 2"" 15pc",-- Unbranded --,-- No Unilog Brand --,-- No DIB Brand --,Vessel Tools USA Inc (VESTO),Vessel Tools USA Inc (VESTO),,,IBPH250P15T,IBPH250P15T,Tools > Industrial > General,"Vessel Tools USA Inc IBPH250P15T Vessel Torsion Bit 2"" 15pc","VESSEL TOOLS USA INC IBPH250P15T VESSEL TORSION BIT 2"" 15PC","Vessel Tools USA Inc IBPH250P15T Vessel Torsion Bit 2"" 15pc","Vessel Tools USA Inc Vessel Torsion Bit 2"" 15pc (MPN: IBPH250P15T) in the Tools > Industrial > General category.","Vessel Tools USA Inc Vessel Torsion Bit 2"" 15pc (IBPH250P15T) in Industrial.","Vessel Tools USA Inc Vessel Torsion Bit 2"" 15pc (IBPH250P15T) in Industrial.",,,,,,,,,,,,,,,,,,,,,,,,,,,,,,,,,,,,,,,,,,,,,,,,,,,,,,,,,,,,,,,,,,,,,,,,,,,,,,,,,,,,,,,,,,,,,,,,,,,,,,,,,,,,,,,,,,,,,,,,,,,,,,,,,,,,,,,,,,,,,,,,,,,,,,,,,,,,,,,,,,,,,,,,,,,,,,,,,,,,,,,,,,,,,,,,,,,,,,,,,,,,,,,,,,,,,,,,,,,,,,,No
,,,,,,,Tools,Industrial,General,,DPH12B,"DPH12B 2"" #1 Phillips Drive - Bit",-- Unbranded --,-- No Unilog Brand --,Diablo,Freud Inc (2435),Freud Inc,,,DPH12B,DPH12B,Tools > Industrial > General,"Freud Inc DPH12B 2"" #1 Phillips Drive - Bit","FREUD INC DPH12B 2"" #1 PHILLIPS DRIVE - BIT","Freud Inc DPH12B 2"" #1 Phillips Drive - Bit","Freud Inc 2"" #1 Phillips Drive - Bit (MPN: DPH12B) in the Tools > Industrial > General category.","Freud Inc 2"" #1 Phillips Drive - Bit (DPH12B) in Industrial.","Freud Inc 2"" #1 Phillips Drive - Bit (DPH12B) in Industrial.",,,,,,,,,,,,,,,,,,,,,,,,,,,,,,,,,,,,,,,,,,,,,,,,,,,,,,,,,,,,,,,,,,,,,,,,,,,,,,,,,,,,,,,,,,,,,,,,,,,,,,,,,,,,,,,,,,,,,,,,,,,,,,,,,,,,,,,,,,,,,,,,,,,,,,,,,,,,,,,,,,,,,,,,,,,,,,,,,,,,,,,,,,,,,,,,,,,,,,,,,,,,,,,,,,,,,,,,,,,,,,,No
,,,,,,,Tools,Industrial,General,,DPH135B,"DPH135B 3-1/2"" #1 Phillips - Drive Bit",-- Unbranded --,-- No Unilog Brand --,Diablo,Freud Inc (2435),Freud Inc,,,DPH135B,DPH135B,Tools > Industrial > General,"Freud Inc DPH135B 3-1/2"" #1 Phillips - Drive Bit","FREUD INC DPH135B 3-1/2"" #1 PHILLIPS - DRIVE BIT","Freud Inc DPH135B 3-1/2"" #1 Phillips - Drive Bit","Freud Inc 3-1/2"" #1 Phillips - Drive Bit (MPN: DPH135B) in the Tools > Industrial > General category.","Freud Inc 3-1/2"" #1 Phillips - Drive Bit (DPH135B) in Industrial.","Freud Inc 3-1/2"" #1 Phillips - Drive Bit (DPH135B) in Industrial.",,,,,,,,,,,,,,,,,,,,,,,,,,,,,,,,,,,,,,,,,,,,,,,,,,,,,,,,,,,,,,,,,,,,,,,,,,,,,,,,,,,,,,,,,,,,,,,,,,,,,,,,,,,,,,,,,,,,,,,,,,,,,,,,,,,,,,,,,,,,,,,,,,,,,,,,,,,,,,,,,,,,,,,,,,,,,,,,,,,,,,,,,,,,,,,,,,,,,,,,,,,,,,,,,,,,,,,,,,,,,,,No
,,,,,,,Tools,Industrial,General,,DPH21B,"DPH21B 1"" #2 Phillips Drive - Bit",-- Unbranded --,-- No Unilog Brand --,Diablo,Freud Inc (2435),Freud Inc,,,DPH21B,DPH21B,Tools > Industrial > General,"Freud Inc DPH21B 1"" #2 Phillips Drive - Bit","FREUD INC DPH21B 1"" #2 PHILLIPS DRIVE - BIT","Freud Inc DPH21B 1"" #2 Phillips Drive - Bit","Freud Inc 1"" #2 Phillips Drive - Bit (MPN: DPH21B) in the Tools > Industrial > General category.","Freud Inc 1"" #2 Phillips Drive - Bit (DPH21B) in Industrial.","Freud Inc 1"" #2 Phillips Drive - Bit (DPH21B) in Industrial.",,,,,,,,,,,,,,,,,,,,,,,,,,,,,,,,,,,,,,,,,,,,,,,,,,,,,,,,,,,,,,,,,,,,,,,,,,,,,,,,,,,,,,,,,,,,,,,,,,,,,,,,,,,,,,,,,,,,,,,,,,,,,,,,,,,,,,,,,,,,,,,,,,,,,,,,,,,,,,,,,,,,,,,,,,,,,,,,,,,,,,,,,,,,,,,,,,,,,,,,,,,,,,,,,,,,,,,,,,,,,,,No
,,,,,,,Tools,Industrial,General,,DPH22B,"DPH22B 2"" #2 Phillips Drive - Bit",-- Unbranded --,-- No Unilog Brand --,Diablo,Freud Inc (2435),Freud Inc,,,DPH22B,DPH22B,Tools > Industrial > General,"Freud Inc DPH22B 2"" #2 Phillips Drive - Bit","FREUD INC DPH22B 2"" #2 PHILLIPS DRIVE - BIT","Freud Inc DPH22B 2"" #2 Phillips Drive - Bit","Freud Inc 2"" #2 Phillips Drive - Bit (MPN: DPH22B) in the Tools > Industrial > General category.","Freud Inc 2"" #2 Phillips Drive - Bit (DPH22B) in Industrial.","Freud Inc 2"" #2 Phillips Drive - Bit (DPH22B) in Industrial.",,,,,,,,,,,,,,,,,,,,,,,,,,,,,,,,,,,,,,,,,,,,,,,,,,,,,,,,,,,,,,,,,,,,,,,,,,,,,,,,,,,,,,,,,,,,,,,,,,,,,,,,,,,,,,,,,,,,,,,,,,,,,,,,,,,,,,,,,,,,,,,,,,,,,,,,,,,,,,,,,,,,,,,,,,,,,,,,,,,,,,,,,,,,,,,,,,,,,,,,,,,,,,,,,,,,,,,,,,,,,,,No
,,,,,,,Tools,Industrial,General,,DPH235B,"DPH235B 3-1/2"" #2 Phillips - Drive Bit",-- Unbranded --,-- No Unilog Brand --,Diablo,Freud Inc (2435),Freud Inc,,,DPH235B,DPH235B,Tools > Industrial > General,"Freud Inc DPH235B 3-1/2"" #2 Phillips - Drive Bit","FREUD INC DPH235B 3-1/2"" #2 PHILLIPS - DRIVE BIT","Freud Inc DPH235B 3-1/2"" #2 Phillips - Drive Bit","Freud Inc 3-1/2"" #2 Phillips - Drive Bit (MPN: DPH235B) in the Tools > Industrial > General category.","Freud Inc 3-1/2"" #2 Phillips - Drive Bit (DPH235B) in Industrial.","Freud Inc 3-1/2"" #2 Phillips - Drive Bit (DPH235B) in Industrial.",,,,,,,,,,,,,,,,,,,,,,,,,,,,,,,,,,,,,,,,,,,,,,,,,,,,,,,,,,,,,,,,,,,,,,,,,,,,,,,,,,,,,,,,,,,,,,,,,,,,,,,,,,,,,,,,,,,,,,,,,,,,,,,,,,,,,,,,,,,,,,,,,,,,,,,,,,,,,,,,,,,,,,,,,,,,,,,,,,,,,,,,,,,,,,,,,,,,,,,,,,,,,,,,,,,,,,,,,,,,,,,No
,,,,,,,Tools,Industrial,General,,DPH26B,"DPH26B 6"" #2 Phillips Drive - Bit",-- Unbranded --,-- No Unilog Brand --,Diablo,Freud Inc (2435),Freud Inc,,,DPH26B,DPH26B,Tools > Industrial > General,"Freud Inc DPH26B 6"" #2 Phillips Drive - Bit","FREUD INC DPH26B 6"" #2 PHILLIPS DRIVE - BIT","Freud Inc DPH26B 6"" #2 Phillips Drive - Bit","Freud Inc 6"" #2 Phillips Drive - Bit (MPN: DPH26B) in the Tools > Industrial > General category.","Freud Inc 6"" #2 Phillips Drive - Bit (DPH26B) in Industrial.","Freud Inc 6"" #2 Phillips Drive - Bit (DPH26B) in Industrial.",,,,,,,,,,,,,,,,,,,,,,,,,,,,,,,,,,,,,,,,,,,,,,,,,,,,,,,,,,,,,,,,,,,,,,,,,,,,,,,,,,,,,,,,,,,,,,,,,,,,,,,,,,,,,,,,,,,,,,,,,,,,,,,,,,,,,,,,,,,,,,,,,,,,,,,,,,,,,,,,,,,,,,,,,,,,,,,,,,,,,,,,,,,,,,,,,,,,,,,,,,,,,,,,,,,,,,,,,,,,,,,No
,,,,,,,Tools,Industrial,General,,DPH2R1B,"DPH2R1B 1"" #2 Phillips Drywall - Screws Drive Bit",-- Unbranded --,-- No Unilog Brand --,Diablo,Freud Inc (2435),Freud Inc,,,DPH2R1B,DPH2R1B,Tools > Industrial > General,"Freud Inc DPH2R1B 1"" #2 Phillips Drywall - Screws Drive Bit","FREUD INC DPH2R1B 1"" #2 PHILLIPS DRYWALL - SCREWS DRIVE BIT","Freud Inc DPH2R1B 1"" #2 Phillips Drywall - Screws Drive Bit","Freud Inc 1"" #2 Phillips Drywall - Screws Drive Bit (MPN: DPH2R1B) in the Tools > Industrial > General category.","Freud Inc 1"" #2 Phillips Drywall - Screws Drive Bit (DPH2R1B) in Industrial.","Freud Inc 1"" #2 Phillips Drywall - Screws Drive Bit (DPH2R1B) in Industrial.",,,,,,,,,,,,,,,,,,,,,,,,,,,,,,,,,,,,,,,,,,,,,,,,,,,,,,,,,,,,,,,,,,,,,,,,,,,,,,,,,,,,,,,,,,,,,,,,,,,,,,,,,,,,,,,,,,,,,,,,,,,,,,,,,,,,,,,,,,,,,,,,,,,,,,,,,,,,,,,,,,,,,,,,,,,,,,,,,,,,,,,,,,,,,,,,,,,,,,,,,,,,,,,,,,,,,,,,,,,,,,,No
,,,,,,,Tools,Industrial,General,,DPH31B,"DPH31B 1"" #3 Phillips Drive - Bit",-- Unbranded --,-- No Unilog Brand --,Diablo,Freud Inc (2435),Freud Inc,,,DPH31B,DPH31B,Tools > Industrial > General,"Freud Inc DPH31B 1"" #3 Phillips Drive - Bit","FREUD INC DPH31B 1"" #3 PHILLIPS DRIVE - BIT","Freud Inc DPH31B 1"" #3 Phillips Drive - Bit","Freud Inc 1"" #3 Phillips Drive - Bit (MPN: DPH31B) in the Tools > Industrial > General category.","Freud Inc 1"" #3 Phillips Drive - Bit (DPH31B) in Industrial.","Freud Inc 1"" #3 Phillips Drive - Bit (DPH31B) in Industrial.",,,,,,,,,,,,,,,,,,,,,,,,,,,,,,,,,,,,,,,,,,,,,,,,,,,,,,,,,,,,,,,,,,,,,,,,,,,,,,,,,,,,,,,,,,,,,,,,,,,,,,,,,,,,,,,,,,,,,,,,,,,,,,,,,,,,,,,,,,,,,,,,,,,,,,,,,,,,,,,,,,,,,,,,,,,,,,,,,,,,,,,,,,,,,,,,,,,,,,,,,,,,,,,,,,,,,,,,,,,,,,,No
,,,,,,,Tools,Industrial,General,,DPH32B,"DPH32B 2"" #3 Phillips Drive - Bit",-- Unbranded --,-- No Unilog Brand --,Diablo,Freud Inc (2435),Freud Inc,,,DPH32B,DPH32B,Tools > Industrial > General,"Freud Inc DPH32B 2"" #3 Phillips Drive - Bit","FREUD INC DPH32B 2"" #3 PHILLIPS DRIVE - BIT","Freud Inc DPH32B 2"" #3 Phillips Drive - Bit","Freud Inc 2"" #3 Phillips Drive - Bit (MPN: DPH32B) in the Tools > Industrial > General category.","Freud Inc 2"" #3 Phillips Drive - Bit (DPH32B) in Industrial.","Freud Inc 2"" #3 Phillips Drive - Bit (DPH32B) in Industrial.",,,,,,,,,,,,,,,,,,,,,,,,,,,,,,,,,,,,,,,,,,,,,,,,,,,,,,,,,,,,,,,,,,,,,,,,,,,,,,,,,,,,,,,,,,,,,,,,,,,,,,,,,,,,,,,,,,,,,,,,,,,,,,,,,,,,,,,,,,,,,,,,,,,,,,,,,,,,,,,,,,,,,,,,,,,,,,,,,,,,,,,,,,,,,,,,,,,,,,,,,,,,,,,,,,,,,,,,,,,,,,,No
,,,,,,,Tools,Industrial,General,,DPH335B,"DPH335B 3-1/2"" #3 Phillips - Drive Bit",-- Unbranded --,-- No Unilog Brand --,Diablo,Freud Inc (2435),Freud Inc,,,DPH335B,DPH335B,Tools > Industrial > General,"Freud Inc DPH335B 3-1/2"" #3 Phillips - Drive Bit","FREUD INC DPH335B 3-1/2"" #3 PHILLIPS - DRIVE BIT","Freud Inc DPH335B 3-1/2"" #3 Phillips - Drive Bit","Freud Inc 3-1/2"" #3 Phillips - Drive Bit (MPN: DPH335B) in the Tools > Industrial > General category.","Freud Inc 3-1/2"" #3 Phillips - Drive Bit (DPH335B) in Industrial.","Freud Inc 3-1/2"" #3 Phillips - Drive Bit (DPH335B) in Industrial.",,,,,,,,,,,,,,,,,,,,,,,,,,,,,,,,,,,,,,,,,,,,,,,,,,,,,,,,,,,,,,,,,,,,,,,,,,,,,,,,,,,,,,,,,,,,,,,,,,,,,,,,,,,,,,,,,,,,,,,,,,,,,,,,,,,,,,,,,,,,,,,,,,,,,,,,,,,,,,,,,,,,,,,,,,,,,,,,,,,,,,,,,,,,,,,,,,,,,,,,,,,,,,,,,,,,,,,,,,,,,,,No
,,,,,,,Tools,Industrial,General,,DSQ12B,"DSQ12B 2"" #1 Square Drive Bit",-- Unbranded --,-- No Unilog Brand --,Diablo,Freud Inc (2435),Freud Inc,,,DSQ12B,DSQ12B,Tools > Industrial > General,"Freud Inc DSQ12B 2"" #1 Square Drive Bit","FREUD INC DSQ12B 2"" #1 SQUARE DRIVE BIT","Freud Inc DSQ12B 2"" #1 Square Drive Bit","Freud Inc 2"" #1 Square Drive Bit (MPN: DSQ12B) in the Tools > Industrial > General category.","Freud Inc 2"" #1 Square Drive Bit (DSQ12B) in Industrial.","Freud Inc 2"" #1 Square Drive Bit (DSQ12B) in Industrial.",,,,,,,,,,,,,,,,,,,,,,,,,,,,,,,,,,,,,,,,,,,,,,,,,,,,,,,,,,,,,,,,,,,,,,,,,,,,,,,,,,,,,,,,,,,,,,,,,,,,,,,,,,,,,,,,,,,,,,,,,,,,,,,,,,,,,,,,,,,,,,,,,,,,,,,,,,,,,,,,,,,,,,,,,,,,,,,,,,,,,,,,,,,,,,,,,,,,,,,,,,,,,,,,,,,,,,,,,,,,,,,No
,,,,,,,Tools,Industrial,General,,DSQ22B,"DSQ22B 2"" #2 Square Drive Bit",-- Unbranded --,-- No Unilog Brand --,Diablo,Freud Inc (2435),Freud Inc,,,DSQ22B,DSQ22B,Tools > Industrial > General,"Freud Inc DSQ22B 2"" #2 Square Drive Bit","FREUD INC DSQ22B 2"" #2 SQUARE DRIVE BIT","Freud Inc DSQ22B 2"" #2 Square Drive Bit","Freud Inc 2"" #2 Square Drive Bit (MPN: DSQ22B) in the Tools > Industrial > General category.","Freud Inc 2"" #2 Square Drive Bit (DSQ22B) in Industrial.","Freud Inc 2"" #2 Square Drive Bit (DSQ22B) in Industrial.",,,,,,,,,,,,,,,,,,,,,,,,,,,,,,,,,,,,,,,,,,,,,,,,,,,,,,,,,,,,,,,,,,,,,,,,,,,,,,,,,,,,,,,,,,,,,,,,,,,,,,,,,,,,,,,,,,,,,,,,,,,,,,,,,,,,,,,,,,,,,,,,,,,,,,,,,,,,,,,,,,,,,,,,,,,,,,,,,,,,,,,,,,,,,,,,,,,,,,,,,,,,,,,,,,,,,,,,,,,,,,,No
,,,,,,,Tools,Industrial,General,,DSQ26B,"DSQ26B 6"" #2 Square Drive Bit",-- Unbranded --,-- No Unilog Brand --,Diablo,Freud Inc (2435),Freud Inc,,,DSQ26B,DSQ26B,Tools > Industrial > General,"Freud Inc DSQ26B 6"" #2 Square Drive Bit","FREUD INC DSQ26B 6"" #2 SQUARE DRIVE BIT","Freud Inc DSQ26B 6"" #2 Square Drive Bit","Freud Inc 6"" #2 Square Drive Bit (MPN: DSQ26B) in the Tools > Industrial > General category.","Freud Inc 6"" #2 Square Drive Bit (DSQ26B) in Industrial.","Freud Inc 6"" #2 Square Drive Bit (DSQ26B) in Industrial.",,,,,,,,,,,,,,,,,,,,,,,,,,,,,,,,,,,,,,,,,,,,,,,,,,,,,,,,,,,,,,,,,,,,,,,,,,,,,,,,,,,,,,,,,,,,,,,,,,,,,,,,,,,,,,,,,,,,,,,,,,,,,,,,,,,,,,,,,,,,,,,,,,,,,,,,,,,,,,,,,,,,,,,,,,,,,,,,,,,,,,,,,,,,,,,,,,,,,,,,,,,,,,,,,,,,,,,,,,,,,,,No
,,,,,,,Tools,Industrial,General,,DSQ32B,"DSQ32B 2"" #3 Square Drive Bit",-- Unbranded --,-- No Unilog Brand --,Diablo,Freud Inc (2435),Freud Inc,,,DSQ32B,DSQ32B,Tools > Industrial > General,"Freud Inc DSQ32B 2"" #3 Square Drive Bit","FREUD INC DSQ32B 2"" #3 SQUARE DRIVE BIT","Freud Inc DSQ32B 2"" #3 Square Drive Bit","Freud Inc 2"" #3 Square Drive Bit (MPN: DSQ32B) in the Tools > Industrial > General category.","Freud Inc 2"" #3 Square Drive Bit (DSQ32B) in Industrial.","Freud Inc 2"" #3 Square Drive Bit (DSQ32B) in Industrial.",,,,,,,,,,,,,,,,,,,,,,,,,,,,,,,,,,,,,,,,,,,,,,,,,,,,,,,,,,,,,,,,,,,,,,,,,,,,,,,,,,,,,,,,,,,,,,,,,,,,,,,,,,,,,,,,,,,,,,,,,,,,,,,,,,,,,,,,,,,,,,,,,,,,,,,,,,,,,,,,,,,,,,,,,,,,,,,,,,,,,,,,,,,,,,,,,,,,,,,,,,,,,,,,,,,,,,,,,,,,,,,No
,,,,,,,Tools,Industrial,General,,DT102B,"DT102B 2"" #10 Torx Drive Bit",-- Unbranded --,-- No Unilog Brand --,Diablo,Freud Inc (2435),Freud Inc,,,DT102B,DT102B,Tools > Industrial > General,"Freud Inc DT102B 2"" #10 Torx Drive Bit","FREUD INC DT102B 2"" #10 TORX DRIVE BIT","Freud Inc DT102B 2"" #10 Torx Drive Bit","Freud Inc 2"" #10 Torx Drive Bit (MPN: DT102B) in the Tools > Industrial > General category.","Freud Inc 2"" #10 Torx Drive Bit (DT102B) in Industrial.","Freud Inc 2"" #10 Torx Drive Bit (DT102B) in Industrial.",,,,,,,,,,,,,,,,,,,,,,,,,,,,,,,,,,,,,,,,,,,,,,,,,,,,,,,,,,,,,,,,,,,,,,,,,,,,,,,,,,,,,,,,,,,,,,,,,,,,,,,,,,,,,,,,,,,,,,,,,,,,,,,,,,,,,,,,,,,,,,,,,,,,,,,,,,,,,,,,,,,,,,,,,,,,,,,,,,,,,,,,,,,,,,,,,,,,,,,,,,,,,,,,,,,,,,,,,,,,,,,No
,,,,,,,Tools,Industrial,General,,DT152B,"DT152B 2"" #15 Torx Drive Bit",-- Unbranded --,-- No Unilog Brand --,Diablo,Freud Inc (2435),Freud Inc,,,DT152B,DT152B,Tools > Industrial > General,"Freud Inc DT152B 2"" #15 Torx Drive Bit","FREUD INC DT152B 2"" #15 TORX DRIVE BIT","Freud Inc DT152B 2"" #15 Torx Drive Bit","Freud Inc 2"" #15 Torx Drive Bit (MPN: DT152B) in the Tools > Industrial > General category.","Freud Inc 2"" #15 Torx Drive Bit (DT152B) in Industrial.","Freud Inc 2"" #15 Torx Drive Bit (DT152B) in Industrial.",,,,,,,,,,,,,,,,,,,,,,,,,,,,,,,,,,,,,,,,,,,,,,,,,,,,,,,,,,,,,,,,,,,,,,,,,,,,,,,,,,,,,,,,,,,,,,,,,,,,,,,,,,,,,,,,,,,,,,,,,,,,,,,,,,,,,,,,,,,,,,,,,,,,,,,,,,,,,,,,,,,,,,,,,,,,,,,,,,,,,,,,,,,,,,,,,,,,,,,,,,,,,,,,,,,,,,,,,,,,,,,No
,,,,,,,Tools,Industrial,General,,DT1535B,"DT1535B 3-1/2"" #15 Torx Drive - Bit",-- Unbranded --,-- No Unilog Brand --,Diablo,Freud Inc (2435),Freud Inc,,,DT1535B,DT1535B,Tools > Industrial > General,"Freud Inc DT1535B 3-1/2"" #15 Torx Drive - Bit","FREUD INC DT1535B 3-1/2"" #15 TORX DRIVE - BIT","Freud Inc DT1535B 3-1/2"" #15 Torx Drive - Bit","Freud Inc 3-1/2"" #15 Torx Drive - Bit (MPN: DT1535B) in the Tools > Industrial > General category.","Freud Inc 3-1/2"" #15 Torx Drive - Bit (DT1535B) in Industrial.","Freud Inc 3-1/2"" #15 Torx Drive - Bit (DT1535B) in Industrial.",,,,,,,,,,,,,,,,,,,,,,,,,,,,,,,,,,,,,,,,,,,,,,,,,,,,,,,,,,,,,,,,,,,,,,,,,,,,,,,,,,,,,,,,,,,,,,,,,,,,,,,,,,,,,,,,,,,,,,,,,,,,,,,,,,,,,,,,,,,,,,,,,,,,,,,,,,,,,,,,,,,,,,,,,,,,,,,,,,,,,,,,,,,,,,,,,,,,,,,,,,,,,,,,,,,,,,,,,,,,,,,No
,,,,,,,Tools,Industrial,General,,DT202B,"DT202B 2"" #20 Torx Drive Bit",-- Unbranded --,-- No Unilog Brand --,Diablo,Freud Inc (2435),Freud Inc,,,DT202B,DT202B,Tools > Industrial > General,"Freud Inc DT202B 2"" #20 Torx Drive Bit","FREUD INC DT202B 2"" #20 TORX DRIVE BIT","Freud Inc DT202B 2"" #20 Torx Drive Bit","Freud Inc 2"" #20 Torx Drive Bit (MPN: DT202B) in the Tools > Industrial > General category.","Freud Inc 2"" #20 Torx Drive Bit (DT202B) in Industrial.","Freud Inc 2"" #20 Torx Drive Bit (DT202B) in Industrial.",,,,,,,,,,,,,,,,,,,,,,,,,,,,,,,,,,,,,,,,,,,,,,,,,,,,,,,,,,,,,,,,,,,,,,,,,,,,,,,,,,,,,,,,,,,,,,,,,,,,,,,,,,,,,,,,,,,,,,,,,,,,,,,,,,,,,,,,,,,,,,,,,,,,,,,,,,,,,,,,,,,,,,,,,,,,,,,,,,,,,,,,,,,,,,,,,,,,,,,,,,,,,,,,,,,,,,,,,,,,,,,No
,,,,,,,Tools,Industrial,General,,DT2035B,"DT2035B 3-1/2"" #20 Torx Drive - Bit",-- Unbranded --,-- No Unilog Brand --,Diablo,Freud Inc (2435),Freud Inc,,,DT2035B,DT2035B,Tools > Industrial > General,"Freud Inc DT2035B 3-1/2"" #20 Torx Drive - Bit","FREUD INC DT2035B 3-1/2"" #20 TORX DRIVE - BIT","Freud Inc DT2035B 3-1/2"" #20 Torx Drive - Bit","Freud Inc 3-1/2"" #20 Torx Drive - Bit (MPN: DT2035B) in the Tools > Industrial > General category.","Freud Inc 3-1/2"" #20 Torx Drive - Bit (DT2035B) in Industrial.","Freud Inc 3-1/2"" #20 Torx Drive - Bit (DT2035B) in Industrial.",,,,,,,,,,,,,,,,,,,,,,,,,,,,,,,,,,,,,,,,,,,,,,,,,,,,,,,,,,,,,,,,,,,,,,,,,,,,,,,,,,,,,,,,,,,,,,,,,,,,,,,,,,,,,,,,,,,,,,,,,,,,,,,,,,,,,,,,,,,,,,,,,,,,,,,,,,,,,,,,,,,,,,,,,,,,,,,,,,,,,,,,,,,,,,,,,,,,,,,,,,,,,,,,,,,,,,,,,,,,,,,No
,,,,,,,Tools,Industrial,General,,DT206B,"DT206B 6"" #20 Torx Drive Bit",-- Unbranded --,-- No Unilog Brand --,Diablo,Freud Inc (2435),Freud Inc,,,DT206B,DT206B,Tools > Industrial > General,"Freud Inc DT206B 6"" #20 Torx Drive Bit","FREUD INC DT206B 6"" #20 TORX DRIVE BIT","Freud Inc DT206B 6"" #20 Torx Drive Bit","Freud Inc 6"" #20 Torx Drive Bit (MPN: DT206B) in the Tools > Industrial > General category.","Freud Inc 6"" #20 Torx Drive Bit (DT206B) in Industrial.","Freud Inc 6"" #20 Torx Drive Bit (DT206B) in Industrial.",,,,,,,,,,,,,,,,,,,,,,,,,,,,,,,,,,,,,,,,,,,,,,,,,,,,,,,,,,,,,,,,,,,,,,,,,,,,,,,,,,,,,,,,,,,,,,,,,,,,,,,,,,,,,,,,,,,,,,,,,,,,,,,,,,,,,,,,,,,,,,,,,,,,,,,,,,,,,,,,,,,,,,,,,,,,,,,,,,,,,,,,,,,,,,,,,,,,,,,,,,,,,,,,,,,,,,,,,,,,,,,No
,,,,,,,Tools,Industrial,General,,DT252B,"DT252B 2"" #25 Trox Drive Bit",-- Unbranded --,-- No Unilog Brand --,Diablo,Freud Inc (2435),Freud Inc,,,DT252B,DT252B,Tools > Industrial > General,"Freud Inc DT252B 2"" #25 Trox Drive Bit","FREUD INC DT252B 2"" #25 TROX DRIVE BIT","Freud Inc DT252B 2"" #25 Trox Drive Bit","Freud Inc 2"" #25 Trox Drive Bit (MPN: DT252B) in the Tools > Industrial > General category.","Freud Inc 2"" #25 Trox Drive Bit (DT252B) in Industrial.","Freud Inc 2"" #25 Trox Drive Bit (DT252B) in Industrial.",,,,,,,,,,,,,,,,,,,,,,,,,,,,,,,,,,,,,,,,,,,,,,,,,,,,,,,,,,,,,,,,,,,,,,,,,,,,,,,,,,,,,,,,,,,,,,,,,,,,,,,,,,,,,,,,,,,,,,,,,,,,,,,,,,,,,,,,,,,,,,,,,,,,,,,,,,,,,,,,,,,,,,,,,,,,,,,,,,,,,,,,,,,,,,,,,,,,,,,,,,,,,,,,,,,,,,,,,,,,,,,No
,,,,,,,Tools,Industrial,General,,DT2535B,"DT2535B 3-1/4"" #25 Torx Drive - Bit",-- Unbranded --,-- No Unilog Brand --,Diablo,Freud Inc (2435),Freud Inc,,,DT2535B,DT2535B,Tools > Industrial > General,"Freud Inc DT2535B 3-1/4"" #25 Torx Drive - Bit","FREUD INC DT2535B 3-1/4"" #25 TORX DRIVE - BIT","Freud Inc DT2535B 3-1/4"" #25 Torx Drive - Bit","Freud Inc 3-1/4"" #25 Torx Drive - Bit (MPN: DT2535B) in the Tools > Industrial > General category.","Freud Inc 3-1/4"" #25 Torx Drive - Bit (DT2535B) in Industrial.","Freud Inc 3-1/4"" #25 Torx Drive - Bit (DT2535B) in Industrial.",,,,,,,,,,,,,,,,,,,,,,,,,,,,,,,,,,,,,,,,,,,,,,,,,,,,,,,,,,,,,,,,,,,,,,,,,,,,,,,,,,,,,,,,,,,,,,,,,,,,,,,,,,,,,,,,,,,,,,,,,,,,,,,,,,,,,,,,,,,,,,,,,,,,,,,,,,,,,,,,,,,,,,,,,,,,,,,,,,,,,,,,,,,,,,,,,,,,,,,,,,,,,,,,,,,,,,,,,,,,,,,No
,,,,,,,Tools,Industrial,General,,DT256B,"DT256B 6"" #25 Torx Drive Bit",-- Unbranded --,-- No Unilog Brand --,Diablo,Freud Inc (2435),Freud Inc,,,DT256B,DT256B,Tools > Industrial > General,"Freud Inc DT256B 6"" #25 Torx Drive Bit","FREUD INC DT256B 6"" #25 TORX DRIVE BIT","Freud Inc DT256B 6"" #25 Torx Drive Bit","Freud Inc 6"" #25 Torx Drive Bit (MPN: DT256B) in the Tools > Industrial > General category.","Freud Inc 6"" #25 Torx Drive Bit (DT256B) in Industrial.","Freud Inc 6"" #25 Torx Drive Bit (DT256B) in Industrial.",,,,,,,,,,,,,,,,,,,,,,,,,,,,,,,,,,,,,,,,,,,,,,,,,,,,,,,,,,,,,,,,,,,,,,,,,,,,,,,,,,,,,,,,,,,,,,,,,,,,,,,,,,,,,,,,,,,,,,,,,,,,,,,,,,,,,,,,,,,,,,,,,,,,,,,,,,,,,,,,,,,,,,,,,,,,,,,,,,,,,,,,,,,,,,,,,,,,,,,,,,,,,,,,,,,,,,,,,,,,,,,No
,,,,,,,Tools,Industrial,General,,DT302B,"DT302B 2"" #30 Torx Drive Bit",-- Unbranded --,-- No Unilog Brand --,Diablo,Freud Inc (2435),Freud Inc,,,DT302B,DT302B,Tools > Industrial > General,"Freud Inc DT302B 2"" #30 Torx Drive Bit","FREUD INC DT302B 2"" #30 TORX DRIVE BIT","Freud Inc DT302B 2"" #30 Torx Drive Bit","Freud Inc 2"" #30 Torx Drive Bit (MPN: DT302B) in the Tools > Industrial > General category.","Freud Inc 2"" #30 Torx Drive Bit (DT302B) in Industrial.","Freud Inc 2"" #30 Torx Drive Bit (DT302B) in Industrial.",,,,,,,,,,,,,,,,,,,,,,,,,,,,,,,,,,,,,,,,,,,,,,,,,,,,,,,,,,,,,,,,,,,,,,,,,,,,,,,,,,,,,,,,,,,,,,,,,,,,,,,,,,,,,,,,,,,,,,,,,,,,,,,,,,,,,,,,,,,,,,,,,,,,,,,,,,,,,,,,,,,,,,,,,,,,,,,,,,,,,,,,,,,,,,,,,,,,,,,,,,,,,,,,,,,,,,,,,,,,,,,No
,,,,,,,Tools,Industrial,General,,DT402B,"DT402B 2"" #40 Torx Drive Bit",-- Unbranded --,-- No Unilog Brand --,Diablo,Freud Inc (2435),Freud Inc,,,DT402B,DT402B,Tools > Industrial > General,"Freud Inc DT402B 2"" #40 Torx Drive Bit","FREUD INC DT402B 2"" #40 TORX DRIVE BIT","Freud Inc DT402B 2"" #40 Torx Drive Bit","Freud Inc 2"" #40 Torx Drive Bit (MPN: DT402B) in the Tools > Industrial > General category.","Freud Inc 2"" #40 Torx Drive Bit (DT402B) in Industrial.","Freud Inc 2"" #40 Torx Drive Bit (DT402B) in Industrial.",,,,,,,,,,,,,,,,,,,,,,,,,,,,,,,,,,,,,,,,,,,,,,,,,,,,,,,,,,,,,,,,,,,,,,,,,,,,,,,,,,,,,,,,,,,,,,,,,,,,,,,,,,,,,,,,,,,,,,,,,,,,,,,,,,,,,,,,,,,,,,,,,,,,,,,,,,,,,,,,,,,,,,,,,,,,,,,,,,,,,,,,,,,,,,,,,,,,,,,,,,,,,,,,,,,,,,,,,,,,,,,No
,,,,,,,Tools,Industrial,General,,DDWSSB,DDWSSB #2 Drywall Screw Setter,-- Unbranded --,-- No Unilog Brand --,Diablo,Freud Inc (2435),Freud Inc,,,DDWSSB,DDWSSB,Tools > Industrial > General,Freud Inc DDWSSB #2 Drywall Screw Setter,FREUD INC DDWSSB #2 DRYWALL SCREW SETTER,Freud Inc DDWSSB #2 Drywall Screw Setter,Freud Inc #2 Drywall Screw Setter (MPN: DDWSSB) in the Tools > Industrial > General category.,Freud Inc #2 Drywall Screw Setter (DDWSSB) in Industrial.,Freud Inc #2 Drywall Screw Setter (DDWSSB) in Industrial.,,,,,,,,,,,,,,,,,,,,,,,,,,,,,,,,,,,,,,,,,,,,,,,,,,,,,,,,,,,,,,,,,,,,,,,,,,,,,,,,,,,,,,,,,,,,,,,,,,,,,,,,,,,,,,,,,,,,,,,,,,,,,,,,,,,,,,,,,,,,,,,,,,,,,,,,,,,,,,,,,,,,,,,,,,,,,,,,,,,,,,,,,,,,,,,,,,,,,,,,,,,,,,,,,,,,,,,,,,,,,,,No
,,,,,,,Tools,Industrial,General,,191V02-0,191V02-0 Makita #2 Phillips Bit 5pk,-- Unbranded --,-- No Unilog Brand --,-- No DIB Brand --,Makita Usa Inc (5142),Makita Usa Inc,Makita,,191V02-0,191V02-0,Tools > Industrial > General,Makita Usa Inc 191V02-0 Makita #2 Phillips Bit 5pk,MAKITA USA INC 191V02-0 MAKITA #2 PHILLIPS BIT 5PK,Makita Usa Inc 191V02-0 Makita #2 Phillips Bit 5pk,Makita Usa Inc Makita #2 Phillips Bit 5pk (MPN: 191V02-0) in the Tools > Industrial > General category.,Makita Usa Inc Makita #2 Phillips Bit 5pk (191V02-0) in Industrial.,Makita Usa Inc Makita #2 Phillips Bit 5pk (191V02-0) in Industrial.,,,,,,,,,,,,,,,,,,,,,,,,,,,,,,,,,,,,,,,,,,,,,,,,,,,,,,,,,,,,,,,,,,,,,,,,,,,,,,,,,,,,,,,,,,,,,,,,,,,,,,,,,,,,,,,,,,,,,,,,,,,,,,,,,,,,,,,,,,,,,,,,,,,,,,,,,,,,,,,,,,,,,,,,,,,,,,,,,,,,,,,,,,,,,,,,,,,,,,,,,,,,,,,,,,,,,,,,,,,,,,,No
,,,,,,,Tools,Industrial,General,,XTS02Z,"XTS02Z Makita 18V 1/4"" Narrow Crown Stapler 18GA",-- Unbranded --,-- No Unilog Brand --,-- No DIB Brand --,Makita Usa Inc (5142),Makita Usa Inc,Makita,,XTS02Z,XTS02Z,Tools > Industrial > General,"Makita Usa Inc XTS02Z Makita 18V 1/4"" Narrow Crown Stapler 18GA","MAKITA USA INC XTS02Z MAKITA 18V 1/4"" NARROW CROWN STAPLER 1","Makita Usa Inc XTS02Z Makita 18V 1/4"" Narrow Crown Stapler 18GA","Makita Usa Inc Makita 18V 1/4"" Narrow Crown Stapler 18GA (MPN: XTS02Z) in the Tools > Industrial > General category.","Makita Usa Inc Makita 18V 1/4"" Narrow Crown Stapler 18GA (XTS02Z) in Industrial.","Makita Usa Inc Makita 18V 1/4"" Narrow Crown Stapler 18GA (XTS02Z) in Industrial.",,,,,,,,,,,,,,,,,,,,,,,,,,,,,,,,,,,,,,,,,,,,,,,,,,,,,,,,,,,,,,,,,,,,,,,,,,,,,,,,,,,,,,,,,,,,,,,,,,,,,,,,,,,,,,,,,,,,,,,,,,,,,,,,,,,,,,,,,,,,,,,,,,,,,,,,,,,,,,,,,,,,,,,,,,,,,,,,,,,,,,,,,,,,,,,,,,,,,,,,,,,,,,,,,,,,,,,,,,,,,,,No
,,,,,,,Tools,Industrial,General,,DCF809D1,"DCF809D1 Dewalt Atomic 20V 1/4"" Impact Driver Kit",-- Unbranded --,-- No Unilog Brand --,DEWALT,Black & Decker/dewlt (2585),Black & Decker/dewlt,DeWalt,,DCF809D1,DCF809D1,Tools > Industrial > General,"Black & Decker/dewlt DCF809D1 Dewalt Atomic 20V 1/4"" Impact Driver Kit","BLACK & DECKER/DEWLT DCF809D1 DEWALT ATOMIC 20V 1/4"" IMPACT","Black & Decker/dewlt DCF809D1 Dewalt Atomic 20V 1/4"" Impact Driver Kit","Black & Decker/dewlt Dewalt Atomic 20V 1/4"" Impact Driver Kit (MPN: DCF809D1) in the Tools > Industrial > General category.","Black & Decker/dewlt Dewalt Atomic 20V 1/4"" Impact Driver Kit (DCF809D1) in Industrial.","Black & Decker/dewlt Dewalt Atomic 20V 1/4"" Impact Driver Kit (DCF809D1) in Industrial.",,,,,,,,,,,,,,,,,,,,,,,,,,,,,,,,,,,,,,,,,,,,,,,,,,,,,,,,,,,,,,,,,,,,,,,,,,,,,,,,,,,,,,,,,,,,,,,,,,,,,,,,,,,,,,,,,,,,,,,,,,,,,,,,,,,,,,,,,,,,,,,,,,,,,,,,,,,,,,,,,,,,,,,,,,,,,,,,,,,,,,,,,,,,,,,,,,,,,,,,,,,,,,,,,,,,,,,,,,,,,,,No
,,,,,,,Tools,Industrial,General,,2761-20,"2761-20 Milw M18 1/4"" Hex Hydraulic Driver",-- Unbranded --,-- No Unilog Brand --,-- No DIB Brand --,Milwaukee Accessory (4031),Milwaukee Accessory,Milwaukee,,2761-20,2761-20,Tools > Industrial > General,"Milwaukee Accessory 2761-20 Milw M18 1/4"" Hex Hydraulic Driver","MILWAUKEE ACCESSORY 2761-20 MILW M18 1/4"" HEX HYDRAULIC DRIV","Milwaukee Accessory 2761-20 Milw M18 1/4"" Hex Hydraulic Driver","Milwaukee Accessory Milw M18 1/4"" Hex Hydraulic Driver (MPN: 2761-20) in the Tools > Industrial > General category.","Milwaukee Accessory Milw M18 1/4"" Hex Hydraulic Driver (2761-20) in Industrial.","Milwaukee Accessory Milw M18 1/4"" Hex Hydraulic Driver (2761-20) in Industrial.",,,,,,,,,,,,,,,,,,,,,,,,,,,,,,,,,,,,,,,,,,,,,,,,,,,,,,,,,,,,,,,,,,,,,,,,,,,,,,,,,,,,,,,,,,,,,,,,,,,,,,,,,,,,,,,,,,,,,,,,,,,,,,,,,,,,,,,,,,,,,,,,,,,,,,,,,,,,,,,,,,,,,,,,,,,,,,,,,,,,,,,,,,,,,,,,,,,,,,,,,,,,,,,,,,,,,,,,,,,,,,,No
,,,,,,,Tools,Industrial,General,,2761-22,2761-22 Milw M18 Surge Kit,-- Unbranded --,-- No Unilog Brand --,-- No DIB Brand --,Milwaukee Accessory (4031),Milwaukee Accessory,Milwaukee,,2761-22,2761-22,Tools > Industrial > General,Milwaukee Accessory 2761-22 Milw M18 Surge Kit,MILWAUKEE ACCESSORY 2761-22 MILW M18 SURGE KIT,Milwaukee Accessory 2761-22 Milw M18 Surge Kit,Milwaukee Accessory Milw M18 Surge Kit (MPN: 2761-22) in the Tools > Industrial > General category.,Milwaukee Accessory Milw M18 Surge Kit (2761-22) in Industrial.,Milwaukee Accessory Milw M18 Surge Kit (2761-22) in Industrial.,,,,,,,,,,,,,,,,,,,,,,,,,,,,,,,,,,,,,,,,,,,,,,,,,,,,,,,,,,,,,,,,,,,,,,,,,,,,,,,,,,,,,,,,,,,,,,,,,,,,,,,,,,,,,,,,,,,,,,,,,,,,,,,,,,,,,,,,,,,,,,,,,,,,,,,,,,,,,,,,,,,,,,,,,,,,,,,,,,,,,,,,,,,,,,,,,,,,,,,,,,,,,,,,,,,,,,,,,,,,,,,No
,,,,,,,Tools,Industrial,General,,3450-20,3450-20 Milw M12 Impact Driver - Brushless Compact (Bare),-- Unbranded --,-- No Unilog Brand --,-- No DIB Brand --,Milwaukee Accessory (4031),Milwaukee Accessory,Milwaukee,,3450-20,3450-20,Tools > Industrial > General,Milwaukee Accessory 3450-20 Milw M12 Impact Driver - Brushless Compact (Bare),MILWAUKEE ACCESSORY 3450-20 MILW M12 IMPACT DRIVER - BRUSHLE,Milwaukee Accessory 3450-20 Milw M12 Impact Driver - Brushless Compact (Bare),Milwaukee Accessory Milw M12 Impact Driver - Brushless Compact (Bare) (MPN: 3450-20) in the Tools > Industrial > General category.,Milwaukee Accessory Milw M12 Impact Driver - Brushless Compact (Bare) (3450-20) in Industrial.,Milwaukee Accessory Milw M12 Impact Driver - Brushless Compact (Bare) (3450-20) in Industrial.,,,,,,,,,,,,,,,,,,,,,,,,,,,,,,,,,,,,,,,,,,,,,,,,,,,,,,,,,,,,,,,,,,,,,,,,,,,,,,,,,,,,,,,,,,,,,,,,,,,,,,,,,,,,,,,,,,,,,,,,,,,,,,,,,,,,,,,,,,,,,,,,,,,,,,,,,,,,,,,,,,,,,,,,,,,,,,,,,,,,,,,,,,,,,,,,,,,,,,,,,,,,,,,,,,,,,,,,,,,,,,,No
,,,,,,,Tools,Industrial,General,,KPTDV025A,KPTDV025A Kreg 20V Ionic Compact Impact Driver,-- Unbranded --,-- No Unilog Brand --,-- No DIB Brand --,Kreg Tool Company (KRETO),Kreg Tool Company (KRETO),,,KPTDV025A,KPTDV025A,Tools > Industrial > General,Kreg Tool Company KPTDV025A Kreg 20V Ionic Compact Impact Driver,KREG TOOL COMPANY KPTDV025A KREG 20V IONIC COMPACT IMPACT DR,Kreg Tool Company KPTDV025A Kreg 20V Ionic Compact Impact Driver,Kreg Tool Company Kreg 20V Ionic Compact Impact Driver (MPN: KPTDV025A) in the Tools > Industrial > General category.,Kreg Tool Company Kreg 20V Ionic Compact Impact Driver (KPTDV025A) in Industrial.,Kreg Tool Company Kreg 20V Ionic Compact Impact Driver (KPTDV025A) in Industrial.,,,,,,,,,,,,,,,,,,,,,,,,,,,,,,,,,,,,,,,,,,,,,,,,,,,,,,,,,,,,,,,,,,,,,,,,,,,,,,,,,,,,,,,,,,,,,,,,,,,,,,,,,,,,,,,,,,,,,,,,,,,,,,,,,,,,,,,,,,,,,,,,,,,,,,,,,,,,,,,,,,,,,,,,,,,,,,,,,,,,,,,,,,,,,,,,,,,,,,,,,,,,,,,,,,,,,,,,,,,,,,,No
,,,,,,,Tools,Industrial,General,,3048-20,"3048-20 Milw M12 1/4"" Impact Wrench w/Friction Ring",-- Unbranded --,-- No Unilog Brand --,-- No DIB Brand --,Milwaukee Accessory (4031),Milwaukee Accessory,Milwaukee,,3048-20,3048-20,Tools > Industrial > General,"Milwaukee Accessory 3048-20 Milw M12 1/4"" Impact Wrench w/Friction Ring","MILWAUKEE ACCESSORY 3048-20 MILW M12 1/4"" IMPACT WRENCH W/FR","Milwaukee Accessory 3048-20 Milw M12 1/4"" Impact Wrench w/Friction Ring","Milwaukee Accessory Milw M12 1/4"" Impact Wrench w/Friction Ring (MPN: 3048-20) in the Tools > Industrial > General category.","Milwaukee Accessory Milw M12 1/4"" Impact Wrench w/Friction Ring (3048-20) in Industrial.","Milwaukee Accessory Milw M12 1/4"" Impact Wrench w/Friction Ring (3048-20) in Industrial.",,,,,,,,,,,,,,,,,,,,,,,,,,,,,,,,,,,,,,,,,,,,,,,,,,,,,,,,,,,,,,,,,,,,,,,,,,,,,,,,,,,,,,,,,,,,,,,,,,,,,,,,,,,,,,,,,,,,,,,,,,,,,,,,,,,,,,,,,,,,,,,,,,,,,,,,,,,,,,,,,,,,,,,,,,,,,,,,,,,,,,,,,,,,,,,,,,,,,,,,,,,,,,,,,,,,,,,,,,,,,,,No
,,,,,,,Tools,Industrial,General,,3049-20,"3049-20 Milw M12 3/8"" Impact Wrench w/Friction Ring",-- Unbranded --,-- No Unilog Brand --,-- No DIB Brand --,Milwaukee Accessory (4031),Milwaukee Accessory,Milwaukee,,3049-20,3049-20,Tools > Industrial > General,"Milwaukee Accessory 3049-20 Milw M12 3/8"" Impact Wrench w/Friction Ring","MILWAUKEE ACCESSORY 3049-20 MILW M12 3/8"" IMPACT WRENCH W/FR","Milwaukee Accessory 3049-20 Milw M12 3/8"" Impact Wrench w/Friction Ring","Milwaukee Accessory Milw M12 3/8"" Impact Wrench w/Friction Ring (MPN: 3049-20) in the Tools > Industrial > General category.","Milwaukee Accessory Milw M12 3/8"" Impact Wrench w/Friction Ring (3049-20) in Industrial.","Milwaukee Accessory Milw M12 3/8"" Impact Wrench w/Friction Ring (3049-20) in Industrial.",,,,,,,,,,,,,,,,,,,,,,,,,,,,,,,,,,,,,,,,,,,,,,,,,,,,,,,,,,,,,,,,,,,,,,,,,,,,,,,,,,,,,,,,,,,,,,,,,,,,,,,,,,,,,,,,,,,,,,,,,,,,,,,,,,,,,,,,,,,,,,,,,,,,,,,,,,,,,,,,,,,,,,,,,,,,,,,,,,,,,,,,,,,,,,,,,,,,,,,,,,,,,,,,,,,,,,,,,,,,,,,No
,,,,,,,Tools,Industrial,General,,2563-20,"2563-20 Milw M12 Stubby 1/2"" Impact Wrench",-- Unbranded --,-- No Unilog Brand --,-- No DIB Brand --,Milwaukee Accessory (4031),Milwaukee Accessory,Milwaukee,,2563-20,2563-20,Tools > Industrial > General,"Milwaukee Accessory 2563-20 Milw M12 Stubby 1/2"" Impact Wrench","MILWAUKEE ACCESSORY 2563-20 MILW M12 STUBBY 1/2"" IMPACT WREN","Milwaukee Accessory 2563-20 Milw M12 Stubby 1/2"" Impact Wrench","Milwaukee Accessory Milw M12 Stubby 1/2"" Impact Wrench (MPN: 2563-20) in the Tools > Industrial > General category.","Milwaukee Accessory Milw M12 Stubby 1/2"" Impact Wrench (2563-20) in Industrial.","Milwaukee Accessory Milw M12 Stubby 1/2"" Impact Wrench (2563-20) in Industrial.",,,,,,,,,,,,,,,,,,,,,,,,,,,,,,,,,,,,,,,,,,,,,,,,,,,,,,,,,,,,,,,,,,,,,,,,,,,,,,,,,,,,,,,,,,,,,,,,,,,,,,,,,,,,,,,,,,,,,,,,,,,,,,,,,,,,,,,,,,,,,,,,,,,,,,,,,,,,,,,,,,,,,,,,,,,,,,,,,,,,,,,,,,,,,,,,,,,,,,,,,,,,,,,,,,,,,,,,,,,,,,,No
,,,,,,,Tools,Industrial,General,,DCF961B,"Dewalt DCF961B 20V 1/2"" Impact - Bare Tool",-- Unbranded --,-- No Unilog Brand --,DEWALT,Black & Decker/dewlt (2585),Black & Decker/dewlt,DeWalt,,DCF961B,DCF961B,Tools > Industrial > General,"Black & Decker/dewlt DCF961B Dewalt DCF961B 20V 1/2"" Impact - Bare Tool","BLACK & DECKER/DEWLT DCF961B DEWALT DCF961B 20V 1/2"" IMPACT","Black & Decker/dewlt DCF961B Dewalt DCF961B 20V 1/2"" Impact - Bare Tool","Black & Decker/dewlt Dewalt DCF961B 20V 1/2"" Impact - Bare Tool (MPN: DCF961B) in the Tools > Industrial > General category.","Black & Decker/dewlt Dewalt DCF961B 20V 1/2"" Impact - Bare Tool (DCF961B) in Industrial.","Black & Decker/dewlt Dewalt DCF961B 20V 1/2"" Impact - Bare Tool (DCF961B) in Industrial.",,,,,,,,,,,,,,,,,,,,,,,,,,,,,,,,,,,,,,,,,,,,,,,,,,,,,,,,,,,,,,,,,,,,,,,,,,,,,,,,,,,,,,,,,,,,,,,,,,,,,,,,,,,,,,,,,,,,,,,,,,,,,,,,,,,,,,,,,,,,,,,,,,,,,,,,,,,,,,,,,,,,,,,,,,,,,,,,,,,,,,,,,,,,,,,,,,,,,,,,,,,,,,,,,,,,,,,,,,,,,,,No
,,,,,,,Tools,Industrial,General,,DCF964B,"DCF964B Dewalt 20V 3/4"" Impact - Wrench (Bare)",-- Unbranded --,-- No Unilog Brand --,DEWALT,Black & Decker/dewlt (2585),Black & Decker/dewlt,DeWalt,,DCF964B,DCF964B,Tools > Industrial > General,"Black & Decker/dewlt DCF964B Dewalt 20V 3/4"" Impact - Wrench (Bare)","BLACK & DECKER/DEWLT DCF964B DEWALT 20V 3/4"" IMPACT - WRENCH","Black & Decker/dewlt DCF964B Dewalt 20V 3/4"" Impact - Wrench (Bare)","Black & Decker/dewlt Dewalt 20V 3/4"" Impact - Wrench (Bare) (MPN: DCF964B) in the Tools > Industrial > General category.","Black & Decker/dewlt Dewalt 20V 3/4"" Impact - Wrench (Bare) (DCF964B) in Industrial.","Black & Decker/dewlt Dewalt 20V 3/4"" Impact - Wrench (Bare) (DCF964B) in Industrial.",,,,,,,,,,,,,,,,,,,,,,,,,,,,,,,,,,,,,,,,,,,,,,,,,,,,,,,,,,,,,,,,,,,,,,,,,,,,,,,,,,,,,,,,,,,,,,,,,,,,,,,,,,,,,,,,,,,,,,,,,,,,,,,,,,,,,,,,,,,,,,,,,,,,,,,,,,,,,,,,,,,,,,,,,,,,,,,,,,,,,,,,,,,,,,,,,,,,,,,,,,,,,,,,,,,,,,,,,,,,,,,No
,,,,,,,Tools,Industrial,General,,2563P-20,"2563P-20 Milw M12 1/2"" Stubby - Impact Wrench w/Pin Detent",-- Unbranded --,-- No Unilog Brand --,-- No DIB Brand --,Milwaukee Accessory (4031),Milwaukee Accessory,Milwaukee,,2563P-20,2563P-20,Tools > Industrial > General,"Milwaukee Accessory 2563P-20 Milw M12 1/2"" Stubby - Impact Wrench w/Pin Detent","MILWAUKEE ACCESSORY 2563P-20 MILW M12 1/2"" STUBBY - IMPACT W","Milwaukee Accessory 2563P-20 Milw M12 1/2"" Stubby - Impact Wrench w/Pin Detent","Milwaukee Accessory Milw M12 1/2"" Stubby - Impact Wrench w/Pin Detent (MPN: 2563P-20) in the Tools > Industrial > General category.","Milwaukee Accessory Milw M12 1/2"" Stubby - Impact Wrench w/Pin Detent (2563P-20) in Industrial.","Milwaukee Accessory Milw M12 1/2"" Stubby - Impact Wrench w/Pin Detent (2563P-20) in Industrial.",,,,,,,,,,,,,,,,,,,,,,,,,,,,,,,,,,,,,,,,,,,,,,,,,,,,,,,,,,,,,,,,,,,,,,,,,,,,,,,,,,,,,,,,,,,,,,,,,,,,,,,,,,,,,,,,,,,,,,,,,,,,,,,,,,,,,,,,,,,,,,,,,,,,,,,,,,,,,,,,,,,,,,,,,,,,,,,,,,,,,,,,,,,,,,,,,,,,,,,,,,,,,,,,,,,,,,,,,,,,,,,No
,,,,,,,Tools,Industrial,General,,DCF921P2,DCF921P2 Dewalt 20V 1/2 Impact,-- Unbranded --,-- No Unilog Brand --,-- No DIB Brand --,Black & Decker/dewlt (2585),Black & Decker/dewlt,DeWalt,,DCF921P2,DCF921P2,Tools > Industrial > General,Black & Decker/dewlt DCF921P2 Dewalt 20V 1/2 Impact,BLACK & DECKER/DEWLT DCF921P2 DEWALT 20V 1/2 IMPACT,Black & Decker/dewlt DCF921P2 Dewalt 20V 1/2 Impact,Black & Decker/dewlt Dewalt 20V 1/2 Impact (MPN: DCF921P2) in the Tools > Industrial > General category.,Black & Decker/dewlt Dewalt 20V 1/2 Impact (DCF921P2) in Industrial.,Black & Decker/dewlt Dewalt 20V 1/2 Impact (DCF921P2) in Industrial.,,,,,,,,,,,,,,,,,,,,,,,,,,,,,,,,,,,,,,,,,,,,,,,,,,,,,,,,,,,,,,,,,,,,,,,,,,,,,,,,,,,,,,,,,,,,,,,,,,,,,,,,,,,,,,,,,,,,,,,,,,,,,,,,,,,,,,,,,,,,,,,,,,,,,,,,,,,,,,,,,,,,,,,,,,,,,,,,,,,,,,,,,,,,,,,,,,,,,,,,,,,,,,,,,,,,,,,,,,,,,,,No
,,,,,,,Tools,Industrial,General,,XLT03Z,"XLT03Z Makita 3/8"" 18V Angle Impact",-- Unbranded --,-- No Unilog Brand --,-- No DIB Brand --,Makita Usa Inc (5142),Makita Usa Inc,Makita,,XLT03Z,XLT03Z,Tools > Industrial > General,"Makita Usa Inc XLT03Z Makita 3/8"" 18V Angle Impact","MAKITA USA INC XLT03Z MAKITA 3/8"" 18V ANGLE IMPACT","Makita Usa Inc XLT03Z Makita 3/8"" 18V Angle Impact","Makita Usa Inc Makita 3/8"" 18V Angle Impact (MPN: XLT03Z) in the Tools > Industrial > General category.","Makita Usa Inc Makita 3/8"" 18V Angle Impact (XLT03Z) in Industrial.","Makita Usa Inc Makita 3/8"" 18V Angle Impact (XLT03Z) in Industrial.",,,,,,,,,,,,,,,,,,,,,,,,,,,,,,,,,,,,,,,,,,,,,,,,,,,,,,,,,,,,,,,,,,,,,,,,,,,,,,,,,,,,,,,,,,,,,,,,,,,,,,,,,,,,,,,,,,,,,,,,,,,,,,,,,,,,,,,,,,,,,,,,,,,,,,,,,,,,,,,,,,,,,,,,,,,,,,,,,,,,,,,,,,,,,,,,,,,,,,,,,,,,,,,,,,,,,,,,,,,,,,,No
,,,,,,,Tools,Industrial,General,,XLT04Z,"XLT04Z Makita 1/4"" 18V Angle Impact",-- Unbranded --,-- No Unilog Brand --,-- No DIB Brand --,Makita Usa Inc (5142),Makita Usa Inc,Makita,,XLT04Z,XLT04Z,Tools > Industrial > General,"Makita Usa Inc XLT04Z Makita 1/4"" 18V Angle Impact","MAKITA USA INC XLT04Z MAKITA 1/4"" 18V ANGLE IMPACT","Makita Usa Inc XLT04Z Makita 1/4"" 18V Angle Impact","Makita Usa Inc Makita 1/4"" 18V Angle Impact (MPN: XLT04Z) in the Tools > Industrial > General category.","Makita Usa Inc Makita 1/4"" 18V Angle Impact (XLT04Z) in Industrial.","Makita Usa Inc Makita 1/4"" 18V Angle Impact (XLT04Z) in Industrial.",,,,,,,,,,,,,,,,,,,,,,,,,,,,,,,,,,,,,,,,,,,,,,,,,,,,,,,,,,,,,,,,,,,,,,,,,,,,,,,,,,,,,,,,,,,,,,,,,,,,,,,,,,,,,,,,,,,,,,,,,,,,,,,,,,,,,,,,,,,,,,,,,,,,,,,,,,,,,,,,,,,,,,,,,,,,,,,,,,,,,,,,,,,,,,,,,,,,,,,,,,,,,,,,,,,,,,,,,,,,,,,No
,,,,,,,Tools,Industrial,General,,XLT05Z,"XLT05Z Makita 1/2"" 18V Angle Impact",-- Unbranded --,-- No Unilog Brand --,-- No DIB Brand --,Makita Usa Inc (5142),Makita Usa Inc,Makita,,XLT05Z,XLT05Z,Tools > Industrial > General,"Makita Usa Inc XLT05Z Makita 1/2"" 18V Angle Impact","MAKITA USA INC XLT05Z MAKITA 1/2"" 18V ANGLE IMPACT","Makita Usa Inc XLT05Z Makita 1/2"" 18V Angle Impact","Makita Usa Inc Makita 1/2"" 18V Angle Impact (MPN: XLT05Z) in the Tools > Industrial > General category.","Makita Usa Inc Makita 1/2"" 18V Angle Impact (XLT05Z) in Industrial.","Makita Usa Inc Makita 1/2"" 18V Angle Impact (XLT05Z) in Industrial.",,,,,,,,,,,,,,,,,,,,,,,,,,,,,,,,,,,,,,,,,,,,,,,,,,,,,,,,,,,,,,,,,,,,,,,,,,,,,,,,,,,,,,,,,,,,,,,,,,,,,,,,,,,,,,,,,,,,,,,,,,,,,,,,,,,,,,,,,,,,,,,,,,,,,,,,,,,,,,,,,,,,,,,,,,,,,,,,,,,,,,,,,,,,,,,,,,,,,,,,,,,,,,,,,,,,,,,,,,,,,,,No
,,,,,,,Tools,Industrial,General,,DCF510B,Dewalt DCF510B 20V Rachet - Interchangeable Anvil,-- Unbranded --,-- No Unilog Brand --,DEWALT,Black & Decker/dewlt (2585),Black & Decker/dewlt,DeWalt,,DCF510B,DCF510B,Tools > Industrial > General,Black & Decker/dewlt DCF510B Dewalt DCF510B 20V Rachet - Interchangeable Anvil,BLACK & DECKER/DEWLT DCF510B DEWALT DCF510B 20V RACHET - INT,Black & Decker/dewlt DCF510B Dewalt DCF510B 20V Rachet - Interchangeable Anvil,Black & Decker/dewlt Dewalt DCF510B 20V Rachet - Interchangeable Anvil (MPN: DCF510B) in the Tools > Industrial > General category.,Black & Decker/dewlt Dewalt DCF510B 20V Rachet - Interchangeable Anvil (DCF510B) in Industrial.,Black & Decker/dewlt Dewalt DCF510B 20V Rachet - Interchangeable Anvil (DCF510B) in Industrial.,,,,,,,,,,,,,,,,,,,,,,,,,,,,,,,,,,,,,,,,,,,,,,,,,,,,,,,,,,,,,,,,,,,,,,,,,,,,,,,,,,,,,,,,,,,,,,,,,,,,,,,,,,,,,,,,,,,,,,,,,,,,,,,,,,,,,,,,,,,,,,,,,,,,,,,,,,,,,,,,,,,,,,,,,,,,,,,,,,,,,,,,,,,,,,,,,,,,,,,,,,,,,,,,,,,,,,,,,,,,,,,No
,,,,,,,Tools,Industrial,General,,3052-20,"3052-20 Milw M12 Fuel 1/4"" Rachet",-- Unbranded --,-- No Unilog Brand --,-- No DIB Brand --,Milwaukee Accessory (4031),Milwaukee Accessory,Milwaukee,,3052-20,3052-20,Tools > Industrial > General,"Milwaukee Accessory 3052-20 Milw M12 Fuel 1/4"" Rachet","MILWAUKEE ACCESSORY 3052-20 MILW M12 FUEL 1/4"" RACHET","Milwaukee Accessory 3052-20 Milw M12 Fuel 1/4"" Rachet","Milwaukee Accessory Milw M12 Fuel 1/4"" Rachet (MPN: 3052-20) in the Tools > Industrial > General category.","Milwaukee Accessory Milw M12 Fuel 1/4"" Rachet (3052-20) in Industrial.","Milwaukee Accessory Milw M12 Fuel 1/4"" Rachet (3052-20) in Industrial.",,,,,,,,,,,,,,,,,,,,,,,,,,,,,,,,,,,,,,,,,,,,,,,,,,,,,,,,,,,,,,,,,,,,,,,,,,,,,,,,,,,,,,,,,,,,,,,,,,,,,,,,,,,,,,,,,,,,,,,,,,,,,,,,,,,,,,,,,,,,,,,,,,,,,,,,,,,,,,,,,,,,,,,,,,,,,,,,,,,,,,,,,,,,,,,,,,,,,,,,,,,,,,,,,,,,,,,,,,,,,,,No
,,,,,,,Tools,Industrial,General,,3054-20,"3054-20 Milw M12 1/2"" Ratchet (Bare)",-- Unbranded --,-- No Unilog Brand --,-- No DIB Brand --,Milwaukee Accessory (4031),Milwaukee Accessory,Milwaukee,,3054-20,3054-20,Tools > Industrial > General,"Milwaukee Accessory 3054-20 Milw M12 1/2"" Ratchet (Bare)","MILWAUKEE ACCESSORY 3054-20 MILW M12 1/2"" RATCHET (BARE)","Milwaukee Accessory 3054-20 Milw M12 1/2"" Ratchet (Bare)","Milwaukee Accessory Milw M12 1/2"" Ratchet (Bare) (MPN: 3054-20) in the Tools > Industrial > General category.","Milwaukee Accessory Milw M12 1/2"" Ratchet (Bare) (3054-20) in Industrial.","Milwaukee Accessory Milw M12 1/2"" Ratchet (Bare) (3054-20) in Industrial.",,,,,,,,,,,,,,,,,,,,,,,,,,,,,,,,,,,,,,,,,,,,,,,,,,,,,,,,,,,,,,,,,,,,,,,,,,,,,,,,,,,,,,,,,,,,,,,,,,,,,,,,,,,,,,,,,,,,,,,,,,,,,,,,,,,,,,,,,,,,,,,,,,,,,,,,,,,,,,,,,,,,,,,,,,,,,,,,,,,,,,,,,,,,,,,,,,,,,,,,,,,,,,,,,,,,,,,,,,,,,,,No
,,,,,,,Tools,Industrial,General,,DCF513EB,"DCF513EB Dewalt 3/8"" Open Head Rachet",-- Unbranded --,-- No Unilog Brand --,-- No DIB Brand --,Black & Decker/dewlt (2585),Black & Decker/dewlt,DeWalt,,DCF513EB,DCF513EB,Tools > Industrial > General,"Black & Decker/dewlt DCF513EB Dewalt 3/8"" Open Head Rachet","BLACK & DECKER/DEWLT DCF513EB DEWALT 3/8"" OPEN HEAD RACHET","Black & Decker/dewlt DCF513EB Dewalt 3/8"" Open Head Rachet","Black & Decker/dewlt Dewalt 3/8"" Open Head Rachet (MPN: DCF513EB) in the Tools > Industrial > General category.","Black & Decker/dewlt Dewalt 3/8"" Open Head Rachet (DCF513EB) in Industrial.","Black & Decker/dewlt Dewalt 3/8"" Open Head Rachet (DCF513EB) in Industrial.",,,,,,,,,,,,,,,,,,,,,,,,,,,,,,,,,,,,,,,,,,,,,,,,,,,,,,,,,,,,,,,,,,,,,,,,,,,,,,,,,,,,,,,,,,,,,,,,,,,,,,,,,,,,,,,,,,,,,,,,,,,,,,,,,,,,,,,,,,,,,,,,,,,,,,,,,,,,,,,,,,,,,,,,,,,,,,,,,,,,,,,,,,,,,,,,,,,,,,,,,,,,,,,,,,,,,,,,,,,,,,,No
,,,,,,,Tools,Industrial,General,,XVP01Z,"XVP01Z Makita 18V 3"" Polisher/ 2"" Sander",-- Unbranded --,-- No Unilog Brand --,-- No DIB Brand --,Makita Usa Inc (5142),Makita Usa Inc,Makita,,XVP01Z,XVP01Z,Tools > Industrial > General,"Makita Usa Inc XVP01Z Makita 18V 3"" Polisher/ 2"" Sander","MAKITA USA INC XVP01Z MAKITA 18V 3"" POLISHER/ 2"" SANDER","Makita Usa Inc XVP01Z Makita 18V 3"" Polisher/ 2"" Sander","Makita Usa Inc Makita 18V 3"" Polisher/ 2"" Sander (MPN: XVP01Z) in the Tools > Industrial > General category.","Makita Usa Inc Makita 18V 3"" Polisher/ 2"" Sander (XVP01Z) in Industrial.","Makita Usa Inc Makita 18V 3"" Polisher/ 2"" Sander (XVP01Z) in Industrial.",,,,,,,,,,,,,,,,,,,,,,,,,,,,,,,,,,,,,,,,,,,,,,,,,,,,,,,,,,,,,,,,,,,,,,,,,,,,,,,,,,,,,,,,,,,,,,,,,,,,,,,,,,,,,,,,,,,,,,,,,,,,,,,,,,,,,,,,,,,,,,,,,,,,,,,,,,,,,,,,,,,,,,,,,,,,,,,,,,,,,,,,,,,,,,,,,,,,,,,,,,,,,,,,,,,,,,,,,,,,,,,No
,,,,,,,Tools,Industrial,General,,DCM200B,DCM200B Dewalt 1/2in x 18in - Band File,-- Unbranded --,-- No Unilog Brand --,DEWALT,Black & Decker/dewlt (2585),Black & Decker/dewlt,DeWalt,,DCM200B,DCM200B,Tools > Industrial > General,Black & Decker/dewlt DCM200B Dewalt 1/2in x 18in - Band File,BLACK & DECKER/DEWLT DCM200B DEWALT 1/2IN X 18IN - BAND FILE,Black & Decker/dewlt DCM200B Dewalt 1/2in x 18in - Band File,Black & Decker/dewlt Dewalt 1/2in x 18in - Band File (MPN: DCM200B) in the Tools > Industrial > General category.,Black & Decker/dewlt Dewalt 1/2in x 18in - Band File (DCM200B) in Industrial.,Black & Decker/dewlt Dewalt 1/2in x 18in - Band File (DCM200B) in Industrial.,,,,,,,,,,,,,,,,,,,,,,,,,,,,,,,,,,,,,,,,,,,,,,,,,,,,,,,,,,,,,,,,,,,,,,,,,,,,,,,,,,,,,,,,,,,,,,,,,,,,,,,,,,,,,,,,,,,,,,,,,,,,,,,,,,,,,,,,,,,,,,,,,,,,,,,,,,,,,,,,,,,,,,,,,,,,,,,,,,,,,,,,,,,,,,,,,,,,,,,,,,,,,,,,,,,,,,,,,,,,,,,No
,,,,,,,Tools,Industrial,General,,DCG410B,"DCG410B Dewalt 20V 4-1/2""-5"" - Angle Grinder (Bare)",-- Unbranded --,-- No Unilog Brand --,DEWALT,Black & Decker/dewlt (2585),Black & Decker/dewlt,DeWalt,,DCG410B,DCG410B,Tools > Industrial > General,"Black & Decker/dewlt DCG410B Dewalt 20V 4-1/2""-5"" - Angle Grinder (Bare)","BLACK & DECKER/DEWLT DCG410B DEWALT 20V 4-1/2""-5"" - ANGLE GR","Black & Decker/dewlt DCG410B Dewalt 20V 4-1/2""-5"" - Angle Grinder (Bare)","Black & Decker/dewlt Dewalt 20V 4-1/2""-5"" - Angle Grinder (Bare) (MPN: DCG410B) in the Tools > Industrial > General category.","Black & Decker/dewlt Dewalt 20V 4-1/2""-5"" - Angle Grinder (Bare) (DCG410B) in Industrial.","Black & Decker/dewlt Dewalt 20V 4-1/2""-5"" - Angle Grinder (Bare) (DCG410B) in Industrial.",,,,,,,,,,,,,,,,,,,,,,,,,,,,,,,,,,,,,,,,,,,,,,,,,,,,,,,,,,,,,,,,,,,,,,,,,,,,,,,,,,,,,,,,,,,,,,,,,,,,,,,,,,,,,,,,,,,,,,,,,,,,,,,,,,,,,,,,,,,,,,,,,,,,,,,,,,,,,,,,,,,,,,,,,,,,,,,,,,,,,,,,,,,,,,,,,,,,,,,,,,,,,,,,,,,,,,,,,,,,,,,No
,,,,,,,Tools,Industrial,General,,DCG460B,"DCG460B Dewalt 60V Grinder - 7-9""",-- Unbranded --,-- No Unilog Brand --,DEWALT,Black & Decker/dewlt (2585),Black & Decker/dewlt,DeWalt,,DCG460B,DCG460B,Tools > Industrial > General,"Black & Decker/dewlt DCG460B Dewalt 60V Grinder - 7-9""","BLACK & DECKER/DEWLT DCG460B DEWALT 60V GRINDER - 7-9""","Black & Decker/dewlt DCG460B Dewalt 60V Grinder - 7-9""","Black & Decker/dewlt Dewalt 60V Grinder - 7-9"" (MPN: DCG460B) in the Tools > Industrial > General category.","Black & Decker/dewlt Dewalt 60V Grinder - 7-9"" (DCG460B) in Industrial.","Black & Decker/dewlt Dewalt 60V Grinder - 7-9"" (DCG460B) in Industrial.",,,,,,,,,,,,,,,,,,,,,,,,,,,,,,,,,,,,,,,,,,,,,,,,,,,,,,,,,,,,,,,,,,,,,,,,,,,,,,,,,,,,,,,,,,,,,,,,,,,,,,,,,,,,,,,,,,,,,,,,,,,,,,,,,,,,,,,,,,,,,,,,,,,,,,,,,,,,,,,,,,,,,,,,,,,,,,,,,,,,,,,,,,,,,,,,,,,,,,,,,,,,,,,,,,,,,,,,,,,,,,,No
,,,,,,,Tools,Industrial,General,,DCG402B,"DCG402B Dewalt 20V 4.5"" Angle Grinder (Bare)",-- Unbranded --,-- No Unilog Brand --,-- No DIB Brand --,Black & Decker/dewlt (2585),Black & Decker/dewlt,DeWalt,,DCG402B,DCG402B,Tools > Industrial > General,"Black & Decker/dewlt DCG402B Dewalt 20V 4.5"" Angle Grinder (Bare)","BLACK & DECKER/DEWLT DCG402B DEWALT 20V 4.5"" ANGLE GRINDER (","Black & Decker/dewlt DCG402B Dewalt 20V 4.5"" Angle Grinder (Bare)","Black & Decker/dewlt Dewalt 20V 4.5"" Angle Grinder (Bare) (MPN: DCG402B) in the Tools > Industrial > General category.","Black & Decker/dewlt Dewalt 20V 4.5"" Angle Grinder (Bare) (DCG402B) in Industrial.","Black & Decker/dewlt Dewalt 20V 4.5"" Angle Grinder (Bare) (DCG402B) in Industrial.",,,,,,,,,,,,,,,,,,,,,,,,,,,,,,,,,,,,,,,,,,,,,,,,,,,,,,,,,,,,,,,,,,,,,,,,,,,,,,,,,,,,,,,,,,,,,,,,,,,,,,,,,,,,,,,,,,,,,,,,,,,,,,,,,,,,,,,,,,,,,,,,,,,,,,,,,,,,,,,,,,,,,,,,,,,,,,,,,,,,,,,,,,,,,,,,,,,,,,,,,,,,,,,,,,,,,,,,,,,,,,,No
,,,,,,,Tools,Industrial,General,,3485-20,"3485-20 Milw M12 1/4"" Right Angle Die Grinder",-- Unbranded --,-- No Unilog Brand --,-- No DIB Brand --,Milwaukee Accessory (4031),Milwaukee Accessory,Milwaukee,,3485-20,3485-20,Tools > Industrial > General,"Milwaukee Accessory 3485-20 Milw M12 1/4"" Right Angle Die Grinder","MILWAUKEE ACCESSORY 3485-20 MILW M12 1/4"" RIGHT ANGLE DIE GR","Milwaukee Accessory 3485-20 Milw M12 1/4"" Right Angle Die Grinder","Milwaukee Accessory Milw M12 1/4"" Right Angle Die Grinder (MPN: 3485-20) in the Tools > Industrial > General category.","Milwaukee Accessory Milw M12 1/4"" Right Angle Die Grinder (3485-20) in Industrial.","Milwaukee Accessory Milw M12 1/4"" Right Angle Die Grinder (3485-20) in Industrial.",,,,,,,,,,,,,,,,,,,,,,,,,,,,,,,,,,,,,,,,,,,,,,,,,,,,,,,,,,,,,,,,,,,,,,,,,,,,,,,,,,,,,,,,,,,,,,,,,,,,,,,,,,,,,,,,,,,,,,,,,,,,,,,,,,,,,,,,,,,,,,,,,,,,,,,,,,,,,,,,,,,,,,,,,,,,,,,,,,,,,,,,,,,,,,,,,,,,,,,,,,,,,,,,,,,,,,,,,,,,,,,No
,,,,,,,Tools,Industrial,General,,DCG420B,DCG420B Dewalt 20V Die Grinder (Bare),-- Unbranded --,-- No Unilog Brand --,-- No DIB Brand --,Black & Decker/dewlt (2585),Black & Decker/dewlt,DeWalt,,DCG420B,DCG420B,Tools > Industrial > General,Black & Decker/dewlt DCG420B Dewalt 20V Die Grinder (Bare),BLACK & DECKER/DEWLT DCG420B DEWALT 20V DIE GRINDER (BARE),Black & Decker/dewlt DCG420B Dewalt 20V Die Grinder (Bare),Black & Decker/dewlt Dewalt 20V Die Grinder (Bare) (MPN: DCG420B) in the Tools > Industrial > General category.,Black & Decker/dewlt Dewalt 20V Die Grinder (Bare) (DCG420B) in Industrial.,Black & Decker/dewlt Dewalt 20V Die Grinder (Bare) (DCG420B) in Industrial.,,,,,,,,,,,,,,,,,,,,,,,,,,,,,,,,,,,,,,,,,,,,,,,,,,,,,,,,,,,,,,,,,,,,,,,,,,,,,,,,,,,,,,,,,,,,,,,,,,,,,,,,,,,,,,,,,,,,,,,,,,,,,,,,,,,,,,,,,,,,,,,,,,,,,,,,,,,,,,,,,,,,,,,,,,,,,,,,,,,,,,,,,,,,,,,,,,,,,,,,,,,,,,,,,,,,,,,,,,,,,,,No
,,,,,,,Tools,Industrial,General,,DCG422B,DCG422B Dewalt 20V Right Angle Die Grinder (Bare),-- Unbranded --,-- No Unilog Brand --,-- No DIB Brand --,Black & Decker/dewlt (2585),Black & Decker/dewlt,DeWalt,,DCG422B,DCG422B,Tools > Industrial > General,Black & Decker/dewlt DCG422B Dewalt 20V Right Angle Die Grinder (Bare),BLACK & DECKER/DEWLT DCG422B DEWALT 20V RIGHT ANGLE DIE GRIN,Black & Decker/dewlt DCG422B Dewalt 20V Right Angle Die Grinder (Bare),Black & Decker/dewlt Dewalt 20V Right Angle Die Grinder (Bare) (MPN: DCG422B) in the Tools > Industrial > General category.,Black & Decker/dewlt Dewalt 20V Right Angle Die Grinder (Bare) (DCG422B) in Industrial.,Black & Decker/dewlt Dewalt 20V Right Angle Die Grinder (Bare) (DCG422B) in Industrial.,,,,,,,,,,,,,,,,,,,,,,,,,,,,,,,,,,,,,,,,,,,,,,,,,,,,,,,,,,,,,,,,,,,,,,,,,,,,,,,,,,,,,,,,,,,,,,,,,,,,,,,,,,,,,,,,,,,,,,,,,,,,,,,,,,,,,,,,,,,,,,,,,,,,,,,,,,,,,,,,,,,,,,,,,,,,,,,,,,,,,,,,,,,,,,,,,,,,,,,,,,,,,,,,,,,,,,,,,,,,,,,No
,,,,,,,Tools,Industrial,General,,924422,924422 Mafell Carpentry - Planing Machine ZH 320 Ec 120V,-- Unbranded --,-- No Unilog Brand --,-- No DIB Brand --,-,,,,924422,924422,Tools > Industrial > General,924422 Mafell Carpentry - Planing Machine ZH 320 Ec 120V,924422 MAFELL CARPENTRY - PLANING MACHINE ZH 320 EC 120V,924422 Mafell Carpentry - Planing Machine ZH 320 Ec 120V,Mafell Carpentry - Planing Machine ZH 320 Ec 120V (MPN: 924422) in the Tools > Industrial > General category.,Mafell Carpentry - Planing Machine ZH 320 Ec 120V (924422) in Industrial.,Mafell Carpentry - Planing Machine ZH 320 Ec 120V (924422) in Industrial.,,,,,,,,,,,,,,,,,,,,,,,,,,,,,,,,,,,,,,,,,,,,,,,,,,,,,,,,,,,,,,,,,,,,,,,,,,,,,,,,,,,,,,,,,,,,,,,,,,,,,,,,,,,,,,,,,,,,,,,,,,,,,,,,,,,,,,,,,,,,,,,,,,,,,,,,,,,,,,,,,,,,,,,,,,,,,,,,,,,,,,,,,,,,,,,,,,,,,,,,,,,,,,,,,,,,,,,,,,,,,,,No
,,,,,,,Tools,Industrial,General,,DCW620B,DCW620B Dewalt 20V Plunge - Router,-- Unbranded --,-- No Unilog Brand --,-- No DIB Brand --,Black & Decker/dewlt (2585),Black & Decker/dewlt,DeWalt,,DCW620B,DCW620B,Tools > Industrial > General,Black & Decker/dewlt DCW620B Dewalt 20V Plunge - Router,BLACK & DECKER/DEWLT DCW620B DEWALT 20V PLUNGE - ROUTER,Black & Decker/dewlt DCW620B Dewalt 20V Plunge - Router,Black & Decker/dewlt Dewalt 20V Plunge - Router (MPN: DCW620B) in the Tools > Industrial > General category.,Black & Decker/dewlt Dewalt 20V Plunge - Router (DCW620B) in Industrial.,Black & Decker/dewlt Dewalt 20V Plunge - Router (DCW620B) in Industrial.,,,,,,,,,,,,,,,,,,,,,,,,,,,,,,,,,,,,,,,,,,,,,,,,,,,,,,,,,,,,,,,,,,,,,,,,,,,,,,,,,,,,,,,,,,,,,,,,,,,,,,,,,,,,,,,,,,,,,,,,,,,,,,,,,,,,,,,,,,,,,,,,,,,,,,,,,,,,,,,,,,,,,,,,,,,,,,,,,,,,,,,,,,,,,,,,,,,,,,,,,,,,,,,,,,,,,,,,,,,,,,,No
,,,,,,,Tools,Industrial,General,,2535-20,"2535-20 Milw 3"" Orbit Sander - M12",-- Unbranded --,-- No Unilog Brand --,-- No DIB Brand --,Milwaukee Accessory (4031),Milwaukee Accessory,Milwaukee,,2535-20,2535-20,Tools > Industrial > General,"Milwaukee Accessory 2535-20 Milw 3"" Orbit Sander - M12","MILWAUKEE ACCESSORY 2535-20 MILW 3"" ORBIT SANDER - M12","Milwaukee Accessory 2535-20 Milw 3"" Orbit Sander - M12","Milwaukee Accessory Milw 3"" Orbit Sander - M12 (MPN: 2535-20) in the Tools > Industrial > General category.","Milwaukee Accessory Milw 3"" Orbit Sander - M12 (2535-20) in Industrial.","Milwaukee Accessory Milw 3"" Orbit Sander - M12 (2535-20) in Industrial.",,,,,,,,,,,,,,,,,,,,,,,,,,,,,,,,,,,,,,,,,,,,,,,,,,,,,,,,,,,,,,,,,,,,,,,,,,,,,,,,,,,,,,,,,,,,,,,,,,,,,,,,,,,,,,,,,,,,,,,,,,,,,,,,,,,,,,,,,,,,,,,,,,,,,,,,,,,,,,,,,,,,,,,,,,,,,,,,,,,,,,,,,,,,,,,,,,,,,,,,,,,,,,,,,,,,,,,,,,,,,,,No
,,,,,,,Tools,Industrial,General,,2837-20,"2837-20 Milw M18 5"" Sander - Orbital (Bare)",-- Unbranded --,-- No Unilog Brand --,Milwaukee,Milwaukee Accessory (4031),Milwaukee Accessory,Milwaukee,,2837-20,2837-20,Tools > Industrial > General,"Milwaukee Accessory 2837-20 Milw M18 5"" Sander - Orbital (Bare)","MILWAUKEE ACCESSORY 2837-20 MILW M18 5"" SANDER - ORBITAL (BA","Milwaukee Accessory 2837-20 Milw M18 5"" Sander - Orbital (Bare)","Milwaukee Accessory Milw M18 5"" Sander - Orbital (Bare) (MPN: 2837-20) in the Tools > Industrial > General category.","Milwaukee Accessory Milw M18 5"" Sander - Orbital (Bare) (2837-20) in Industrial.","Milwaukee Accessory Milw M18 5"" Sander - Orbital (Bare) (2837-20) in Industrial.",,,,,,,,,,,,,,,,,,,,,,,,,,,,,,,,,,,,,,,,,,,,,,,,,,,,,,,,,,,,,,,,,,,,,,,,,,,,,,,,,,,,,,,,,,,,,,,,,,,,,,,,,,,,,,,,,,,,,,,,,,,,,,,,,,,,,,,,,,,,,,,,,,,,,,,,,,,,,,,,,,,,,,,,,,,,,,,,,,,,,,,,,,,,,,,,,,,,,,,,,,,,,,,,,,,,,,,,,,,,,,,No
,,,,,,,Tools,Industrial,General,,577728,577728 Festool Cordless Sander - ETSC 2 150 I-Plus,-- Unbranded --,-- No Unilog Brand --,-- No DIB Brand --,Festool USA (FESTO),Festool USA (FESTO),Festool,,577728,577728,Tools > Industrial > General,Festool USA 577728 Festool Cordless Sander - ETSC 2 150 I-Plus,FESTOOL USA 577728 FESTOOL CORDLESS SANDER - ETSC 2 150 I-PL,Festool USA 577728 Festool Cordless Sander - ETSC 2 150 I-Plus,Festool USA Festool Cordless Sander - ETSC 2 150 I-Plus (MPN: 577728) in the Tools > Industrial > General category.,Festool USA Festool Cordless Sander - ETSC 2 150 I-Plus (577728) in Industrial.,Festool USA Festool Cordless Sander - ETSC 2 150 I-Plus (577728) in Industrial.,,,,,,,,,,,,,,,,,,,,,,,,,,,,,,,,,,,,,,,,,,,,,,,,,,,,,,,,,,,,,,,,,,,,,,,,,,,,,,,,,,,,,,,,,,,,,,,,,,,,,,,,,,,,,,,,,,,,,,,,,,,,,,,,,,,,,,,,,,,,,,,,,,,,,,,,,,,,,,,,,,,,,,,,,,,,,,,,,,,,,,,,,,,,,,,,,,,,,,,,,,,,,,,,,,,,,,,,,,,,,,,No
,,,,,,,Tools,Industrial,General,,577738,577738 Festool Cordless Sander - ETSC 2 125 I-Plus,-- Unbranded --,-- No Unilog Brand --,-- No DIB Brand --,Festool USA (FESTO),Festool USA (FESTO),Festool,,577738,577738,Tools > Industrial > General,Festool USA 577738 Festool Cordless Sander - ETSC 2 125 I-Plus,FESTOOL USA 577738 FESTOOL CORDLESS SANDER - ETSC 2 125 I-PL,Festool USA 577738 Festool Cordless Sander - ETSC 2 125 I-Plus,Festool USA Festool Cordless Sander - ETSC 2 125 I-Plus (MPN: 577738) in the Tools > Industrial > General category.,Festool USA Festool Cordless Sander - ETSC 2 125 I-Plus (577738) in Industrial.,Festool USA Festool Cordless Sander - ETSC 2 125 I-Plus (577738) in Industrial.,,,,,,,,,,,,,,,,,,,,,,,,,,,,,,,,,,,,,,,,,,,,,,,,,,,,,,,,,,,,,,,,,,,,,,,,,,,,,,,,,,,,,,,,,,,,,,,,,,,,,,,,,,,,,,,,,,,,,,,,,,,,,,,,,,,,,,,,,,,,,,,,,,,,,,,,,,,,,,,,,,,,,,,,,,,,,,,,,,,,,,,,,,,,,,,,,,,,,,,,,,,,,,,,,,,,,,,,,,,,,,,No
,,,,,,,Tools,Industrial,General,,KPTRS500A,"KPTRS500A Kreg 20V Ionic 5"" Random Orbit Sander",-- Unbranded --,-- No Unilog Brand --,-- No DIB Brand --,Kreg Tool Company (KRETO),Kreg Tool Company (KRETO),,,KPTRS500A,KPTRS500A,Tools > Industrial > General,"Kreg Tool Company KPTRS500A Kreg 20V Ionic 5"" Random Orbit Sander","KREG TOOL COMPANY KPTRS500A KREG 20V IONIC 5"" RANDOM ORBIT S","Kreg Tool Company KPTRS500A Kreg 20V Ionic 5"" Random Orbit Sander","Kreg Tool Company Kreg 20V Ionic 5"" Random Orbit Sander (MPN: KPTRS500A) in the Tools > Industrial > General category.","Kreg Tool Company Kreg 20V Ionic 5"" Random Orbit Sander (KPTRS500A) in Industrial.","Kreg Tool Company Kreg 20V Ionic 5"" Random Orbit Sander (KPTRS500A) in Industrial.",,,,,,,,,,,,,,,,,,,,,,,,,,,,,,,,,,,,,,,,,,,,,,,,,,,,,,,,,,,,,,,,,,,,,,,,,,,,,,,,,,,,,,,,,,,,,,,,,,,,,,,,,,,,,,,,,,,,,,,,,,,,,,,,,,,,,,,,,,,,,,,,,,,,,,,,,,,,,,,,,,,,,,,,,,,,,,,,,,,,,,,,,,,,,,,,,,,,,,,,,,,,,,,,,,,,,,,,,,,,,,,No
,,,,,,,Tools,Industrial,General,,24-35M-320,"24-35M-320 Iridium Grip - 3.2"" x 5.2"" Grip",-- Unbranded --,-- No Unilog Brand --,-- No DIB Brand --,Mirka Abrasives Inc (MIRUS),mirka abrasives,Mirka,,24-35M-320,24-35M-320,Tools > Industrial > General,"Mirka Abrasives Inc 24-35M-320 Iridium Grip - 3.2"" x 5.2"" Grip","MIRKA ABRASIVES INC 24-35M-320 IRIDIUM GRIP - 3.2"" X 5.2"" GR","Mirka Abrasives Inc 24-35M-320 Iridium Grip - 3.2"" x 5.2"" Grip","Mirka Abrasives Inc Iridium Grip - 3.2"" x 5.2"" Grip (MPN: 24-35M-320) in the Tools > Industrial > General category.","Mirka Abrasives Inc Iridium Grip - 3.2"" x 5.2"" Grip (24-35M-320) in Industrial.","Mirka Abrasives Inc Iridium Grip - 3.2"" x 5.2"" Grip (24-35M-320) in Industrial.",,,,,,,,,,,,,,,,,,,,,,,,,,,,,,,,,,,,,,,,,,,,,,,,,,,,,,,,,,,,,,,,,,,,,,,,,,,,,,,,,,,,,,,,,,,,,,,,,,,,,,,,,,,,,,,,,,,,,,,,,,,,,,,,,,,,,,,,,,,,,,,,,,,,,,,,,,,,,,,,,,,,,,,,,,,,,,,,,,,,,,,,,,,,,,,,,,,,,,,,,,,,,,,,,,,,,,,,,,,,,,,No
,,,,,,,Tools,Industrial,General,,9A-129-120,9A-129-120 Abranet 3x4 - 50 Sheets/Box,-- Unbranded --,-- No Unilog Brand --,-- No DIB Brand --,Mirka Abrasives Inc (MIRUS),mirka abrasives,Mirka,,9A-129-120,9A-129-120,Tools > Industrial > General,Mirka Abrasives Inc 9A-129-120 Abranet 3x4 - 50 Sheets/Box,MIRKA ABRASIVES INC 9A-129-120 ABRANET 3X4 - 50 SHEETS/BOX,Mirka Abrasives Inc 9A-129-120 Abranet 3x4 - 50 Sheets/Box,Mirka Abrasives Inc Abranet 3x4 - 50 Sheets/Box (MPN: 9A-129-120) in the Tools > Industrial > General category.,Mirka Abrasives Inc Abranet 3x4 - 50 Sheets/Box (9A-129-120) in Industrial.,Mirka Abrasives Inc Abranet 3x4 - 50 Sheets/Box (9A-129-120) in Industrial.,,,,,,,,,,,,,,,,,,,,,,,,,,,,,,,,,,,,,,,,,,,,,,,,,,,,,,,,,,,,,,,,,,,,,,,,,,,,,,,,,,,,,,,,,,,,,,,,,,,,,,,,,,,,,,,,,,,,,,,,,,,,,,,,,,,,,,,,,,,,,,,,,,,,,,,,,,,,,,,,,,,,,,,,,,,,,,,,,,,,,,,,,,,,,,,,,,,,,,,,,,,,,,,,,,,,,,,,,,,,,,,No
,,,,,,,Tools,Industrial,General,,578800,578800 Festool 80x133 M GR PRO/10,-- Unbranded --,-- No Unilog Brand --,-- No DIB Brand --,Festool USA (FESTO),Festool USA (FESTO),Festool,,578800,578800,Tools > Industrial > General,Festool USA 578800 Festool 80x133 M GR PRO/10,FESTOOL USA 578800 FESTOOL 80X133 M GR PRO/10,Festool USA 578800 Festool 80x133 M GR PRO/10,Festool USA Festool 80x133 M GR PRO/10 (MPN: 578800) in the Tools > Industrial > General category.,Festool USA Festool 80x133 M GR PRO/10 (578800) in Industrial.,Festool USA Festool 80x133 M GR PRO/10 (578800) in Industrial.,,,,,,,,,,,,,,,,,,,,,,,,,,,,,,,,,,,,,,,,,,,,,,,,,,,,,,,,,,,,,,,,,,,,,,,,,,,,,,,,,,,,,,,,,,,,,,,,,,,,,,,,,,,,,,,,,,,,,,,,,,,,,,,,,,,,,,,,,,,,,,,,,,,,,,,,,,,,,,,,,,,,,,,,,,,,,,,,,,,,,,,,,,,,,,,,,,,,,,,,,,,,,,,,,,,,,,,,,,,,,,,No
,,,,,,,Tools,Industrial,General,,578801,578801 Festool 80x133 F GR PRO/10,-- Unbranded --,-- No Unilog Brand --,-- No DIB Brand --,Festool USA (FESTO),Festool USA (FESTO),Festool,,578801,578801,Tools > Industrial > General,Festool USA 578801 Festool 80x133 F GR PRO/10,FESTOOL USA 578801 FESTOOL 80X133 F GR PRO/10,Festool USA 578801 Festool 80x133 F GR PRO/10,Festool USA Festool 80x133 F GR PRO/10 (MPN: 578801) in the Tools > Industrial > General category.,Festool USA Festool 80x133 F GR PRO/10 (578801) in Industrial.,Festool USA Festool 80x133 F GR PRO/10 (578801) in Industrial.,,,,,,,,,,,,,,,,,,,,,,,,,,,,,,,,,,,,,,,,,,,,,,,,,,,,,,,,,,,,,,,,,,,,,,,,,,,,,,,,,,,,,,,,,,,,,,,,,,,,,,,,,,,,,,,,,,,,,,,,,,,,,,,,,,,,,,,,,,,,,,,,,,,,,,,,,,,,,,,,,,,,,,,,,,,,,,,,,,,,,,,,,,,,,,,,,,,,,,,,,,,,,,,,,,,,,,,,,,,,,,,No
,,,,,,,Tools,Industrial,General,,578802,578802 Festool 80x133 S GR PRO/10,-- Unbranded --,-- No Unilog Brand --,-- No DIB Brand --,Festool USA (FESTO),Festool USA (FESTO),Festool,,578802,578802,Tools > Industrial > General,Festool USA 578802 Festool 80x133 S GR PRO/10,FESTOOL USA 578802 FESTOOL 80X133 S GR PRO/10,Festool USA 578802 Festool 80x133 S GR PRO/10,Festool USA Festool 80x133 S GR PRO/10 (MPN: 578802) in the Tools > Industrial > General category.,Festool USA Festool 80x133 S GR PRO/10 (578802) in Industrial.,Festool USA Festool 80x133 S GR PRO/10 (578802) in Industrial.,,,,,,,,,,,,,,,,,,,,,,,,,,,,,,,,,,,,,,,,,,,,,,,,,,,,,,,,,,,,,,,,,,,,,,,,,,,,,,,,,,,,,,,,,,,,,,,,,,,,,,,,,,,,,,,,,,,,,,,,,,,,,,,,,,,,,,,,,,,,,,,,,,,,,,,,,,,,,,,,,,,,,,,,,,,,,,,,,,,,,,,,,,,,,,,,,,,,,,,,,,,,,,,,,,,,,,,,,,,,,,,No
,,,,,,,Tools,Industrial,General,,578808,578808 Festool 3x4 M GR PRO/10,-- Unbranded --,-- No Unilog Brand --,-- No DIB Brand --,Festool USA (FESTO),Festool USA (FESTO),Festool,,578808,578808,Tools > Industrial > General,Festool USA 578808 Festool 3x4 M GR PRO/10,FESTOOL USA 578808 FESTOOL 3X4 M GR PRO/10,Festool USA 578808 Festool 3x4 M GR PRO/10,Festool USA Festool 3x4 M GR PRO/10 (MPN: 578808) in the Tools > Industrial > General category.,Festool USA Festool 3x4 M GR PRO/10 (578808) in Industrial.,Festool USA Festool 3x4 M GR PRO/10 (578808) in Industrial.,,,,,,,,,,,,,,,,,,,,,,,,,,,,,,,,,,,,,,,,,,,,,,,,,,,,,,,,,,,,,,,,,,,,,,,,,,,,,,,,,,,,,,,,,,,,,,,,,,,,,,,,,,,,,,,,,,,,,,,,,,,,,,,,,,,,,,,,,,,,,,,,,,,,,,,,,,,,,,,,,,,,,,,,,,,,,,,,,,,,,,,,,,,,,,,,,,,,,,,,,,,,,,,,,,,,,,,,,,,,,,,No
,,,,,,,Tools,Industrial,General,,578809,578809 Festool 3x4 F GR PRO/10,-- Unbranded --,-- No Unilog Brand --,-- No DIB Brand --,Festool USA (FESTO),Festool USA (FESTO),Festool,,578809,578809,Tools > Industrial > General,Festool USA 578809 Festool 3x4 F GR PRO/10,FESTOOL USA 578809 FESTOOL 3X4 F GR PRO/10,Festool USA 578809 Festool 3x4 F GR PRO/10,Festool USA Festool 3x4 F GR PRO/10 (MPN: 578809) in the Tools > Industrial > General category.,Festool USA Festool 3x4 F GR PRO/10 (578809) in Industrial.,Festool USA Festool 3x4 F GR PRO/10 (578809) in Industrial.,,,,,,,,,,,,,,,,,,,,,,,,,,,,,,,,,,,,,,,,,,,,,,,,,,,,,,,,,,,,,,,,,,,,,,,,,,,,,,,,,,,,,,,,,,,,,,,,,,,,,,,,,,,,,,,,,,,,,,,,,,,,,,,,,,,,,,,,,,,,,,,,,,,,,,,,,,,,,,,,,,,,,,,,,,,,,,,,,,,,,,,,,,,,,,,,,,,,,,,,,,,,,,,,,,,,,,,,,,,,,,,No
,,,,,,,Tools,Industrial,General,,578810,578810 Festool 3x4 S GR PRO/10,-- Unbranded --,-- No Unilog Brand --,-- No DIB Brand --,Festool USA (FESTO),Festool USA (FESTO),Festool,,578810,578810,Tools > Industrial > General,Festool USA 578810 Festool 3x4 S GR PRO/10,FESTOOL USA 578810 FESTOOL 3X4 S GR PRO/10,Festool USA 578810 Festool 3x4 S GR PRO/10,Festool USA Festool 3x4 S GR PRO/10 (MPN: 578810) in the Tools > Industrial > General category.,Festool USA Festool 3x4 S GR PRO/10 (578810) in Industrial.,Festool USA Festool 3x4 S GR PRO/10 (578810) in Industrial.,,,,,,,,,,,,,,,,,,,,,,,,,,,,,,,,,,,,,,,,,,,,,,,,,,,,,,,,,,,,,,,,,,,,,,,,,,,,,,,,,,,,,,,,,,,,,,,,,,,,,,,,,,,,,,,,,,,,,,,,,,,,,,,,,,,,,,,,,,,,,,,,,,,,,,,,,,,,,,,,,,,,,,,,,,,,,,,,,,,,,,,,,,,,,,,,,,,,,,,,,,,,,,,,,,,,,,,,,,,,,,,No
,,,,,,,Tools,Industrial,General,,578811,578811 Festool 3x4 GR PRO/10-Set,-- Unbranded --,-- No Unilog Brand --,-- No DIB Brand --,Festool USA (FESTO),Festool USA (FESTO),Festool,,578811,578811,Tools > Industrial > General,Festool USA 578811 Festool 3x4 GR PRO/10-Set,FESTOOL USA 578811 FESTOOL 3X4 GR PRO/10-SET,Festool USA 578811 Festool 3x4 GR PRO/10-Set,Festool USA Festool 3x4 GR PRO/10-Set (MPN: 578811) in the Tools > Industrial > General category.,Festool USA Festool 3x4 GR PRO/10-Set (578811) in Industrial.,Festool USA Festool 3x4 GR PRO/10-Set (578811) in Industrial.,,,,,,,,,,,,,,,,,,,,,,,,,,,,,,,,,,,,,,,,,,,,,,,,,,,,,,,,,,,,,,,,,,,,,,,,,,,,,,,,,,,,,,,,,,,,,,,,,,,,,,,,,,,,,,,,,,,,,,,,,,,,,,,,,,,,,,,,,,,,,,,,,,,,,,,,,,,,,,,,,,,,,,,,,,,,,,,,,,,,,,,,,,,,,,,,,,,,,,,,,,,,,,,,,,,,,,,,,,,,,,,No
,,,,,,,Tools,Industrial,General,,578192,578192 Festool D 150 GR SYS - Systainer Abrasive Set,-- Unbranded --,-- No Unilog Brand --,-- No DIB Brand --,Festool USA (FESTO),Festool USA (FESTO),Festool,,578192,578192,Tools > Industrial > General,Festool USA 578192 Festool D 150 GR SYS - Systainer Abrasive Set,FESTOOL USA 578192 FESTOOL D 150 GR SYS - SYSTAINER ABRASIVE,Festool USA 578192 Festool D 150 GR SYS - Systainer Abrasive Set,Festool USA Festool D 150 GR SYS - Systainer Abrasive Set (MPN: 578192) in the Tools > Industrial > General category.,Festool USA Festool D 150 GR SYS - Systainer Abrasive Set (578192) in Industrial.,Festool USA Festool D 150 GR SYS - Systainer Abrasive Set (578192) in Industrial.,,,,,,,,,,,,,,,,,,,,,,,,,,,,,,,,,,,,,,,,,,,,,,,,,,,,,,,,,,,,,,,,,,,,,,,,,,,,,,,,,,,,,,,,,,,,,,,,,,,,,,,,,,,,,,,,,,,,,,,,,,,,,,,,,,,,,,,,,,,,,,,,,,,,,,,,,,,,,,,,,,,,,,,,,,,,,,,,,,,,,,,,,,,,,,,,,,,,,,,,,,,,,,,,,,,,,,,,,,,,,,,No
,,,,,,,Tools,Industrial,General,,578806,578806 Festool Delta S GR PRO/10,-- Unbranded --,-- No Unilog Brand --,-- No DIB Brand --,Festool USA (FESTO),Festool USA (FESTO),Festool,,578806,578806,Tools > Industrial > General,Festool USA 578806 Festool Delta S GR PRO/10,FESTOOL USA 578806 FESTOOL DELTA S GR PRO/10,Festool USA 578806 Festool Delta S GR PRO/10,Festool USA Festool Delta S GR PRO/10 (MPN: 578806) in the Tools > Industrial > General category.,Festool USA Festool Delta S GR PRO/10 (578806) in Industrial.,Festool USA Festool Delta S GR PRO/10 (578806) in Industrial.,,,,,,,,,,,,,,,,,,,,,,,,,,,,,,,,,,,,,,,,,,,,,,,,,,,,,,,,,,,,,,,,,,,,,,,,,,,,,,,,,,,,,,,,,,,,,,,,,,,,,,,,,,,,,,,,,,,,,,,,,,,,,,,,,,,,,,,,,,,,,,,,,,,,,,,,,,,,,,,,,,,,,,,,,,,,,,,,,,,,,,,,,,,,,,,,,,,,,,,,,,,,,,,,,,,,,,,,,,,,,,,No
,,,,,,,Tools,Industrial,General,,D0860X,"D0860X Diablo 8-1/4"" 60 Tooth - Fine Finish Saw Blade",-- Unbranded --,-- No Unilog Brand --,-- No DIB Brand --,Freud Inc (2435),Freud Inc,Diablo,,D0860X,D0860X,Tools > Industrial > General,"Freud Inc D0860X Diablo 8-1/4"" 60 Tooth - Fine Finish Saw Blade","FREUD INC D0860X DIABLO 8-1/4"" 60 TOOTH - FINE FINISH SAW BL","Freud Inc D0860X Diablo 8-1/4"" 60 Tooth - Fine Finish Saw Blade","Freud Inc Diablo 8-1/4"" 60 Tooth - Fine Finish Saw Blade (MPN: D0860X) in the Tools > Industrial > General category.","Freud Inc Diablo 8-1/4"" 60 Tooth - Fine Finish Saw Blade (D0860X) in Industrial.","Freud Inc Diablo 8-1/4"" 60 Tooth - Fine Finish Saw Blade (D0860X) in Industrial.",,,,,,,,,,,,,,,,,,,,,,,,,,,,,,,,,,,,,,,,,,,,,,,,,,,,,,,,,,,,,,,,,,,,,,,,,,,,,,,,,,,,,,,,,,,,,,,,,,,,,,,,,,,,,,,,,,,,,,,,,,,,,,,,,,,,,,,,,,,,,,,,,,,,,,,,,,,,,,,,,,,,,,,,,,,,,,,,,,,,,,,,,,,,,,,,,,,,,,,,,,,,,,,,,,,,,,,,,,,,,,,No
,,,,,,,Tools,Industrial,General,,48-40-0740,48-40-0740 Milw 7-1/4in. 24T - Framing Circ Saw Blade,-- Unbranded --,-- No Unilog Brand --,Milwaukee,Milwaukee Accessory (4031),Milwaukee Accessory,Milwaukee,,48-40-0740,48-40-0740,Tools > Industrial > General,Milwaukee Accessory 48-40-0740 Milw 7-1/4in. 24T - Framing Circ Saw Blade,MILWAUKEE ACCESSORY 48-40-0740 MILW 7-1/4IN. 24T - FRAMING C,Milwaukee Accessory 48-40-0740 Milw 7-1/4in. 24T - Framing Circ Saw Blade,Milwaukee Accessory Milw 7-1/4in. 24T - Framing Circ Saw Blade (MPN: 48-40-0740) in the Tools > Industrial > General category.,Milwaukee Accessory Milw 7-1/4in. 24T - Framing Circ Saw Blade (48-40-0740) in Industrial.,Milwaukee Accessory Milw 7-1/4in. 24T - Framing Circ Saw Blade (48-40-0740) in Industrial.,,,,,,,,,,,,,,,,,,,,,,,,,,,,,,,,,,,,,,,,,,,,,,,,,,,,,,,,,,,,,,,,,,,,,,,,,,,,,,,,,,,,,,,,,,,,,,,,,,,,,,,,,,,,,,,,,,,,,,,,,,,,,,,,,,,,,,,,,,,,,,,,,,,,,,,,,,,,,,,,,,,,,,,,,,,,,,,,,,,,,,,,,,,,,,,,,,,,,,,,,,,,,,,,,,,,,,,,,,,,,,,No
,,,,,,,Tools,Industrial,General,,48-41-0740,48-41-0740 Milw7-1/4 24TFrming - Blade,-- Unbranded --,-- No Unilog Brand --,-- No DIB Brand --,Milwaukee Accessory (4031),Milwaukee Accessory,,,48-41-0740,48-41-0740,Tools > Industrial > General,Milwaukee Accessory 48-41-0740 Milw7-1/4 24TFrming - Blade,MILWAUKEE ACCESSORY 48-41-0740 MILW7-1/4 24TFRMING - BLADE,Milwaukee Accessory 48-41-0740 Milw7-1/4 24TFrming - Blade,Milwaukee Accessory Milw7-1/4 24TFrming - Blade (MPN: 48-41-0740) in the Tools > Industrial > General category.,Milwaukee Accessory Milw7-1/4 24TFrming - Blade (48-41-0740) in Industrial.,Milwaukee Accessory Milw7-1/4 24TFrming - Blade (48-41-0740) in Industrial.,,,,,,,,,,,,,,,,,,,,,,,,,,,,,,,,,,,,,,,,,,,,,,,,,,,,,,,,,,,,,,,,,,,,,,,,,,,,,,,,,,,,,,,,,,,,,,,,,,,,,,,,,,,,,,,,,,,,,,,,,,,,,,,,,,,,,,,,,,,,,,,,,,,,,,,,,,,,,,,,,,,,,,,,,,,,,,,,,,,,,,,,,,,,,,,,,,,,,,,,,,,,,,,,,,,,,,,,,,,,,,,No
,,,,,,,Tools,Industrial,General,,A-96095,"A-96095 Makita 5-7/8"" 32T Saw Blade",-- Unbranded --,-- No Unilog Brand --,-- No DIB Brand --,Makita Usa Inc (5142),Makita Usa Inc,Makita,,A-96095,A-96095,Tools > Industrial > General,"Makita Usa Inc A-96095 Makita 5-7/8"" 32T Saw Blade","MAKITA USA INC A-96095 MAKITA 5-7/8"" 32T SAW BLADE","Makita Usa Inc A-96095 Makita 5-7/8"" 32T Saw Blade","Makita Usa Inc Makita 5-7/8"" 32T Saw Blade (MPN: A-96095) in the Tools > Industrial > General category.","Makita Usa Inc Makita 5-7/8"" 32T Saw Blade (A-96095) in Industrial.","Makita Usa Inc Makita 5-7/8"" 32T Saw Blade (A-96095) in Industrial.",,,,,,,,,,,,,,,,,,,,,,,,,,,,,,,,,,,,,,,,,,,,,,,,,,,,,,,,,,,,,,,,,,,,,,,,,,,,,,,,,,,,,,,,,,,,,,,,,,,,,,,,,,,,,,,,,,,,,,,,,,,,,,,,,,,,,,,,,,,,,,,,,,,,,,,,,,,,,,,,,,,,,,,,,,,,,,,,,,,,,,,,,,,,,,,,,,,,,,,,,,,,,,,,,,,,,,,,,,,,,,,No
,,,,,,,Tools,Industrial,General,,D0760UX,"D0760UX Diablo 7-1/4"" 60T Circ - Saw Blade",-- Unbranded --,-- No Unilog Brand --,Diablo,Freud Inc (2435),Freud Inc,Diablo,,D0760UX,D0760UX,Tools > Industrial > General,"Freud Inc D0760UX Diablo 7-1/4"" 60T Circ - Saw Blade","FREUD INC D0760UX DIABLO 7-1/4"" 60T CIRC - SAW BLADE","Freud Inc D0760UX Diablo 7-1/4"" 60T Circ - Saw Blade","Freud Inc Diablo 7-1/4"" 60T Circ - Saw Blade (MPN: D0760UX) in the Tools > Industrial > General category.","Freud Inc Diablo 7-1/4"" 60T Circ - Saw Blade (D0760UX) in Industrial.","Freud Inc Diablo 7-1/4"" 60T Circ - Saw Blade (D0760UX) in Industrial.",,,,,,,,,,,,,,,,,,,,,,,,,,,,,,,,,,,,,,,,,,,,,,,,,,,,,,,,,,,,,,,,,,,,,,,,,,,,,,,,,,,,,,,,,,,,,,,,,,,,,,,,,,,,,,,,,,,,,,,,,,,,,,,,,,,,,,,,,,,,,,,,,,,,,,,,,,,,,,,,,,,,,,,,,,,,,,,,,,,,,,,,,,,,,,,,,,,,,,,,,,,,,,,,,,,,,,,,,,,,,,,No
,,,,,,,Tools,Industrial,General,,230.312.08,230.312.08 CMT Locked Dado Pro Set,-- Unbranded --,-- No Unilog Brand --,-- No DIB Brand --,CMT USA Inc (CMTUS),CMT USA Inc (CMTUS),,,230.312.08,230.312.08,Tools > Industrial > General,CMT USA Inc 230.312.08 CMT Locked Dado Pro Set,CMT USA INC 230.312.08 CMT LOCKED DADO PRO SET,CMT USA Inc 230.312.08 CMT Locked Dado Pro Set,CMT USA Inc CMT Locked Dado Pro Set (MPN: 230.312.08) in the Tools > Industrial > General category.,CMT USA Inc CMT Locked Dado Pro Set (230.312.08) in Industrial.,CMT USA Inc CMT Locked Dado Pro Set (230.312.08) in Industrial.,,,,,,,,,,,,,,,,,,,,,,,,,,,,,,,,,,,,,,,,,,,,,,,,,,,,,,,,,,,,,,,,,,,,,,,,,,,,,,,,,,,,,,,,,,,,,,,,,,,,,,,,,,,,,,,,,,,,,,,,,,,,,,,,,,,,,,,,,,,,,,,,,,,,,,,,,,,,,,,,,,,,,,,,,,,,,,,,,,,,,,,,,,,,,,,,,,,,,,,,,,,,,,,,,,,,,,,,,,,,,,,No
,,,,,,,Tools,Industrial,General,,D0708LF,"D0708LF Saw Blade 7-1/4""x8 - Laminate & Wood Flooring",-- Unbranded --,-- No Unilog Brand --,-- No DIB Brand --,Freud Inc (2435),Freud Inc,,,D0708LF,D0708LF,Tools > Industrial > General,"Freud Inc D0708LF Saw Blade 7-1/4""x8 - Laminate & Wood Flooring","FREUD INC D0708LF SAW BLADE 7-1/4""X8 - LAMINATE & WOOD FLOOR","Freud Inc D0708LF Saw Blade 7-1/4""x8 - Laminate & Wood Flooring","Freud Inc Saw Blade 7-1/4""x8 - Laminate & Wood Flooring (MPN: D0708LF) in the Tools > Industrial > General category.","Freud Inc Saw Blade 7-1/4""x8 - Laminate & Wood Flooring (D0708LF) in Industrial.","Freud Inc Saw Blade 7-1/4""x8 - Laminate & Wood Flooring (D0708LF) in Industrial.",,,,,,,,,,,,,,,,,,,,,,,,,,,,,,,,,,,,,,,,,,,,,,,,,,,,,,,,,,,,,,,,,,,,,,,,,,,,,,,,,,,,,,,,,,,,,,,,,,,,,,,,,,,,,,,,,,,,,,,,,,,,,,,,,,,,,,,,,,,,,,,,,,,,,,,,,,,,,,,,,,,,,,,,,,,,,,,,,,,,,,,,,,,,,,,,,,,,,,,,,,,,,,,,,,,,,,,,,,,,,,,No
,,,,,,,Tools,Industrial,General,,D1012LF,"D1012LF Saw Blade 10""x12Teeth - Laminate & Wood Flooring",-- Unbranded --,-- No Unilog Brand --,-- No DIB Brand --,Freud Inc (2435),Freud Inc,,,D1012LF,D1012LF,Tools > Industrial > General,"Freud Inc D1012LF Saw Blade 10""x12Teeth - Laminate & Wood Flooring","FREUD INC D1012LF SAW BLADE 10""X12TEETH - LAMINATE & WOOD FL","Freud Inc D1012LF Saw Blade 10""x12Teeth - Laminate & Wood Flooring","Freud Inc Saw Blade 10""x12Teeth - Laminate & Wood Flooring (MPN: D1012LF) in the Tools > Industrial > General category.","Freud Inc Saw Blade 10""x12Teeth - Laminate & Wood Flooring (D1012LF) in Industrial.","Freud Inc Saw Blade 10""x12Teeth - Laminate & Wood Flooring (D1012LF) in Industrial.",,,,,,,,,,,,,,,,,,,,,,,,,,,,,,,,,,,,,,,,,,,,,,,,,,,,,,,,,,,,,,,,,,,,,,,,,,,,,,,,,,,,,,,,,,,,,,,,,,,,,,,,,,,,,,,,,,,,,,,,,,,,,,,,,,,,,,,,,,,,,,,,,,,,,,,,,,,,,,,,,,,,,,,,,,,,,,,,,,,,,,,,,,,,,,,,,,,,,,,,,,,,,,,,,,,,,,,,,,,,,,,No
,,,,,,,Tools,Industrial,General,,D1216LF,"D1216LF Saw Blade 12""x16Teeth - Laminate & Wood Flooring",-- Unbranded --,-- No Unilog Brand --,-- No DIB Brand --,Freud Inc (2435),Freud Inc,,,D1216LF,D1216LF,Tools > Industrial > General,"Freud Inc D1216LF Saw Blade 12""x16Teeth - Laminate & Wood Flooring","FREUD INC D1216LF SAW BLADE 12""X16TEETH - LAMINATE & WOOD FL","Freud Inc D1216LF Saw Blade 12""x16Teeth - Laminate & Wood Flooring","Freud Inc Saw Blade 12""x16Teeth - Laminate & Wood Flooring (MPN: D1216LF) in the Tools > Industrial > General category.","Freud Inc Saw Blade 12""x16Teeth - Laminate & Wood Flooring (D1216LF) in Industrial.","Freud Inc Saw Blade 12""x16Teeth - Laminate & Wood Flooring (D1216LF) in Industrial.",,,,,,,,,,,,,,,,,,,,,,,,,,,,,,,,,,,,,,,,,,,,,,,,,,,,,,,,,,,,,,,,,,,,,,,,,,,,,,,,,,,,,,,,,,,,,,,,,,,,,,,,,,,,,,,,,,,,,,,,,,,,,,,,,,,,,,,,,,,,,,,,,,,,,,,,,,,,,,,,,,,,,,,,,,,,,,,,,,,,,,,,,,,,,,,,,,,,,,,,,,,,,,,,,,,,,,,,,,,,,,,No
,,,,,,,Tools,Industrial,General,,DWA47421,"DWA47421 Dewalt 14"" Segmented - Rim Diamond Blade",-- Unbranded --,-- No Unilog Brand --,DEWALT,Black & Decker/dewlt (2585),Black & Decker/dewlt,DeWalt,,DWA47421,DWA47421,Tools > Industrial > General,"Black & Decker/dewlt DWA47421 Dewalt 14"" Segmented - Rim Diamond Blade","BLACK & DECKER/DEWLT DWA47421 DEWALT 14"" SEGMENTED - RIM DIA","Black & Decker/dewlt DWA47421 Dewalt 14"" Segmented - Rim Diamond Blade","Black & Decker/dewlt Dewalt 14"" Segmented - Rim Diamond Blade (MPN: DWA47421) in the Tools > Industrial > General category.","Black & Decker/dewlt Dewalt 14"" Segmented - Rim Diamond Blade (DWA47421) in Industrial.","Black & Decker/dewlt Dewalt 14"" Segmented - Rim Diamond Blade (DWA47421) in Industrial.",,,,,,,,,,,,,,,,,,,,,,,,,,,,,,,,,,,,,,,,,,,,,,,,,,,,,,,,,,,,,,,,,,,,,,,,,,,,,,,,,,,,,,,,,,,,,,,,,,,,,,,,,,,,,,,,,,,,,,,,,,,,,,,,,,,,,,,,,,,,,,,,,,,,,,,,,,,,,,,,,,,,,,,,,,,,,,,,,,,,,,,,,,,,,,,,,,,,,,,,,,,,,,,,,,,,,,,,,,,,,,,No
,,,,,,,Tools,Industrial,General,,DWA4769,"DWA4769 Dewalt Rim Glass Tile - Blade 10""",-- Unbranded --,-- No Unilog Brand --,-- No DIB Brand --,Black & Decker/dewlt (2585),Black & Decker/dewlt,DeWalt,,DWA4769,DWA4769,Tools > Industrial > General,"Black & Decker/dewlt DWA4769 Dewalt Rim Glass Tile - Blade 10""",BLACK & DECKER/DEWLT DWA4769 DEWALT RIM GLASS TILE - BLADE 1,"Black & Decker/dewlt DWA4769 Dewalt Rim Glass Tile - Blade 10""","Black & Decker/dewlt Dewalt Rim Glass Tile - Blade 10"" (MPN: DWA4769) in the Tools > Industrial > General category.","Black & Decker/dewlt Dewalt Rim Glass Tile - Blade 10"" (DWA4769) in Industrial.","Black & Decker/dewlt Dewalt Rim Glass Tile - Blade 10"" (DWA4769) in Industrial.",,,,,,,,,,,,,,,,,,,,,,,,,,,,,,,,,,,,,,,,,,,,,,,,,,,,,,,,,,,,,,,,,,,,,,,,,,,,,,,,,,,,,,,,,,,,,,,,,,,,,,,,,,,,,,,,,,,,,,,,,,,,,,,,,,,,,,,,,,,,,,,,,,,,,,,,,,,,,,,,,,,,,,,,,,,,,,,,,,,,,,,,,,,,,,,,,,,,,,,,,,,,,,,,,,,,,,,,,,,,,,,No
,,,,,,,Tools,Industrial,General,,49-93-9204,"49-93-9204 Milw 4-1/2"" Diamond - Tile Blade",-- Unbranded --,-- No Unilog Brand --,-- No DIB Brand --,Milwaukee Accessory (4031),Milwaukee Accessory,Milwaukee,,49-93-9204,49-93-9204,Tools > Industrial > General,"Milwaukee Accessory 49-93-9204 Milw 4-1/2"" Diamond - Tile Blade","MILWAUKEE ACCESSORY 49-93-9204 MILW 4-1/2"" DIAMOND - TILE BL","Milwaukee Accessory 49-93-9204 Milw 4-1/2"" Diamond - Tile Blade","Milwaukee Accessory Milw 4-1/2"" Diamond - Tile Blade (MPN: 49-93-9204) in the Tools > Industrial > General category.","Milwaukee Accessory Milw 4-1/2"" Diamond - Tile Blade (49-93-9204) in Industrial.","Milwaukee Accessory Milw 4-1/2"" Diamond - Tile Blade (49-93-9204) in Industrial.",,,,,,,,,,,,,,,,,,,,,,,,,,,,,,,,,,,,,,,,,,,,,,,,,,,,,,,,,,,,,,,,,,,,,,,,,,,,,,,,,,,,,,,,,,,,,,,,,,,,,,,,,,,,,,,,,,,,,,,,,,,,,,,,,,,,,,,,,,,,,,,,,,,,,,,,,,,,,,,,,,,,,,,,,,,,,,,,,,,,,,,,,,,,,,,,,,,,,,,,,,,,,,,,,,,,,,,,,,,,,,,No
,,,,,,,Tools,Industrial,General,,49-93-9207,"49-93-9207 Milw 7"" Diamond - Tile Blade",-- Unbranded --,-- No Unilog Brand --,-- No DIB Brand --,Milwaukee Accessory (4031),Milwaukee Accessory,Milwaukee,,49-93-9207,49-93-9207,Tools > Industrial > General,"Milwaukee Accessory 49-93-9207 Milw 7"" Diamond - Tile Blade","MILWAUKEE ACCESSORY 49-93-9207 MILW 7"" DIAMOND - TILE BLADE","Milwaukee Accessory 49-93-9207 Milw 7"" Diamond - Tile Blade","Milwaukee Accessory Milw 7"" Diamond - Tile Blade (MPN: 49-93-9207) in the Tools > Industrial > General category.","Milwaukee Accessory Milw 7"" Diamond - Tile Blade (49-93-9207) in Industrial.","Milwaukee Accessory Milw 7"" Diamond - Tile Blade (49-93-9207) in Industrial.",,,,,,,,,,,,,,,,,,,,,,,,,,,,,,,,,,,,,,,,,,,,,,,,,,,,,,,,,,,,,,,,,,,,,,,,,,,,,,,,,,,,,,,,,,,,,,,,,,,,,,,,,,,,,,,,,,,,,,,,,,,,,,,,,,,,,,,,,,,,,,,,,,,,,,,,,,,,,,,,,,,,,,,,,,,,,,,,,,,,,,,,,,,,,,,,,,,,,,,,,,,,,,,,,,,,,,,,,,,,,,,No
,,,,,,,Tools,Industrial,General,,49-93-9210,"49-93-9210 Milw 10"" Diamond - Tile Blade",-- Unbranded --,-- No Unilog Brand --,-- No DIB Brand --,Milwaukee Accessory (4031),Milwaukee Accessory,Milwaukee,,49-93-9210,49-93-9210,Tools > Industrial > General,"Milwaukee Accessory 49-93-9210 Milw 10"" Diamond - Tile Blade","MILWAUKEE ACCESSORY 49-93-9210 MILW 10"" DIAMOND - TILE BLADE","Milwaukee Accessory 49-93-9210 Milw 10"" Diamond - Tile Blade","Milwaukee Accessory Milw 10"" Diamond - Tile Blade (MPN: 49-93-9210) in the Tools > Industrial > General category.","Milwaukee Accessory Milw 10"" Diamond - Tile Blade (49-93-9210) in Industrial.","Milwaukee Accessory Milw 10"" Diamond - Tile Blade (49-93-9210) in Industrial.",,,,,,,,,,,,,,,,,,,,,,,,,,,,,,,,,,,,,,,,,,,,,,,,,,,,,,,,,,,,,,,,,,,,,,,,,,,,,,,,,,,,,,,,,,,,,,,,,,,,,,,,,,,,,,,,,,,,,,,,,,,,,,,,,,,,,,,,,,,,,,,,,,,,,,,,,,,,,,,,,,,,,,,,,,,,,,,,,,,,,,,,,,,,,,,,,,,,,,,,,,,,,,,,,,,,,,,,,,,,,,,No
,,,,,,,Tools,Industrial,General,,49-93-9202,"49-93-9202 Milw 4"" Diamond - Tile Blade",-- Unbranded --,-- No Unilog Brand --,-- No DIB Brand --,Milwaukee Accessory (4031),Milwaukee Accessory,Milwaukee,,49-93-9202,49-93-9202,Tools > Industrial > General,"Milwaukee Accessory 49-93-9202 Milw 4"" Diamond - Tile Blade","MILWAUKEE ACCESSORY 49-93-9202 MILW 4"" DIAMOND - TILE BLADE","Milwaukee Accessory 49-93-9202 Milw 4"" Diamond - Tile Blade","Milwaukee Accessory Milw 4"" Diamond - Tile Blade (MPN: 49-93-9202) in the Tools > Industrial > General category.","Milwaukee Accessory Milw 4"" Diamond - Tile Blade (49-93-9202) in Industrial.","Milwaukee Accessory Milw 4"" Diamond - Tile Blade (49-93-9202) in Industrial.",,,,,,,,,,,,,,,,,,,,,,,,,,,,,,,,,,,,,,,,,,,,,,,,,,,,,,,,,,,,,,,,,,,,,,,,,,,,,,,,,,,,,,,,,,,,,,,,,,,,,,,,,,,,,,,,,,,,,,,,,,,,,,,,,,,,,,,,,,,,,,,,,,,,,,,,,,,,,,,,,,,,,,,,,,,,,,,,,,,,,,,,,,,,,,,,,,,,,,,,,,,,,,,,,,,,,,,,,,,,,,,No
,,,,,,,Tools,Industrial,General,,49-93-9205,"49-93-9205 Milw 5"" Diamond - Tile Blade",-- Unbranded --,-- No Unilog Brand --,-- No DIB Brand --,Milwaukee Accessory (4031),Milwaukee Accessory,Milwaukee,,49-93-9205,49-93-9205,Tools > Industrial > General,"Milwaukee Accessory 49-93-9205 Milw 5"" Diamond - Tile Blade","MILWAUKEE ACCESSORY 49-93-9205 MILW 5"" DIAMOND - TILE BLADE","Milwaukee Accessory 49-93-9205 Milw 5"" Diamond - Tile Blade","Milwaukee Accessory Milw 5"" Diamond - Tile Blade (MPN: 49-93-9205) in the Tools > Industrial > General category.","Milwaukee Accessory Milw 5"" Diamond - Tile Blade (49-93-9205) in Industrial.","Milwaukee Accessory Milw 5"" Diamond - Tile Blade (49-93-9205) in Industrial.",,,,,,,,,,,,,,,,,,,,,,,,,,,,,,,,,,,,,,,,,,,,,,,,,,,,,,,,,,,,,,,,,,,,,,,,,,,,,,,,,,,,,,,,,,,,,,,,,,,,,,,,,,,,,,,,,,,,,,,,,,,,,,,,,,,,,,,,,,,,,,,,,,,,,,,,,,,,,,,,,,,,,,,,,,,,,,,,,,,,,,,,,,,,,,,,,,,,,,,,,,,,,,,,,,,,,,,,,,,,,,,No
,,,,,,,Tools,Industrial,General,,49-22-4702,49-22-4702 Milw 13pc Quik-Lock Hole Dozer Kit,-- Unbranded --,-- No Unilog Brand --,-- No DIB Brand --,Milwaukee Accessory (4031),Milwaukee Accessory,Milwaukee,,49-22-4702,49-22-4702,Tools > Industrial > General,Milwaukee Accessory 49-22-4702 Milw 13pc Quik-Lock Hole Dozer Kit,MILWAUKEE ACCESSORY 49-22-4702 MILW 13PC QUIK-LOCK HOLE DOZE,Milwaukee Accessory 49-22-4702 Milw 13pc Quik-Lock Hole Dozer Kit,Milwaukee Accessory Milw 13pc Quik-Lock Hole Dozer Kit (MPN: 49-22-4702) in the Tools > Industrial > General category.,Milwaukee Accessory Milw 13pc Quik-Lock Hole Dozer Kit (49-22-4702) in Industrial.,Milwaukee Accessory Milw 13pc Quik-Lock Hole Dozer Kit (49-22-4702) in Industrial.,,,,,,,,,,,,,,,,,,,,,,,,,,,,,,,,,,,,,,,,,,,,,,,,,,,,,,,,,,,,,,,,,,,,,,,,,,,,,,,,,,,,,,,,,,,,,,,,,,,,,,,,,,,,,,,,,,,,,,,,,,,,,,,,,,,,,,,,,,,,,,,,,,,,,,,,,,,,,,,,,,,,,,,,,,,,,,,,,,,,,,,,,,,,,,,,,,,,,,,,,,,,,,,,,,,,,,,,,,,,,,,No
,,,,,,,Tools,Industrial,General,,DJT155HHM,"DJT155HHM Diablo 3-3/5"" 10 TPI - Jig Saw Blade",-- Unbranded --,-- No Unilog Brand --,-- No DIB Brand --,Freud Inc (2435),Freud Inc,Diablo,,DJT155HHM,DJT155HHM,Tools > Industrial > General,"Freud Inc DJT155HHM Diablo 3-3/5"" 10 TPI - Jig Saw Blade","FREUD INC DJT155HHM DIABLO 3-3/5"" 10 TPI - JIG SAW BLADE","Freud Inc DJT155HHM Diablo 3-3/5"" 10 TPI - Jig Saw Blade","Freud Inc Diablo 3-3/5"" 10 TPI - Jig Saw Blade (MPN: DJT155HHM) in the Tools > Industrial > General category.","Freud Inc Diablo 3-3/5"" 10 TPI - Jig Saw Blade (DJT155HHM) in Industrial.","Freud Inc Diablo 3-3/5"" 10 TPI - Jig Saw Blade (DJT155HHM) in Industrial.",,,,,,,,,,,,,,,,,,,,,,,,,,,,,,,,,,,,,,,,,,,,,,,,,,,,,,,,,,,,,,,,,,,,,,,,,,,,,,,,,,,,,,,,,,,,,,,,,,,,,,,,,,,,,,,,,,,,,,,,,,,,,,,,,,,,,,,,,,,,,,,,,,,,,,,,,,,,,,,,,,,,,,,,,,,,,,,,,,,,,,,,,,,,,,,,,,,,,,,,,,,,,,,,,,,,,,,,,,,,,,,No
,,,,,,,Tools,Industrial,General,,790.82,790.820 CMT Planer Blade 2pc,-- Unbranded --,-- No Unilog Brand --,-- No DIB Brand --,CMT USA Inc (CMTUS),CMT USA Inc (CMTUS),,,790.82,790.82,Tools > Industrial > General,CMT USA Inc 790.82 0 CMT Planer Blade 2pc,CMT USA INC 790.82 0 CMT PLANER BLADE 2PC,CMT USA Inc 790.82 0 CMT Planer Blade 2pc,CMT USA Inc 0 CMT Planer Blade 2pc (MPN: 790.82) in the Tools > Industrial > General category.,CMT USA Inc 0 CMT Planer Blade 2pc (790.82) in Industrial.,CMT USA Inc 0 CMT Planer Blade 2pc (790.82) in Industrial.,,,,,,,,,,,,,,,,,,,,,,,,,,,,,,,,,,,,,,,,,,,,,,,,,,,,,,,,,,,,,,,,,,,,,,,,,,,,,,,,,,,,,,,,,,,,,,,,,,,,,,,,,,,,,,,,,,,,,,,,,,,,,,,,,,,,,,,,,,,,,,,,,,,,,,,,,,,,,,,,,,,,,,,,,,,,,,,,,,,,,,,,,,,,,,,,,,,,,,,,,,,,,,,,,,,,,,,,,,,,,,,No
,,,,,,,Tools,Industrial,General,,794.321,794.321 HS Planer Knives 3pc,-- Unbranded --,-- No Unilog Brand --,-- No DIB Brand --,CMT USA Inc (CMTUS),CMT USA Inc (CMTUS),,,794.321,794.321,Tools > Industrial > General,CMT USA Inc 794.321 HS Planer Knives 3pc,CMT USA INC 794.321 HS PLANER KNIVES 3PC,CMT USA Inc 794.321 HS Planer Knives 3pc,CMT USA Inc HS Planer Knives 3pc (MPN: 794.321) in the Tools > Industrial > General category.,CMT USA Inc HS Planer Knives 3pc (794.321) in Industrial.,CMT USA Inc HS Planer Knives 3pc (794.321) in Industrial.,,,,,,,,,,,,,,,,,,,,,,,,,,,,,,,,,,,,,,,,,,,,,,,,,,,,,,,,,,,,,,,,,,,,,,,,,,,,,,,,,,,,,,,,,,,,,,,,,,,,,,,,,,,,,,,,,,,,,,,,,,,,,,,,,,,,,,,,,,,,,,,,,,,,,,,,,,,,,,,,,,,,,,,,,,,,,,,,,,,,,,,,,,,,,,,,,,,,,,,,,,,,,,,,,,,,,,,,,,,,,,,No
,,,,,,,Tools,Industrial,General,,49-22-5641,49-22-5641 Milw Packout 15pc - Sawzall Blade Kit,-- Unbranded --,-- No Unilog Brand --,-- No DIB Brand --,Milwaukee Accessory (4031),Milwaukee Accessory,Milwaukee,,49-22-5641,49-22-5641,Tools > Industrial > General,Milwaukee Accessory 49-22-5641 Milw Packout 15pc - Sawzall Blade Kit,MILWAUKEE ACCESSORY 49-22-5641 MILW PACKOUT 15PC - SAWZALL B,Milwaukee Accessory 49-22-5641 Milw Packout 15pc - Sawzall Blade Kit,Milwaukee Accessory Milw Packout 15pc - Sawzall Blade Kit (MPN: 49-22-5641) in the Tools > Industrial > General category.,Milwaukee Accessory Milw Packout 15pc - Sawzall Blade Kit (49-22-5641) in Industrial.,Milwaukee Accessory Milw Packout 15pc - Sawzall Blade Kit (49-22-5641) in Industrial.,,,,,,,,,,,,,,,,,,,,,,,,,,,,,,,,,,,,,,,,,,,,,,,,,,,,,,,,,,,,,,,,,,,,,,,,,,,,,,,,,,,,,,,,,,,,,,,,,,,,,,,,,,,,,,,,,,,,,,,,,,,,,,,,,,,,,,,,,,,,,,,,,,,,,,,,,,,,,,,,,,,,,,,,,,,,,,,,,,,,,,,,,,,,,,,,,,,,,,,,,,,,,,,,,,,,,,,,,,,,,,,No
,,,,,,,Tools,Industrial,General,,D0604TSH,"D0604TSH Diablo 6-1/2"" 4-Tooth - Cement Track Saw Blade",-- Unbranded --,-- No Unilog Brand --,-- No DIB Brand --,Freud Inc (2435),Freud Inc,Diablo,,D0604TSH,D0604TSH,Tools > Industrial > General,"Freud Inc D0604TSH Diablo 6-1/2"" 4-Tooth - Cement Track Saw Blade","FREUD INC D0604TSH DIABLO 6-1/2"" 4-TOOTH - CEMENT TRACK SAW","Freud Inc D0604TSH Diablo 6-1/2"" 4-Tooth - Cement Track Saw Blade","Freud Inc Diablo 6-1/2"" 4-Tooth - Cement Track Saw Blade (MPN: D0604TSH) in the Tools > Industrial > General category.","Freud Inc Diablo 6-1/2"" 4-Tooth - Cement Track Saw Blade (D0604TSH) in Industrial.","Freud Inc Diablo 6-1/2"" 4-Tooth - Cement Track Saw Blade (D0604TSH) in Industrial.",,,,,,,,,,,,,,,,,,,,,,,,,,,,,,,,,,,,,,,,,,,,,,,,,,,,,,,,,,,,,,,,,,,,,,,,,,,,,,,,,,,,,,,,,,,,,,,,,,,,,,,,,,,,,,,,,,,,,,,,,,,,,,,,,,,,,,,,,,,,,,,,,,,,,,,,,,,,,,,,,,,,,,,,,,,,,,,,,,,,,,,,,,,,,,,,,,,,,,,,,,,,,,,,,,,,,,,,,,,,,,,No
,,,,,,,Tools,Industrial,General,,D0620TSR,"D0620TSR Diablo 6-1/2""20 Tooth - Framing Saw Blade",-- Unbranded --,-- No Unilog Brand --,-- No DIB Brand --,Freud Inc (2435),Freud Inc,Diablo,,D0620TSR,D0620TSR,Tools > Industrial > General,"Freud Inc D0620TSR Diablo 6-1/2""20 Tooth - Framing Saw Blade","FREUD INC D0620TSR DIABLO 6-1/2""20 TOOTH - FRAMING SAW BLADE","Freud Inc D0620TSR Diablo 6-1/2""20 Tooth - Framing Saw Blade","Freud Inc Diablo 6-1/2""20 Tooth - Framing Saw Blade (MPN: D0620TSR) in the Tools > Industrial > General category.","Freud Inc Diablo 6-1/2""20 Tooth - Framing Saw Blade (D0620TSR) in Industrial.","Freud Inc Diablo 6-1/2""20 Tooth - Framing Saw Blade (D0620TSR) in Industrial.",,,,,,,,,,,,,,,,,,,,,,,,,,,,,,,,,,,,,,,,,,,,,,,,,,,,,,,,,,,,,,,,,,,,,,,,,,,,,,,,,,,,,,,,,,,,,,,,,,,,,,,,,,,,,,,,,,,,,,,,,,,,,,,,,,,,,,,,,,,,,,,,,,,,,,,,,,,,,,,,,,,,,,,,,,,,,,,,,,,,,,,,,,,,,,,,,,,,,,,,,,,,,,,,,,,,,,,,,,,,,,,No
,,,,,,,Tools,Industrial,General,,D0648TSF,"D0648TSF Diablo 6-1/2""48 Tooth - Plywood Track Saw Blade",-- Unbranded --,-- No Unilog Brand --,-- No DIB Brand --,Freud Inc (2435),Freud Inc,Diablo,,D0648TSF,D0648TSF,Tools > Industrial > General,"Freud Inc D0648TSF Diablo 6-1/2""48 Tooth - Plywood Track Saw Blade","FREUD INC D0648TSF DIABLO 6-1/2""48 TOOTH - PLYWOOD TRACK SAW","Freud Inc D0648TSF Diablo 6-1/2""48 Tooth - Plywood Track Saw Blade","Freud Inc Diablo 6-1/2""48 Tooth - Plywood Track Saw Blade (MPN: D0648TSF) in the Tools > Industrial > General category.","Freud Inc Diablo 6-1/2""48 Tooth - Plywood Track Saw Blade (D0648TSF) in Industrial.","Freud Inc Diablo 6-1/2""48 Tooth - Plywood Track Saw Blade (D0648TSF) in Industrial.",,,,,,,,,,,,,,,,,,,,,,,,,,,,,,,,,,,,,,,,,,,,,,,,,,,,,,,,,,,,,,,,,,,,,,,,,,,,,,,,,,,,,,,,,,,,,,,,,,,,,,,,,,,,,,,,,,,,,,,,,,,,,,,,,,,,,,,,,,,,,,,,,,,,,,,,,,,,,,,,,,,,,,,,,,,,,,,,,,,,,,,,,,,,,,,,,,,,,,,,,,,,,,,,,,,,,,,,,,,,,,,No
,,,,,,,Tools,Industrial,General,,D0652TSL,"D0652TSL Diablo 6-1/2""52 Tooth - Laminate Track Saw Blade",-- Unbranded --,-- No Unilog Brand --,-- No DIB Brand --,Freud Inc (2435),Freud Inc,Diablo,,D0652TSL,D0652TSL,Tools > Industrial > General,"Freud Inc D0652TSL Diablo 6-1/2""52 Tooth - Laminate Track Saw Blade","FREUD INC D0652TSL DIABLO 6-1/2""52 TOOTH - LAMINATE TRACK SA","Freud Inc D0652TSL Diablo 6-1/2""52 Tooth - Laminate Track Saw Blade","Freud Inc Diablo 6-1/2""52 Tooth - Laminate Track Saw Blade (MPN: D0652TSL) in the Tools > Industrial > General category.","Freud Inc Diablo 6-1/2""52 Tooth - Laminate Track Saw Blade (D0652TSL) in Industrial.","Freud Inc Diablo 6-1/2""52 Tooth - Laminate Track Saw Blade (D0652TSL) in Industrial.",,,,,,,,,,,,,,,,,,,,,,,,,,,,,,,,,,,,,,,,,,,,,,,,,,,,,,,,,,,,,,,,,,,,,,,,,,,,,,,,,,,,,,,,,,,,,,,,,,,,,,,,,,,,,,,,,,,,,,,,,,,,,,,,,,,,,,,,,,,,,,,,,,,,,,,,,,,,,,,,,,,,,,,,,,,,,,,,,,,,,,,,,,,,,,,,,,,,,,,,,,,,,,,,,,,,,,,,,,,,,,,No
,,,,,,,Tools,Industrial,General,,JT1-549,"JT1-549 JWBS18SFX 18"" Bandsaw - 1.75HP 1PH 115V",-- Unbranded --,-- No Unilog Brand --,-- No DIB Brand --,JPW Industries (JPWIN),JPW Industries (JPWIN),,,JT1-549,JT1-549,Tools > Industrial > General,"JPW Industries JT1-549 JWBS18SFX 18"" Bandsaw - 1.75HP 1PH 115V","JPW INDUSTRIES JT1-549 JWBS18SFX 18"" BANDSAW - 1.75HP 1PH 11","JPW Industries JT1-549 JWBS18SFX 18"" Bandsaw - 1.75HP 1PH 115V","JPW Industries JWBS18SFX 18"" Bandsaw - 1.75HP 1PH 115V (MPN: JT1-549) in the Tools > Industrial > General category.","JPW Industries JWBS18SFX 18"" Bandsaw - 1.75HP 1PH 115V (JT1-549) in Industrial.","JPW Industries JWBS18SFX 18"" Bandsaw - 1.75HP 1PH 115V (JT1-549) in Industrial.",,,,,,,,,,,,,,,,,,,,,,,,,,,,,,,,,,,,,,,,,,,,,,,,,,,,,,,,,,,,,,,,,,,,,,,,,,,,,,,,,,,,,,,,,,,,,,,,,,,,,,,,,,,,,,,,,,,,,,,,,,,,,,,,,,,,,,,,,,,,,,,,,,,,,,,,,,,,,,,,,,,,,,,,,,,,,,,,,,,,,,,,,,,,,,,,,,,,,,,,,,,,,,,,,,,,,,,,,,,,,,,No
,,,,,,,Tools,Industrial,General,,JT1-1371,"JWBS14-SFX-BLK Jet 14"" Bandsaw - JT1-1371",-- Unbranded --,-- No Unilog Brand --,-- No DIB Brand --,JPW Industries (JPWIN),JPW Industries (JPWIN),,,JT1-1371,JT1-1371,Tools > Industrial > General,"JPW Industries JT1-1371 JWBS14-SFX-BLK Jet 14"" Bandsaw - JT1-1371","JPW INDUSTRIES JT1-1371 JWBS14-SFX-BLK JET 14"" BANDSAW - JT1","JPW Industries JT1-1371 JWBS14-SFX-BLK Jet 14"" Bandsaw - JT1-1371","JPW Industries JWBS14-SFX-BLK Jet 14"" Bandsaw - JT1-1371 (MPN: JT1-1371) in the Tools > Industrial > General category.","JPW Industries JWBS14-SFX-BLK Jet 14"" Bandsaw - JT1-1371 (JT1-1371) in Industrial.","JPW Industries JWBS14-SFX-BLK Jet 14"" Bandsaw - JT1-1371 (JT1-1371) in Industrial.",,,,,,,,,,,,,,,,,,,,,,,,,,,,,,,,,,,,,,,,,,,,,,,,,,,,,,,,,,,,,,,,,,,,,,,,,,,,,,,,,,,,,,,,,,,,,,,,,,,,,,,,,,,,,,,,,,,,,,,,,,,,,,,,,,,,,,,,,,,,,,,,,,,,,,,,,,,,,,,,,,,,,,,,,,,,,,,,,,,,,,,,,,,,,,,,,,,,,,,,,,,,,,,,,,,,,,,,,,,,,,,No
,,,,,,,Tools,Industrial,General,,JT9-714400K,"JWBS-14SFX 14"" Bandsaw JTP-714400K",-- Unbranded --,-- No Unilog Brand --,-- No DIB Brand --,JPW Industries (JPWIN),JPW Industries (JPWIN),,,JT9-714400K,JT9-714400K,Tools > Industrial > General,"JPW Industries JT9-714400K JWBS-14SFX 14"" Bandsaw JTP-714400K","JPW INDUSTRIES JT9-714400K JWBS-14SFX 14"" BANDSAW JTP-714400","JPW Industries JT9-714400K JWBS-14SFX 14"" Bandsaw JTP-714400K","JPW Industries JWBS-14SFX 14"" Bandsaw JTP-714400K (MPN: JT9-714400K) in the Tools > Industrial > General category.","JPW Industries JWBS-14SFX 14"" Bandsaw JTP-714400K (JT9-714400K) in Industrial.","JPW Industries JWBS-14SFX 14"" Bandsaw JTP-714400K (JT9-714400K) in Industrial.",,,,,,,,,,,,,,,,,,,,,,,,,,,,,,,,,,,,,,,,,,,,,,,,,,,,,,,,,,,,,,,,,,,,,,,,,,,,,,,,,,,,,,,,,,,,,,,,,,,,,,,,,,,,,,,,,,,,,,,,,,,,,,,,,,,,,,,,,,,,,,,,,,,,,,,,,,,,,,,,,,,,,,,,,,,,,,,,,,,,,,,,,,,,,,,,,,,,,,,,,,,,,,,,,,,,,,,,,,,,,,,No
,,,,,,,Tools,Industrial,General,,2834-21HD,"2834-21HD Milw M18 7-1/4"" Circ - Saw Kit",-- Unbranded --,-- No Unilog Brand --,Milwaukee,Milwaukee Accessory (4031),Milwaukee Accessory,Milwaukee,,2834-21HD,2834-21HD,Tools > Industrial > General,"Milwaukee Accessory 2834-21HD Milw M18 7-1/4"" Circ - Saw Kit","MILWAUKEE ACCESSORY 2834-21HD MILW M18 7-1/4"" CIRC - SAW KIT","Milwaukee Accessory 2834-21HD Milw M18 7-1/4"" Circ - Saw Kit","Milwaukee Accessory Milw M18 7-1/4"" Circ - Saw Kit (MPN: 2834-21HD) in the Tools > Industrial > General category.","Milwaukee Accessory Milw M18 7-1/4"" Circ - Saw Kit (2834-21HD) in Industrial.","Milwaukee Accessory Milw M18 7-1/4"" Circ - Saw Kit (2834-21HD) in Industrial.",,,,,,,,,,,,,,,,,,,,,,,,,,,,,,,,,,,,,,,,,,,,,,,,,,,,,,,,,,,,,,,,,,,,,,,,,,,,,,,,,,,,,,,,,,,,,,,,,,,,,,,,,,,,,,,,,,,,,,,,,,,,,,,,,,,,,,,,,,,,,,,,,,,,,,,,,,,,,,,,,,,,,,,,,,,,,,,,,,,,,,,,,,,,,,,,,,,,,,,,,,,,,,,,,,,,,,,,,,,,,,,No
,,,,,,,Tools,Industrial,General,,DCS383B,"DCS383B Dewalt 20V 7-1/4"" - Metal Cutting Circ Saw",-- Unbranded --,-- No Unilog Brand --,-- No DIB Brand --,Black & Decker/dewlt (2585),Black & Decker/dewlt,DeWalt,,DCS383B,DCS383B,Tools > Industrial > General,"Black & Decker/dewlt DCS383B Dewalt 20V 7-1/4"" - Metal Cutting Circ Saw","BLACK & DECKER/DEWLT DCS383B DEWALT 20V 7-1/4"" - METAL CUTTI","Black & Decker/dewlt DCS383B Dewalt 20V 7-1/4"" - Metal Cutting Circ Saw","Black & Decker/dewlt Dewalt 20V 7-1/4"" - Metal Cutting Circ Saw (MPN: DCS383B) in the Tools > Industrial > General category.","Black & Decker/dewlt Dewalt 20V 7-1/4"" - Metal Cutting Circ Saw (DCS383B) in Industrial.","Black & Decker/dewlt Dewalt 20V 7-1/4"" - Metal Cutting Circ Saw (DCS383B) in Industrial.",,,,,,,,,,,,,,,,,,,,,,,,,,,,,,,,,,,,,,,,,,,,,,,,,,,,,,,,,,,,,,,,,,,,,,,,,,,,,,,,,,,,,,,,,,,,,,,,,,,,,,,,,,,,,,,,,,,,,,,,,,,,,,,,,,,,,,,,,,,,,,,,,,,,,,,,,,,,,,,,,,,,,,,,,,,,,,,,,,,,,,,,,,,,,,,,,,,,,,,,,,,,,,,,,,,,,,,,,,,,,,,No
,,,,,,,Tools,Industrial,General,,DCS590B,"DCS590B Dewalt 20V Cordless - 7-1/4"" Circular Saw (Bare)",-- Unbranded --,-- No Unilog Brand --,DEWALT,Black & Decker/dewlt (2585),Black & Decker/dewlt,DeWalt,,DCS590B,DCS590B,Tools > Industrial > General,"Black & Decker/dewlt DCS590B Dewalt 20V Cordless - 7-1/4"" Circular Saw (Bare)","BLACK & DECKER/DEWLT DCS590B DEWALT 20V CORDLESS - 7-1/4"" CI","Black & Decker/dewlt DCS590B Dewalt 20V Cordless - 7-1/4"" Circular Saw (Bare)","Black & Decker/dewlt Dewalt 20V Cordless - 7-1/4"" Circular Saw (Bare) (MPN: DCS590B) in the Tools > Industrial > General category.","Black & Decker/dewlt Dewalt 20V Cordless - 7-1/4"" Circular Saw (Bare) (DCS590B) in Industrial.","Black & Decker/dewlt Dewalt 20V Cordless - 7-1/4"" Circular Saw (Bare) (DCS590B) in Industrial.",,,,,,,,,,,,,,,,,,,,,,,,,,,,,,,,,,,,,,,,,,,,,,,,,,,,,,,,,,,,,,,,,,,,,,,,,,,,,,,,,,,,,,,,,,,,,,,,,,,,,,,,,,,,,,,,,,,,,,,,,,,,,,,,,,,,,,,,,,,,,,,,,,,,,,,,,,,,,,,,,,,,,,,,,,,,,,,,,,,,,,,,,,,,,,,,,,,,,,,,,,,,,,,,,,,,,,,,,,,,,,,No
,,,,,,,Tools,Industrial,General,,KPTCS725A,"KPTCS725A Kreg 20V Ionic 7-1/4"" Circ Saw",-- Unbranded --,-- No Unilog Brand --,-- No DIB Brand --,Kreg Tool Company (KRETO),Kreg Tool Company (KRETO),,,KPTCS725A,KPTCS725A,Tools > Industrial > General,"Kreg Tool Company KPTCS725A Kreg 20V Ionic 7-1/4"" Circ Saw","KREG TOOL COMPANY KPTCS725A KREG 20V IONIC 7-1/4"" CIRC SAW","Kreg Tool Company KPTCS725A Kreg 20V Ionic 7-1/4"" Circ Saw","Kreg Tool Company Kreg 20V Ionic 7-1/4"" Circ Saw (MPN: KPTCS725A) in the Tools > Industrial > General category.","Kreg Tool Company Kreg 20V Ionic 7-1/4"" Circ Saw (KPTCS725A) in Industrial.","Kreg Tool Company Kreg 20V Ionic 7-1/4"" Circ Saw (KPTCS725A) in Industrial.",,,,,,,,,,,,,,,,,,,,,,,,,,,,,,,,,,,,,,,,,,,,,,,,,,,,,,,,,,,,,,,,,,,,,,,,,,,,,,,,,,,,,,,,,,,,,,,,,,,,,,,,,,,,,,,,,,,,,,,,,,,,,,,,,,,,,,,,,,,,,,,,,,,,,,,,,,,,,,,,,,,,,,,,,,,,,,,,,,,,,,,,,,,,,,,,,,,,,,,,,,,,,,,,,,,,,,,,,,,,,,,No
,,,,,,,Tools,Industrial,General,,KPTCS450A,"KPTCS450A Kreg 20V Ionic 4-1/2"" Circ Saw",-- Unbranded --,-- No Unilog Brand --,-- No DIB Brand --,Kreg Tool Company (KRETO),Kreg Tool Company (KRETO),,,KPTCS450A,KPTCS450A,Tools > Industrial > General,"Kreg Tool Company KPTCS450A Kreg 20V Ionic 4-1/2"" Circ Saw","KREG TOOL COMPANY KPTCS450A KREG 20V IONIC 4-1/2"" CIRC SAW","Kreg Tool Company KPTCS450A Kreg 20V Ionic 4-1/2"" Circ Saw","Kreg Tool Company Kreg 20V Ionic 4-1/2"" Circ Saw (MPN: KPTCS450A) in the Tools > Industrial > General category.","Kreg Tool Company Kreg 20V Ionic 4-1/2"" Circ Saw (KPTCS450A) in Industrial.","Kreg Tool Company Kreg 20V Ionic 4-1/2"" Circ Saw (KPTCS450A) in Industrial.",,,,,,,,,,,,,,,,,,,,,,,,,,,,,,,,,,,,,,,,,,,,,,,,,,,,,,,,,,,,,,,,,,,,,,,,,,,,,,,,,,,,,,,,,,,,,,,,,,,,,,,,,,,,,,,,,,,,,,,,,,,,,,,,,,,,,,,,,,,,,,,,,,,,,,,,,,,,,,,,,,,,,,,,,,,,,,,,,,,,,,,,,,,,,,,,,,,,,,,,,,,,,,,,,,,,,,,,,,,,,,,No
,,,,,,,Tools,Industrial,General,,2545-20,2545-20 Milw M12 Jig Saw,-- Unbranded --,-- No Unilog Brand --,Milwaukee,Milwaukee Accessory (4031),Milwaukee Accessory,Milwaukee,,2545-20,2545-20,Tools > Industrial > General,Milwaukee Accessory 2545-20 Milw M12 Jig Saw,MILWAUKEE ACCESSORY 2545-20 MILW M12 JIG SAW,Milwaukee Accessory 2545-20 Milw M12 Jig Saw,Milwaukee Accessory Milw M12 Jig Saw (MPN: 2545-20) in the Tools > Industrial > General category.,Milwaukee Accessory Milw M12 Jig Saw (2545-20) in Industrial.,Milwaukee Accessory Milw M12 Jig Saw (2545-20) in Industrial.,,,,,,,,,,,,,,,,,,,,,,,,,,,,,,,,,,,,,,,,,,,,,,,,,,,,,,,,,,,,,,,,,,,,,,,,,,,,,,,,,,,,,,,,,,,,,,,,,,,,,,,,,,,,,,,,,,,,,,,,,,,,,,,,,,,,,,,,,,,,,,,,,,,,,,,,,,,,,,,,,,,,,,,,,,,,,,,,,,,,,,,,,,,,,,,,,,,,,,,,,,,,,,,,,,,,,,,,,,,,,,,No
,,,,,,,Tools,Industrial,General,,KPTJS100A,KPTJS100A Kreg 20V Ionic Barrel Grip Jigsaw,-- Unbranded --,-- No Unilog Brand --,-- No DIB Brand --,Kreg Tool Company (KRETO),Kreg Tool Company (KRETO),,,KPTJS100A,KPTJS100A,Tools > Industrial > General,Kreg Tool Company KPTJS100A Kreg 20V Ionic Barrel Grip Jigsaw,KREG TOOL COMPANY KPTJS100A KREG 20V IONIC BARREL GRIP JIGSA,Kreg Tool Company KPTJS100A Kreg 20V Ionic Barrel Grip Jigsaw,Kreg Tool Company Kreg 20V Ionic Barrel Grip Jigsaw (MPN: KPTJS100A) in the Tools > Industrial > General category.,Kreg Tool Company Kreg 20V Ionic Barrel Grip Jigsaw (KPTJS100A) in Industrial.,Kreg Tool Company Kreg 20V Ionic Barrel Grip Jigsaw (KPTJS100A) in Industrial.,,,,,,,,,,,,,,,,,,,,,,,,,,,,,,,,,,,,,,,,,,,,,,,,,,,,,,,,,,,,,,,,,,,,,,,,,,,,,,,,,,,,,,,,,,,,,,,,,,,,,,,,,,,,,,,,,,,,,,,,,,,,,,,,,,,,,,,,,,,,,,,,,,,,,,,,,,,,,,,,,,,,,,,,,,,,,,,,,,,,,,,,,,,,,,,,,,,,,,,,,,,,,,,,,,,,,,,,,,,,,,,No
,,,,,,,Tools,Industrial,General,,DCS714B,"DCS714B Dewalt 20V Miter Saw - (Bare) 10"" Double Bevel Fixed",-- Unbranded --,-- No Unilog Brand --,-- No DIB Brand --,Black & Decker/dewlt (2585),Black & Decker/dewlt,DeWalt,,DCS714B,DCS714B,Tools > Industrial > General,"Black & Decker/dewlt DCS714B Dewalt 20V Miter Saw - (Bare) 10"" Double Bevel Fixed",BLACK & DECKER/DEWLT DCS714B DEWALT 20V MITER SAW - (BARE) 1,"Black & Decker/dewlt DCS714B Dewalt 20V Miter Saw - (Bare) 10"" Double Bevel Fixed","Black & Decker/dewlt Dewalt 20V Miter Saw - (Bare) 10"" Double Bevel Fixed (MPN: DCS714B) in the Tools > Industrial > General category.","Black & Decker/dewlt Dewalt 20V Miter Saw - (Bare) 10"" Double Bevel Fixed (DCS714B) in Industrial.","Black & Decker/dewlt Dewalt 20V Miter Saw - (Bare) 10"" Double Bevel Fixed (DCS714B) in Industrial.",,,,,,,,,,,,,,,,,,,,,,,,,,,,,,,,,,,,,,,,,,,,,,,,,,,,,,,,,,,,,,,,,,,,,,,,,,,,,,,,,,,,,,,,,,,,,,,,,,,,,,,,,,,,,,,,,,,,,,,,,,,,,,,,,,,,,,,,,,,,,,,,,,,,,,,,,,,,,,,,,,,,,,,,,,,,,,,,,,,,,,,,,,,,,,,,,,,,,,,,,,,,,,,,,,,,,,,,,,,,,,,No
,,,,,,,Tools,Industrial,General,,DCS785B,"DCS785B Dewalt 20V Miter Saw - Kit 12"" Double Bevel Sliding",-- Unbranded --,-- No Unilog Brand --,-- No DIB Brand --,Black & Decker/dewlt (2585),Black & Decker/dewlt,DeWalt,,DCS785B,DCS785B,Tools > Industrial > General,"Black & Decker/dewlt DCS785B Dewalt 20V Miter Saw - Kit 12"" Double Bevel Sliding","BLACK & DECKER/DEWLT DCS785B DEWALT 20V MITER SAW - KIT 12""","Black & Decker/dewlt DCS785B Dewalt 20V Miter Saw - Kit 12"" Double Bevel Sliding","Black & Decker/dewlt Dewalt 20V Miter Saw - Kit 12"" Double Bevel Sliding (MPN: DCS785B) in the Tools > Industrial > General category.","Black & Decker/dewlt Dewalt 20V Miter Saw - Kit 12"" Double Bevel Sliding (DCS785B) in Industrial.","Black & Decker/dewlt Dewalt 20V Miter Saw - Kit 12"" Double Bevel Sliding (DCS785B) in Industrial.",,,,,,,,,,,,,,,,,,,,,,,,,,,,,,,,,,,,,,,,,,,,,,,,,,,,,,,,,,,,,,,,,,,,,,,,,,,,,,,,,,,,,,,,,,,,,,,,,,,,,,,,,,,,,,,,,,,,,,,,,,,,,,,,,,,,,,,,,,,,,,,,,,,,,,,,,,,,,,,,,,,,,,,,,,,,,,,,,,,,,,,,,,,,,,,,,,,,,,,,,,,,,,,,,,,,,,,,,,,,,,,No
,,,,,,,Tools,Industrial,General,,GSL02M1,"GSL02M1 Makita Miter Saw - 40V 8-1/2""",-- Unbranded --,-- No Unilog Brand --,-- No DIB Brand --,Makita Usa Inc (5142),Makita Usa Inc,Makita,,GSL02M1,GSL02M1,Tools > Industrial > General,"Makita Usa Inc GSL02M1 Makita Miter Saw - 40V 8-1/2""","MAKITA USA INC GSL02M1 MAKITA MITER SAW - 40V 8-1/2""","Makita Usa Inc GSL02M1 Makita Miter Saw - 40V 8-1/2""","Makita Usa Inc Makita Miter Saw - 40V 8-1/2"" (MPN: GSL02M1) in the Tools > Industrial > General category.","Makita Usa Inc Makita Miter Saw - 40V 8-1/2"" (GSL02M1) in Industrial.","Makita Usa Inc Makita Miter Saw - 40V 8-1/2"" (GSL02M1) in Industrial.",,,,,,,,,,,,,,,,,,,,,,,,,,,,,,,,,,,,,,,,,,,,,,,,,,,,,,,,,,,,,,,,,,,,,,,,,,,,,,,,,,,,,,,,,,,,,,,,,,,,,,,,,,,,,,,,,,,,,,,,,,,,,,,,,,,,,,,,,,,,,,,,,,,,,,,,,,,,,,,,,,,,,,,,,,,,,,,,,,,,,,,,,,,,,,,,,,,,,,,,,,,,,,,,,,,,,,,,,,,,,,,No
,,,,,,,Tools,Industrial,General,,DW7029,DW7029 Dewalt Miter Saw - Stand Support/Stop,-- Unbranded --,-- No Unilog Brand --,-- No DIB Brand --,Black & Decker/dewlt (2585),Black & Decker/dewlt,DeWalt,,DW7029,DW7029,Tools > Industrial > General,Black & Decker/dewlt DW7029 Dewalt Miter Saw - Stand Support/Stop,BLACK & DECKER/DEWLT DW7029 DEWALT MITER SAW - STAND SUPPORT,Black & Decker/dewlt DW7029 Dewalt Miter Saw - Stand Support/Stop,Black & Decker/dewlt Dewalt Miter Saw - Stand Support/Stop (MPN: DW7029) in the Tools > Industrial > General category.,Black & Decker/dewlt Dewalt Miter Saw - Stand Support/Stop (DW7029) in Industrial.,Black & Decker/dewlt Dewalt Miter Saw - Stand Support/Stop (DW7029) in Industrial.,,,,,,,,,,,,,,,,,,,,,,,,,,,,,,,,,,,,,,,,,,,,,,,,,,,,,,,,,,,,,,,,,,,,,,,,,,,,,,,,,,,,,,,,,,,,,,,,,,,,,,,,,,,,,,,,,,,,,,,,,,,,,,,,,,,,,,,,,,,,,,,,,,,,,,,,,,,,,,,,,,,,,,,,,,,,,,,,,,,,,,,,,,,,,,,,,,,,,,,,,,,,,,,,,,,,,,,,,,,,,,,No
,,,,,,,Tools,Industrial,General,,DCS384B,DCS384B Dewalt 20V Brushless - Cordless Recip Saw (Bare),-- Unbranded --,-- No Unilog Brand --,DEWALT,Black & Decker/dewlt (2585),Black & Decker/dewlt,DeWalt,,DCS384B,DCS384B,Tools > Industrial > General,Black & Decker/dewlt DCS384B Dewalt 20V Brushless - Cordless Recip Saw (Bare),BLACK & DECKER/DEWLT DCS384B DEWALT 20V BRUSHLESS - CORDLESS,Black & Decker/dewlt DCS384B Dewalt 20V Brushless - Cordless Recip Saw (Bare),Black & Decker/dewlt Dewalt 20V Brushless - Cordless Recip Saw (Bare) (MPN: DCS384B) in the Tools > Industrial > General category.,Black & Decker/dewlt Dewalt 20V Brushless - Cordless Recip Saw (Bare) (DCS384B) in Industrial.,Black & Decker/dewlt Dewalt 20V Brushless - Cordless Recip Saw (Bare) (DCS384B) in Industrial.,,,,,,,,,,,,,,,,,,,,,,,,,,,,,,,,,,,,,,,,,,,,,,,,,,,,,,,,,,,,,,,,,,,,,,,,,,,,,,,,,,,,,,,,,,,,,,,,,,,,,,,,,,,,,,,,,,,,,,,,,,,,,,,,,,,,,,,,,,,,,,,,,,,,,,,,,,,,,,,,,,,,,,,,,,,,,,,,,,,,,,,,,,,,,,,,,,,,,,,,,,,,,,,,,,,,,,,,,,,,,,,No
,,,,,,,Tools,Industrial,General,,XRJ08Z,XRJ08Z Makita 18V Recip Saw - Bare Tool,-- Unbranded --,-- No Unilog Brand --,-- No DIB Brand --,Makita Usa Inc (5142),Makita Usa Inc,Makita,,XRJ08Z,XRJ08Z,Tools > Industrial > General,Makita Usa Inc XRJ08Z Makita 18V Recip Saw - Bare Tool,MAKITA USA INC XRJ08Z MAKITA 18V RECIP SAW - BARE TOOL,Makita Usa Inc XRJ08Z Makita 18V Recip Saw - Bare Tool,Makita Usa Inc Makita 18V Recip Saw - Bare Tool (MPN: XRJ08Z) in the Tools > Industrial > General category.,Makita Usa Inc Makita 18V Recip Saw - Bare Tool (XRJ08Z) in Industrial.,Makita Usa Inc Makita 18V Recip Saw - Bare Tool (XRJ08Z) in Industrial.,,,,,,,,,,,,,,,,,,,,,,,,,,,,,,,,,,,,,,,,,,,,,,,,,,,,,,,,,,,,,,,,,,,,,,,,,,,,,,,,,,,,,,,,,,,,,,,,,,,,,,,,,,,,,,,,,,,,,,,,,,,,,,,,,,,,,,,,,,,,,,,,,,,,,,,,,,,,,,,,,,,,,,,,,,,,,,,,,,,,,,,,,,,,,,,,,,,,,,,,,,,,,,,,,,,,,,,,,,,,,,,No
,,,,,,,Tools,Industrial,General,,G0771Z,"Grizzly G0771Z 30"" Table Saw",-- Unbranded --,-- No Unilog Brand --,-- No DIB Brand --,Woodstock Intl (3658),Woodstock Intl,,,G0771Z,G0771Z,Tools > Industrial > General,"Woodstock Intl G0771Z Grizzly G0771Z 30"" Table Saw","WOODSTOCK INTL G0771Z GRIZZLY G0771Z 30"" TABLE SAW","Woodstock Intl G0771Z Grizzly G0771Z 30"" Table Saw","Woodstock Intl Grizzly G0771Z 30"" Table Saw (MPN: G0771Z) in the Tools > Industrial > General category.","Woodstock Intl Grizzly G0771Z 30"" Table Saw (G0771Z) in Industrial.","Woodstock Intl Grizzly G0771Z 30"" Table Saw (G0771Z) in Industrial.",,,,,,,,,,,,,,,,,,,,,,,,,,,,,,,,,,,,,,,,,,,,,,,,,,,,,,,,,,,,,,,,,,,,,,,,,,,,,,,,,,,,,,,,,,,,,,,,,,,,,,,,,,,,,,,,,,,,,,,,,,,,,,,,,,,,,,,,,,,,,,,,,,,,,,,,,,,,,,,,,,,,,,,,,,,,,,,,,,,,,,,,,,,,,,,,,,,,,,,,,,,,,,,,,,,,,,,,,,,,,,,No
,,,,,,,Tools,Industrial,General,,TS1017,TS1017 Table Saw Zero-Clearance Insert,-- Unbranded --,-- No Unilog Brand --,-- No DIB Brand --,Robt Bosch Tool Corp (6564),Robt Bosch Tool Corp,,,TS1017,TS1017,Tools > Industrial > General,Robt Bosch Tool Corp TS1017 Table Saw Zero-Clearance Insert,ROBT BOSCH TOOL CORP TS1017 TABLE SAW ZERO-CLEARANCE INSERT,Robt Bosch Tool Corp TS1017 Table Saw Zero-Clearance Insert,Robt Bosch Tool Corp Table Saw Zero-Clearance Insert (MPN: TS1017) in the Tools > Industrial > General category.,Robt Bosch Tool Corp Table Saw Zero-Clearance Insert (TS1017) in Industrial.,Robt Bosch Tool Corp Table Saw Zero-Clearance Insert (TS1017) in Industrial.,,,,,,,,,,,,,,,,,,,,,,,,,,,,,,,,,,,,,,,,,,,,,,,,,,,,,,,,,,,,,,,,,,,,,,,,,,,,,,,,,,,,,,,,,,,,,,,,,,,,,,,,,,,,,,,,,,,,,,,,,,,,,,,,,,,,,,,,,,,,,,,,,,,,,,,,,,,,,,,,,,,,,,,,,,,,,,,,,,,,,,,,,,,,,,,,,,,,,,,,,,,,,,,,,,,,,,,,,,,,,,,No
,,,,,,,Tools,Industrial,General,,XT524,"XT524 24"" XT XTENDER Fence",-- Unbranded --,-- No Unilog Brand --,-- No DIB Brand --,Bow Products (BOWPR),Bow Products (BOWPR),,,XT524,XT524,Tools > Industrial > General,"Bow Products XT524 24"" XT XTENDER Fence","BOW PRODUCTS XT524 24"" XT XTENDER FENCE","Bow Products XT524 24"" XT XTENDER Fence","Bow Products 24"" XT XTENDER Fence (MPN: XT524) in the Tools > Industrial > General category.","Bow Products 24"" XT XTENDER Fence (XT524) in Industrial.","Bow Products 24"" XT XTENDER Fence (XT524) in Industrial.",,,,,,,,,,,,,,,,,,,,,,,,,,,,,,,,,,,,,,,,,,,,,,,,,,,,,,,,,,,,,,,,,,,,,,,,,,,,,,,,,,,,,,,,,,,,,,,,,,,,,,,,,,,,,,,,,,,,,,,,,,,,,,,,,,,,,,,,,,,,,,,,,,,,,,,,,,,,,,,,,,,,,,,,,,,,,,,,,,,,,,,,,,,,,,,,,,,,,,,,,,,,,,,,,,,,,,,,,,,,,,,No
,,,,,,,Tools,Industrial,General,,XT536,"XT536 36"" XT XTENDER Fence",-- Unbranded --,-- No Unilog Brand --,-- No DIB Brand --,Bow Products (BOWPR),Bow Products (BOWPR),,,XT536,XT536,Tools > Industrial > General,"Bow Products XT536 36"" XT XTENDER Fence","BOW PRODUCTS XT536 36"" XT XTENDER FENCE","Bow Products XT536 36"" XT XTENDER Fence","Bow Products 36"" XT XTENDER Fence (MPN: XT536) in the Tools > Industrial > General category.","Bow Products 36"" XT XTENDER Fence (XT536) in Industrial.","Bow Products 36"" XT XTENDER Fence (XT536) in Industrial.",,,,,,,,,,,,,,,,,,,,,,,,,,,,,,,,,,,,,,,,,,,,,,,,,,,,,,,,,,,,,,,,,,,,,,,,,,,,,,,,,,,,,,,,,,,,,,,,,,,,,,,,,,,,,,,,,,,,,,,,,,,,,,,,,,,,,,,,,,,,,,,,,,,,,,,,,,,,,,,,,,,,,,,,,,,,,,,,,,,,,,,,,,,,,,,,,,,,,,,,,,,,,,,,,,,,,,,,,,,,,,,No
,,,,,,,Tools,Industrial,General,,XT546,"XT546 46"" XT XTENDER Fence",-- Unbranded --,-- No Unilog Brand --,-- No DIB Brand --,Bow Products (BOWPR),Bow Products (BOWPR),,,XT546,XT546,Tools > Industrial > General,"Bow Products XT546 46"" XT XTENDER Fence","BOW PRODUCTS XT546 46"" XT XTENDER FENCE","Bow Products XT546 46"" XT XTENDER Fence","Bow Products 46"" XT XTENDER Fence (MPN: XT546) in the Tools > Industrial > General category.","Bow Products 46"" XT XTENDER Fence (XT546) in Industrial.","Bow Products 46"" XT XTENDER Fence (XT546) in Industrial.",,,,,,,,,,,,,,,,,,,,,,,,,,,,,,,,,,,,,,,,,,,,,,,,,,,,,,,,,,,,,,,,,,,,,,,,,,,,,,,,,,,,,,,,,,,,,,,,,,,,,,,,,,,,,,,,,,,,,,,,,,,,,,,,,,,,,,,,,,,,,,,,,,,,,,,,,,,,,,,,,,,,,,,,,,,,,,,,,,,,,,,,,,,,,,,,,,,,,,,,,,,,,,,,,,,,,,,,,,,,,,,No
,,,,,,,Tools,Industrial,General,,XTP235,"35"" XTP XTENDER PRO Fence - XTP235",-- Unbranded --,-- No Unilog Brand --,-- No DIB Brand --,Bow Products (BOWPR),Bow Products (BOWPR),,,XTP235,XTP235,Tools > Industrial > General,"Bow Products XTP235 35"" XTP XTENDER PRO Fence - XTP235","BOW PRODUCTS XTP235 35"" XTP XTENDER PRO FENCE - XTP235","Bow Products XTP235 35"" XTP XTENDER PRO Fence - XTP235","Bow Products 35"" XTP XTENDER PRO Fence - XTP235 (MPN: XTP235) in the Tools > Industrial > General category.","Bow Products 35"" XTP XTENDER PRO Fence - XTP235 (XTP235) in Industrial.","Bow Products 35"" XTP XTENDER PRO Fence - XTP235 (XTP235) in Industrial.",,,,,,,,,,,,,,,,,,,,,,,,,,,,,,,,,,,,,,,,,,,,,,,,,,,,,,,,,,,,,,,,,,,,,,,,,,,,,,,,,,,,,,,,,,,,,,,,,,,,,,,,,,,,,,,,,,,,,,,,,,,,,,,,,,,,,,,,,,,,,,,,,,,,,,,,,,,,,,,,,,,,,,,,,,,,,,,,,,,,,,,,,,,,,,,,,,,,,,,,,,,,,,,,,,,,,,,,,,,,,,,No
,,,,,,,Tools,Industrial,General,,TGP2-FA,TGP2-FA T-Glide Fence Professional,-- Unbranded --,-- No Unilog Brand --,-- No DIB Brand --,Saw Stop LLC (SAWST),Saw Stop LLC (SAWST),,,TGP2-FA,TGP2-FA,Tools > Industrial > General,Saw Stop LLC TGP2-FA T-Glide Fence Professional,SAW STOP LLC TGP2-FA T-GLIDE FENCE PROFESSIONAL,Saw Stop LLC TGP2-FA T-Glide Fence Professional,Saw Stop LLC T-Glide Fence Professional (MPN: TGP2-FA) in the Tools > Industrial > General category.,Saw Stop LLC T-Glide Fence Professional (TGP2-FA) in Industrial.,Saw Stop LLC T-Glide Fence Professional (TGP2-FA) in Industrial.,,,,,,,,,,,,,,,,,,,,,,,,,,,,,,,,,,,,,,,,,,,,,,,,,,,,,,,,,,,,,,,,,,,,,,,,,,,,,,,,,,,,,,,,,,,,,,,,,,,,,,,,,,,,,,,,,,,,,,,,,,,,,,,,,,,,,,,,,,,,,,,,,,,,,,,,,,,,,,,,,,,,,,,,,,,,,,,,,,,,,,,,,,,,,,,,,,,,,,,,,,,,,,,,,,,,,,,,,,,,,,,No
,,,,,,,Tools,Industrial,General,,ATGI-FA,ATGI-FA T-Glide Advanced Fence Industrial,-- Unbranded --,-- No Unilog Brand --,-- No DIB Brand --,Saw Stop LLC (SAWST),Saw Stop LLC (SAWST),,,ATGI-FA,ATGI-FA,Tools > Industrial > General,Saw Stop LLC ATGI-FA T-Glide Advanced Fence Industrial,SAW STOP LLC ATGI-FA T-GLIDE ADVANCED FENCE INDUSTRIAL,Saw Stop LLC ATGI-FA T-Glide Advanced Fence Industrial,Saw Stop LLC T-Glide Advanced Fence Industrial (MPN: ATGI-FA) in the Tools > Industrial > General category.,Saw Stop LLC T-Glide Advanced Fence Industrial (ATGI-FA) in Industrial.,Saw Stop LLC T-Glide Advanced Fence Industrial (ATGI-FA) in Industrial.,,,,,,,,,,,,,,,,,,,,,,,,,,,,,,,,,,,,,,,,,,,,,,,,,,,,,,,,,,,,,,,,,,,,,,,,,,,,,,,,,,,,,,,,,,,,,,,,,,,,,,,,,,,,,,,,,,,,,,,,,,,,,,,,,,,,,,,,,,,,,,,,,,,,,,,,,,,,,,,,,,,,,,,,,,,,,,,,,,,,,,,,,,,,,,,,,,,,,,,,,,,,,,,,,,,,,,,,,,,,,,,No
,,,,,,,Tools,Industrial,General,,ATGP-FA,ATGP-FA T-Glide Advance Fence Professional,-- Unbranded --,-- No Unilog Brand --,-- No DIB Brand --,Saw Stop LLC (SAWST),Saw Stop LLC (SAWST),,,ATGP-FA,ATGP-FA,Tools > Industrial > General,Saw Stop LLC ATGP-FA T-Glide Advance Fence Professional,SAW STOP LLC ATGP-FA T-GLIDE ADVANCE FENCE PROFESSIONAL,Saw Stop LLC ATGP-FA T-Glide Advance Fence Professional,Saw Stop LLC T-Glide Advance Fence Professional (MPN: ATGP-FA) in the Tools > Industrial > General category.,Saw Stop LLC T-Glide Advance Fence Professional (ATGP-FA) in Industrial.,Saw Stop LLC T-Glide Advance Fence Professional (ATGP-FA) in Industrial.,,,,,,,,,,,,,,,,,,,,,,,,,,,,,,,,,,,,,,,,,,,,,,,,,,,,,,,,,,,,,,,,,,,,,,,,,,,,,,,,,,,,,,,,,,,,,,,,,,,,,,,,,,,,,,,,,,,,,,,,,,,,,,,,,,,,,,,,,,,,,,,,,,,,,,,,,,,,,,,,,,,,,,,,,,,,,,,,,,,,,,,,,,,,,,,,,,,,,,,,,,,,,,,,,,,,,,,,,,,,,,,No
,,,,,,,Tools,Industrial,General,,TGI2-FA,TGI2-FA T-Glide Fence Indudtrial,-- Unbranded --,-- No Unilog Brand --,-- No DIB Brand --,Saw Stop LLC (SAWST),Saw Stop LLC (SAWST),,,TGI2-FA,TGI2-FA,Tools > Industrial > General,Saw Stop LLC TGI2-FA T-Glide Fence Indudtrial,SAW STOP LLC TGI2-FA T-GLIDE FENCE INDUDTRIAL,Saw Stop LLC TGI2-FA T-Glide Fence Indudtrial,Saw Stop LLC T-Glide Fence Indudtrial (MPN: TGI2-FA) in the Tools > Industrial > General category.,Saw Stop LLC T-Glide Fence Indudtrial (TGI2-FA) in Industrial.,Saw Stop LLC T-Glide Fence Indudtrial (TGI2-FA) in Industrial.,,,,,,,,,,,,,,,,,,,,,,,,,,,,,,,,,,,,,,,,,,,,,,,,,,,,,,,,,,,,,,,,,,,,,,,,,,,,,,,,,,,,,,,,,,,,,,,,,,,,,,,,,,,,,,,,,,,,,,,,,,,,,,,,,,,,,,,,,,,,,,,,,,,,,,,,,,,,,,,,,,,,,,,,,,,,,,,,,,,,,,,,,,,,,,,,,,,,,,,,,,,,,,,,,,,,,,,,,,,,,,,No
,,,,,,,Tools,Industrial,General,,TGI2-T36A,"TGI2-T36A 36"" Table Assembly Industrial",-- Unbranded --,-- No Unilog Brand --,-- No DIB Brand --,Saw Stop LLC (SAWST),Saw Stop LLC (SAWST),,,TGI2-T36A,TGI2-T36A,Tools > Industrial > General,"Saw Stop LLC TGI2-T36A 36"" Table Assembly Industrial","SAW STOP LLC TGI2-T36A 36"" TABLE ASSEMBLY INDUSTRIAL","Saw Stop LLC TGI2-T36A 36"" Table Assembly Industrial","Saw Stop LLC 36"" Table Assembly Industrial (MPN: TGI2-T36A) in the Tools > Industrial > General category.","Saw Stop LLC 36"" Table Assembly Industrial (TGI2-T36A) in Industrial.","Saw Stop LLC 36"" Table Assembly Industrial (TGI2-T36A) in Industrial.",,,,,,,,,,,,,,,,,,,,,,,,,,,,,,,,,,,,,,,,,,,,,,,,,,,,,,,,,,,,,,,,,,,,,,,,,,,,,,,,,,,,,,,,,,,,,,,,,,,,,,,,,,,,,,,,,,,,,,,,,,,,,,,,,,,,,,,,,,,,,,,,,,,,,,,,,,,,,,,,,,,,,,,,,,,,,,,,,,,,,,,,,,,,,,,,,,,,,,,,,,,,,,,,,,,,,,,,,,,,,,,No
,,,,,,,Tools,Industrial,General,,KPTBPS100A,"KPTBPS100A Kreg 20V Ionic 6-1/2"" Plunge-Cut Track Saw Kit",-- Unbranded --,-- No Unilog Brand --,-- No DIB Brand --,Kreg Tool Company (KRETO),Kreg Tool Company (KRETO),,,KPTBPS100A,KPTBPS100A,Tools > Industrial > General,"Kreg Tool Company KPTBPS100A Kreg 20V Ionic 6-1/2"" Plunge-Cut Track Saw Kit","KREG TOOL COMPANY KPTBPS100A KREG 20V IONIC 6-1/2"" PLUNGE-CU","Kreg Tool Company KPTBPS100A Kreg 20V Ionic 6-1/2"" Plunge-Cut Track Saw Kit","Kreg Tool Company Kreg 20V Ionic 6-1/2"" Plunge-Cut Track Saw Kit (MPN: KPTBPS100A) in the Tools > Industrial > General category.","Kreg Tool Company Kreg 20V Ionic 6-1/2"" Plunge-Cut Track Saw Kit (KPTBPS100A) in Industrial.","Kreg Tool Company Kreg 20V Ionic 6-1/2"" Plunge-Cut Track Saw Kit (KPTBPS100A) in Industrial.",,,,,,,,,,,,,,,,,,,,,,,,,,,,,,,,,,,,,,,,,,,,,,,,,,,,,,,,,,,,,,,,,,,,,,,,,,,,,,,,,,,,,,,,,,,,,,,,,,,,,,,,,,,,,,,,,,,,,,,,,,,,,,,,,,,,,,,,,,,,,,,,,,,,,,,,,,,,,,,,,,,,,,,,,,,,,,,,,,,,,,,,,,,,,,,,,,,,,,,,,,,,,,,,,,,,,,,,,,,,,,,No
,,,,,,,Tools,Industrial,General,,DCB606C,DCB606C Dewalt Flexvolt Starter Kit,-- Unbranded --,-- No Unilog Brand --,-- No DIB Brand --,Black & Decker/dewlt (2585),Black & Decker/dewlt,DeWalt,,DCB606C,DCB606C,Tools > Industrial > General,Black & Decker/dewlt DCB606C Dewalt Flexvolt Starter Kit,BLACK & DECKER/DEWLT DCB606C DEWALT FLEXVOLT STARTER KIT,Black & Decker/dewlt DCB606C Dewalt Flexvolt Starter Kit,Black & Decker/dewlt Dewalt Flexvolt Starter Kit (MPN: DCB606C) in the Tools > Industrial > General category.,Black & Decker/dewlt Dewalt Flexvolt Starter Kit (DCB606C) in Industrial.,Black & Decker/dewlt Dewalt Flexvolt Starter Kit (DCB606C) in Industrial.,,,,,,,,,,,,,,,,,,,,,,,,,,,,,,,,,,,,,,,,,,,,,,,,,,,,,,,,,,,,,,,,,,,,,,,,,,,,,,,,,,,,,,,,,,,,,,,,,,,,,,,,,,,,,,,,,,,,,,,,,,,,,,,,,,,,,,,,,,,,,,,,,,,,,,,,,,,,,,,,,,,,,,,,,,,,,,,,,,,,,,,,,,,,,,,,,,,,,,,,,,,,,,,,,,,,,,,,,,,,,,,No
,,,,,,,Tools,Industrial,General,,BL1850BDC1,BL1850BDC1 Makita Starter Kit,-- Unbranded --,-- No Unilog Brand --,-- No DIB Brand --,Makita Usa Inc (5142),Makita Usa Inc,Makita,,BL1850BDC1,BL1850BDC1,Tools > Industrial > General,Makita Usa Inc BL1850BDC1 Makita Starter Kit,MAKITA USA INC BL1850BDC1 MAKITA STARTER KIT,Makita Usa Inc BL1850BDC1 Makita Starter Kit,Makita Usa Inc Makita Starter Kit (MPN: BL1850BDC1) in the Tools > Industrial > General category.,Makita Usa Inc Makita Starter Kit (BL1850BDC1) in Industrial.,Makita Usa Inc Makita Starter Kit (BL1850BDC1) in Industrial.,,,,,,,,,,,,,,,,,,,,,,,,,,,,,,,,,,,,,,,,,,,,,,,,,,,,,,,,,,,,,,,,,,,,,,,,,,,,,,,,,,,,,,,,,,,,,,,,,,,,,,,,,,,,,,,,,,,,,,,,,,,,,,,,,,,,,,,,,,,,,,,,,,,,,,,,,,,,,,,,,,,,,,,,,,,,,,,,,,,,,,,,,,,,,,,,,,,,,,,,,,,,,,,,,,,,,,,,,,,,,,,No
,,,,,,,Tools,Industrial,General,,DCB205C,DCB205C 20V Starter Kit,-- Unbranded --,-- No Unilog Brand --,DEWALT,Black & Decker/dewlt (2585),Black & Decker/dewlt,,,DCB205C,DCB205C,Tools > Industrial > General,Black & Decker/dewlt DCB205C 20V Starter Kit,BLACK & DECKER/DEWLT DCB205C 20V STARTER KIT,Black & Decker/dewlt DCB205C 20V Starter Kit,Black & Decker/dewlt 20V Starter Kit (MPN: DCB205C) in the Tools > Industrial > General category.,Black & Decker/dewlt 20V Starter Kit (DCB205C) in Industrial.,Black & Decker/dewlt 20V Starter Kit (DCB205C) in Industrial.,,,,,,,,,,,,,,,,,,,,,,,,,,,,,,,,,,,,,,,,,,,,,,,,,,,,,,,,,,,,,,,,,,,,,,,,,,,,,,,,,,,,,,,,,,,,,,,,,,,,,,,,,,,,,,,,,,,,,,,,,,,,,,,,,,,,,,,,,,,,,,,,,,,,,,,,,,,,,,,,,,,,,,,,,,,,,,,,,,,,,,,,,,,,,,,,,,,,,,,,,,,,,,,,,,,,,,,,,,,,,,,No
,,,,,,,Tools,Industrial,General,,DCB2108,DCB2108 Dewalt 20V 8Ah Battery - Max XR Powerpack,-- Unbranded --,-- No Unilog Brand --,DEWALT,Black & Decker/dewlt (2585),Black & Decker/dewlt,DeWalt,,DCB2108,DCB2108,Tools > Industrial > General,Black & Decker/dewlt DCB2108 Dewalt 20V 8Ah Battery - Max XR Powerpack,BLACK & DECKER/DEWLT DCB2108 DEWALT 20V 8AH BATTERY - MAX XR,Black & Decker/dewlt DCB2108 Dewalt 20V 8Ah Battery - Max XR Powerpack,Black & Decker/dewlt Dewalt 20V 8Ah Battery - Max XR Powerpack (MPN: DCB2108) in the Tools > Industrial > General category.,Black & Decker/dewlt Dewalt 20V 8Ah Battery - Max XR Powerpack (DCB2108) in Industrial.,Black & Decker/dewlt Dewalt 20V 8Ah Battery - Max XR Powerpack (DCB2108) in Industrial.,,,,,,,,,,,,,,,,,,,,,,,,,,,,,,,,,,,,,,,,,,,,,,,,,,,,,,,,,,,,,,,,,,,,,,,,,,,,,,,,,,,,,,,,,,,,,,,,,,,,,,,,,,,,,,,,,,,,,,,,,,,,,,,,,,,,,,,,,,,,,,,,,,,,,,,,,,,,,,,,,,,,,,,,,,,,,,,,,,,,,,,,,,,,,,,,,,,,,,,,,,,,,,,,,,,,,,,,,,,,,,,No
,,,,,,,Tools,Industrial,General,,DCB2108-2,DCB2108-2 Dewalt 20V 8Ah 2pk - Battery Max XR Powerpack,-- Unbranded --,-- No Unilog Brand --,-- No DIB Brand --,Black & Decker/dewlt (2585),Black & Decker/dewlt,DeWalt,,DCB2108-2,DCB2108-2,Tools > Industrial > General,Black & Decker/dewlt DCB2108-2 Dewalt 20V 8Ah 2pk - Battery Max XR Powerpack,BLACK & DECKER/DEWLT DCB2108-2 DEWALT 20V 8AH 2PK - BATTERY,Black & Decker/dewlt DCB2108-2 Dewalt 20V 8Ah 2pk - Battery Max XR Powerpack,Black & Decker/dewlt Dewalt 20V 8Ah 2pk - Battery Max XR Powerpack (MPN: DCB2108-2) in the Tools > Industrial > General category.,Black & Decker/dewlt Dewalt 20V 8Ah 2pk - Battery Max XR Powerpack (DCB2108-2) in Industrial.,Black & Decker/dewlt Dewalt 20V 8Ah 2pk - Battery Max XR Powerpack (DCB2108-2) in Industrial.,,,,,,,,,,,,,,,,,,,,,,,,,,,,,,,,,,,,,,,,,,,,,,,,,,,,,,,,,,,,,,,,,,,,,,,,,,,,,,,,,,,,,,,,,,,,,,,,,,,,,,,,,,,,,,,,,,,,,,,,,,,,,,,,,,,,,,,,,,,,,,,,,,,,,,,,,,,,,,,,,,,,,,,,,,,,,,,,,,,,,,,,,,,,,,,,,,,,,,,,,,,,,,,,,,,,,,,,,,,,,,,No
,,,,,,,Tools,Industrial,General,,VB0212,VB0212 Senco 18V 2.0 AH Lithium Battery,-- Unbranded --,-- No Unilog Brand --,-- No DIB Brand --,Senco Products Inc (4650),Senco Products Inc,,,VB0212,VB0212,Tools > Industrial > General,Senco Products Inc VB0212 Senco 18V 2.0 AH Lithium Battery,SENCO PRODUCTS INC VB0212 SENCO 18V 2.0 AH LITHIUM BATTERY,Senco Products Inc VB0212 Senco 18V 2.0 AH Lithium Battery,Senco Products Inc Senco 18V 2.0 AH Lithium Battery (MPN: VB0212) in the Tools > Industrial > General category.,Senco Products Inc Senco 18V 2.0 AH Lithium Battery (VB0212) in Industrial.,Senco Products Inc Senco 18V 2.0 AH Lithium Battery (VB0212) in Industrial.,,,,,,,,,,,,,,,,,,,,,,,,,,,,,,,,,,,,,,,,,,,,,,,,,,,,,,,,,,,,,,,,,,,,,,,,,,,,,,,,,,,,,,,,,,,,,,,,,,,,,,,,,,,,,,,,,,,,,,,,,,,,,,,,,,,,,,,,,,,,,,,,,,,,,,,,,,,,,,,,,,,,,,,,,,,,,,,,,,,,,,,,,,,,,,,,,,,,,,,,,,,,,,,,,,,,,,,,,,,,,,,No
,,,,,,,Tools,Industrial,General,,BCB2A20A,BCB2A20A Kreg 20V Battery/Charger Starter Kit,-- Unbranded --,-- No Unilog Brand --,-- No DIB Brand --,Kreg Tool Company (KRETO),Kreg Tool Company (KRETO),,,BCB2A20A,BCB2A20A,Tools > Industrial > General,Kreg Tool Company BCB2A20A Kreg 20V Battery/Charger Starter Kit,KREG TOOL COMPANY BCB2A20A KREG 20V BATTERY/CHARGER STARTER,Kreg Tool Company BCB2A20A Kreg 20V Battery/Charger Starter Kit,Kreg Tool Company Kreg 20V Battery/Charger Starter Kit (MPN: BCB2A20A) in the Tools > Industrial > General category.,Kreg Tool Company Kreg 20V Battery/Charger Starter Kit (BCB2A20A) in Industrial.,Kreg Tool Company Kreg 20V Battery/Charger Starter Kit (BCB2A20A) in Industrial.,,,,,,,,,,,,,,,,,,,,,,,,,,,,,,,,,,,,,,,,,,,,,,,,,,,,,,,,,,,,,,,,,,,,,,,,,,,,,,,,,,,,,,,,,,,,,,,,,,,,,,,,,,,,,,,,,,,,,,,,,,,,,,,,,,,,,,,,,,,,,,,,,,,,,,,,,,,,,,,,,,,,,,,,,,,,,,,,,,,,,,,,,,,,,,,,,,,,,,,,,,,,,,,,,,,,,,,,,,,,,,,No
,,,,,,,Tools,Industrial,General,,BATT4A,BATT4A Kreg 20V 4ah Battery Pack,-- Unbranded --,-- No Unilog Brand --,-- No DIB Brand --,Kreg Tool Company (KRETO),Kreg Tool Company (KRETO),,,BATT4A,BATT4A,Tools > Industrial > General,Kreg Tool Company BATT4A Kreg 20V 4ah Battery Pack,KREG TOOL COMPANY BATT4A KREG 20V 4AH BATTERY PACK,Kreg Tool Company BATT4A Kreg 20V 4ah Battery Pack,Kreg Tool Company Kreg 20V 4ah Battery Pack (MPN: BATT4A) in the Tools > Industrial > General category.,Kreg Tool Company Kreg 20V 4ah Battery Pack (BATT4A) in Industrial.,Kreg Tool Company Kreg 20V 4ah Battery Pack (BATT4A) in Industrial.,,,,,,,,,,,,,,,,,,,,,,,,,,,,,,,,,,,,,,,,,,,,,,,,,,,,,,,,,,,,,,,,,,,,,,,,,,,,,,,,,,,,,,,,,,,,,,,,,,,,,,,,,,,,,,,,,,,,,,,,,,,,,,,,,,,,,,,,,,,,,,,,,,,,,,,,,,,,,,,,,,,,,,,,,,,,,,,,,,,,,,,,,,,,,,,,,,,,,,,,,,,,,,,,,,,,,,,,,,,,,,,No
,,,,,,,Tools,Industrial,General,,BATT2A,BATT2A Kreg 20V 2ah Battery Pack,-- Unbranded --,-- No Unilog Brand --,-- No DIB Brand --,Kreg Tool Company (KRETO),Kreg Tool Company (KRETO),,,BATT2A,BATT2A,Tools > Industrial > General,Kreg Tool Company BATT2A Kreg 20V 2ah Battery Pack,KREG TOOL COMPANY BATT2A KREG 20V 2AH BATTERY PACK,Kreg Tool Company BATT2A Kreg 20V 2ah Battery Pack,Kreg Tool Company Kreg 20V 2ah Battery Pack (MPN: BATT2A) in the Tools > Industrial > General category.,Kreg Tool Company Kreg 20V 2ah Battery Pack (BATT2A) in Industrial.,Kreg Tool Company Kreg 20V 2ah Battery Pack (BATT2A) in Industrial.,,,,,,,,,,,,,,,,,,,,,,,,,,,,,,,,,,,,,,,,,,,,,,,,,,,,,,,,,,,,,,,,,,,,,,,,,,,,,,,,,,,,,,,,,,,,,,,,,,,,,,,,,,,,,,,,,,,,,,,,,,,,,,,,,,,,,,,,,,,,,,,,,,,,,,,,,,,,,,,,,,,,,,,,,,,,,,,,,,,,,,,,,,,,,,,,,,,,,,,,,,,,,,,,,,,,,,,,,,,,,,,No
,,,,,,,Tools,Industrial,General,,BL1850BDC2X1,BL1850BDC2X1 Makita Starter Kit,-- Unbranded --,-- No Unilog Brand --,-- No DIB Brand --,Makita Usa Inc (5142),Makita Usa Inc,Makita,,BL1850BDC2X1,BL1850BDC2X1,Tools > Industrial > General,Makita Usa Inc BL1850BDC2X1 Makita Starter Kit,MAKITA USA INC BL1850BDC2X1 MAKITA STARTER KIT,Makita Usa Inc BL1850BDC2X1 Makita Starter Kit,Makita Usa Inc Makita Starter Kit (MPN: BL1850BDC2X1) in the Tools > Industrial > General category.,Makita Usa Inc Makita Starter Kit (BL1850BDC2X1) in Industrial.,Makita Usa Inc Makita Starter Kit (BL1850BDC2X1) in Industrial.,,,,,,,,,,,,,,,,,,,,,,,,,,,,,,,,,,,,,,,,,,,,,,,,,,,,,,,,,,,,,,,,,,,,,,,,,,,,,,,,,,,,,,,,,,,,,,,,,,,,,,,,,,,,,,,,,,,,,,,,,,,,,,,,,,,,,,,,,,,,,,,,,,,,,,,,,,,,,,,,,,,,,,,,,,,,,,,,,,,,,,,,,,,,,,,,,,,,,,,,,,,,,,,,,,,,,,,,,,,,,,,No
,,,,,,,Tools,Industrial,General,,48-11-2422,48-11-2422 Milw M12 CP2.0 Battery Two Pack,-- Unbranded --,-- No Unilog Brand --,-- No DIB Brand --,Milwaukee Accessory (4031),Milwaukee Accessory,Milwaukee,,48-11-2422,48-11-2422,Tools > Industrial > General,Milwaukee Accessory 48-11-2422 Milw M12 CP2.0 Battery Two Pack,MILWAUKEE ACCESSORY 48-11-2422 MILW M12 CP2.0 BATTERY TWO PA,Milwaukee Accessory 48-11-2422 Milw M12 CP2.0 Battery Two Pack,Milwaukee Accessory Milw M12 CP2.0 Battery Two Pack (MPN: 48-11-2422) in the Tools > Industrial > General category.,Milwaukee Accessory Milw M12 CP2.0 Battery Two Pack (48-11-2422) in Industrial.,Milwaukee Accessory Milw M12 CP2.0 Battery Two Pack (48-11-2422) in Industrial.,,,,,,,,,,,,,,,,,,,,,,,,,,,,,,,,,,,,,,,,,,,,,,,,,,,,,,,,,,,,,,,,,,,,,,,,,,,,,,,,,,,,,,,,,,,,,,,,,,,,,,,,,,,,,,,,,,,,,,,,,,,,,,,,,,,,,,,,,,,,,,,,,,,,,,,,,,,,,,,,,,,,,,,,,,,,,,,,,,,,,,,,,,,,,,,,,,,,,,,,,,,,,,,,,,,,,,,,,,,,,,,No
,,,,,,,Tools,Industrial,General,,DCB1104,DCB1104 Dewalt 12V/20V Charger - 4 Amp,-- Unbranded --,-- No Unilog Brand --,-- No DIB Brand --,Black & Decker/dewlt (2585),Black & Decker/dewlt,DeWalt,,DCB1104,DCB1104,Tools > Industrial > General,Black & Decker/dewlt DCB1104 Dewalt 12V/20V Charger - 4 Amp,BLACK & DECKER/DEWLT DCB1104 DEWALT 12V/20V CHARGER - 4 AMP,Black & Decker/dewlt DCB1104 Dewalt 12V/20V Charger - 4 Amp,Black & Decker/dewlt Dewalt 12V/20V Charger - 4 Amp (MPN: DCB1104) in the Tools > Industrial > General category.,Black & Decker/dewlt Dewalt 12V/20V Charger - 4 Amp (DCB1104) in Industrial.,Black & Decker/dewlt Dewalt 12V/20V Charger - 4 Amp (DCB1104) in Industrial.,,,,,,,,,,,,,,,,,,,,,,,,,,,,,,,,,,,,,,,,,,,,,,,,,,,,,,,,,,,,,,,,,,,,,,,,,,,,,,,,,,,,,,,,,,,,,,,,,,,,,,,,,,,,,,,,,,,,,,,,,,,,,,,,,,,,,,,,,,,,,,,,,,,,,,,,,,,,,,,,,,,,,,,,,,,,,,,,,,,,,,,,,,,,,,,,,,,,,,,,,,,,,,,,,,,,,,,,,,,,,,,No
,,,,,,,Tools,Industrial,General,,48-59-1804,48-59-1804 Milw M18 and M12 Rapid Charger,-- Unbranded --,-- No Unilog Brand --,-- No DIB Brand --,Milwaukee Accessory (4031),Milwaukee Accessory,Milwaukee,,48-59-1804,48-59-1804,Tools > Industrial > General,Milwaukee Accessory 48-59-1804 Milw M18 and M12 Rapid Charger,MILWAUKEE ACCESSORY 48-59-1804 MILW M18 AND M12 RAPID CHARGE,Milwaukee Accessory 48-59-1804 Milw M18 and M12 Rapid Charger,Milwaukee Accessory Milw M18 and M12 Rapid Charger (MPN: 48-59-1804) in the Tools > Industrial > General category.,Milwaukee Accessory Milw M18 and M12 Rapid Charger (48-59-1804) in Industrial.,Milwaukee Accessory Milw M18 and M12 Rapid Charger (48-59-1804) in Industrial.,,,,,,,,,,,,,,,,,,,,,,,,,,,,,,,,,,,,,,,,,,,,,,,,,,,,,,,,,,,,,,,,,,,,,,,,,,,,,,,,,,,,,,,,,,,,,,,,,,,,,,,,,,,,,,,,,,,,,,,,,,,,,,,,,,,,,,,,,,,,,,,,,,,,,,,,,,,,,,,,,,,,,,,,,,,,,,,,,,,,,,,,,,,,,,,,,,,,,,,,,,,,,,,,,,,,,,,,,,,,,,,No
,,,,,,,Tools,Industrial,General,,CRGR401A,CRGR401A Kreg 20V Fast Charger,-- Unbranded --,-- No Unilog Brand --,-- No DIB Brand --,Kreg Tool Company (KRETO),Kreg Tool Company (KRETO),,,CRGR401A,CRGR401A,Tools > Industrial > General,Kreg Tool Company CRGR401A Kreg 20V Fast Charger,KREG TOOL COMPANY CRGR401A KREG 20V FAST CHARGER,Kreg Tool Company CRGR401A Kreg 20V Fast Charger,Kreg Tool Company Kreg 20V Fast Charger (MPN: CRGR401A) in the Tools > Industrial > General category.,Kreg Tool Company Kreg 20V Fast Charger (CRGR401A) in Industrial.,Kreg Tool Company Kreg 20V Fast Charger (CRGR401A) in Industrial.,,,,,,,,,,,,,,,,,,,,,,,,,,,,,,,,,,,,,,,,,,,,,,,,,,,,,,,,,,,,,,,,,,,,,,,,,,,,,,,,,,,,,,,,,,,,,,,,,,,,,,,,,,,,,,,,,,,,,,,,,,,,,,,,,,,,,,,,,,,,,,,,,,,,,,,,,,,,,,,,,,,,,,,,,,,,,,,,,,,,,,,,,,,,,,,,,,,,,,,,,,,,,,,,,,,,,,,,,,,,,,,No
,,,,,,,Tools,Industrial,General,,48-59-1211,48-59-1211 Milw Power Supply - Charger,-- Unbranded --,-- No Unilog Brand --,Milwaukee,Milwaukee Accessory (4031),Milwaukee Accessory,Milwaukee,,48-59-1211,48-59-1211,Tools > Industrial > General,Milwaukee Accessory 48-59-1211 Milw Power Supply - Charger,MILWAUKEE ACCESSORY 48-59-1211 MILW POWER SUPPLY - CHARGER,Milwaukee Accessory 48-59-1211 Milw Power Supply - Charger,Milwaukee Accessory Milw Power Supply - Charger (MPN: 48-59-1211) in the Tools > Industrial > General category.,Milwaukee Accessory Milw Power Supply - Charger (48-59-1211) in Industrial.,Milwaukee Accessory Milw Power Supply - Charger (48-59-1211) in Industrial.,,,,,,,,,,,,,,,,,,,,,,,,,,,,,,,,,,,,,,,,,,,,,,,,,,,,,,,,,,,,,,,,,,,,,,,,,,,,,,,,,,,,,,,,,,,,,,,,,,,,,,,,,,,,,,,,,,,,,,,,,,,,,,,,,,,,,,,,,,,,,,,,,,,,,,,,,,,,,,,,,,,,,,,,,,,,,,,,,,,,,,,,,,,,,,,,,,,,,,,,,,,,,,,,,,,,,,,,,,,,,,,No
,,,,,,,Tools,Industrial,General,,2847-20,2847-20 Milw M18 Charger and Power Supply,-- Unbranded --,-- No Unilog Brand --,-- No DIB Brand --,Milwaukee Accessory (4031),Milwaukee Accessory,Milwaukee,,2847-20,2847-20,Tools > Industrial > General,Milwaukee Accessory 2847-20 Milw M18 Charger and Power Supply,MILWAUKEE ACCESSORY 2847-20 MILW M18 CHARGER AND POWER SUPPL,Milwaukee Accessory 2847-20 Milw M18 Charger and Power Supply,Milwaukee Accessory Milw M18 Charger and Power Supply (MPN: 2847-20) in the Tools > Industrial > General category.,Milwaukee Accessory Milw M18 Charger and Power Supply (2847-20) in Industrial.,Milwaukee Accessory Milw M18 Charger and Power Supply (2847-20) in Industrial.,,,,,,,,,,,,,,,,,,,,,,,,,,,,,,,,,,,,,,,,,,,,,,,,,,,,,,,,,,,,,,,,,,,,,,,,,,,,,,,,,,,,,,,,,,,,,,,,,,,,,,,,,,,,,,,,,,,,,,,,,,,,,,,,,,,,,,,,,,,,,,,,,,,,,,,,,,,,,,,,,,,,,,,,,,,,,,,,,,,,,,,,,,,,,,,,,,,,,,,,,,,,,,,,,,,,,,,,,,,,,,,No
,,,,,,,Tools,Industrial,General,,DWV9401,DWV9401 Dewalt Paper Bag - 5pk,-- Unbranded --,-- No Unilog Brand --,-- No DIB Brand --,Black & Decker/dewlt (2585),Black & Decker/dewlt,DeWalt,,DWV9401,DWV9401,Tools > Industrial > General,Black & Decker/dewlt DWV9401 Dewalt Paper Bag - 5pk,BLACK & DECKER/DEWLT DWV9401 DEWALT PAPER BAG - 5PK,Black & Decker/dewlt DWV9401 Dewalt Paper Bag - 5pk,Black & Decker/dewlt Dewalt Paper Bag - 5pk (MPN: DWV9401) in the Tools > Industrial > General category.,Black & Decker/dewlt Dewalt Paper Bag - 5pk (DWV9401) in Industrial.,Black & Decker/dewlt Dewalt Paper Bag - 5pk (DWV9401) in Industrial.,,,,,,,,,,,,,,,,,,,,,,,,,,,,,,,,,,,,,,,,,,,,,,,,,,,,,,,,,,,,,,,,,,,,,,,,,,,,,,,,,,,,,,,,,,,,,,,,,,,,,,,,,,,,,,,,,,,,,,,,,,,,,,,,,,,,,,,,,,,,,,,,,,,,,,,,,,,,,,,,,,,,,,,,,,,,,,,,,,,,,,,,,,,,,,,,,,,,,,,,,,,,,,,,,,,,,,,,,,,,,,,No
,,,,,,,Tools,Industrial,General,,578512,578512 Festool Dust Extractor-CT MIDI I HEPA,-- Unbranded --,-- No Unilog Brand --,-- No DIB Brand --,Festool USA (FESTO),Festool USA (FESTO),Festool,,578512,578512,Tools > Industrial > General,Festool USA 578512 Festool Dust Extractor-CT MIDI I HEPA,FESTOOL USA 578512 FESTOOL DUST EXTRACTOR-CT MIDI I HEPA,Festool USA 578512 Festool Dust Extractor-CT MIDI I HEPA,Festool USA Festool Dust Extractor-CT MIDI I HEPA (MPN: 578512) in the Tools > Industrial > General category.,Festool USA Festool Dust Extractor-CT MIDI I HEPA (578512) in Industrial.,Festool USA Festool Dust Extractor-CT MIDI I HEPA (578512) in Industrial.,,,,,,,,,,,,,,,,,,,,,,,,,,,,,,,,,,,,,,,,,,,,,,,,,,,,,,,,,,,,,,,,,,,,,,,,,,,,,,,,,,,,,,,,,,,,,,,,,,,,,,,,,,,,,,,,,,,,,,,,,,,,,,,,,,,,,,,,,,,,,,,,,,,,,,,,,,,,,,,,,,,,,,,,,,,,,,,,,,,,,,,,,,,,,,,,,,,,,,,,,,,,,,,,,,,,,,,,,,,,,,,No
,,,,,,,Tools,Industrial,General,,577871,577871 Festool Dust Extractor - CT 26,-- Unbranded --,-- No Unilog Brand --,-- No DIB Brand --,Festool USA (FESTO),Festool USA (FESTO),Festool,,577871,577871,Tools > Industrial > General,Festool USA 577871 Festool Dust Extractor - CT 26,FESTOOL USA 577871 FESTOOL DUST EXTRACTOR - CT 26,Festool USA 577871 Festool Dust Extractor - CT 26,Festool USA Festool Dust Extractor - CT 26 (MPN: 577871) in the Tools > Industrial > General category.,Festool USA Festool Dust Extractor - CT 26 (577871) in Industrial.,Festool USA Festool Dust Extractor - CT 26 (577871) in Industrial.,,,,,,,,,,,,,,,,,,,,,,,,,,,,,,,,,,,,,,,,,,,,,,,,,,,,,,,,,,,,,,,,,,,,,,,,,,,,,,,,,,,,,,,,,,,,,,,,,,,,,,,,,,,,,,,,,,,,,,,,,,,,,,,,,,,,,,,,,,,,,,,,,,,,,,,,,,,,,,,,,,,,,,,,,,,,,,,,,,,,,,,,,,,,,,,,,,,,,,,,,,,,,,,,,,,,,,,,,,,,,,,No
,,,,,,,Tools,Industrial,General,,577874,577874 Festool Dust Extractor - CT 36,-- Unbranded --,-- No Unilog Brand --,-- No DIB Brand --,Festool USA (FESTO),Festool USA (FESTO),Festool,,577874,577874,Tools > Industrial > General,Festool USA 577874 Festool Dust Extractor - CT 36,FESTOOL USA 577874 FESTOOL DUST EXTRACTOR - CT 36,Festool USA 577874 Festool Dust Extractor - CT 36,Festool USA Festool Dust Extractor - CT 36 (MPN: 577874) in the Tools > Industrial > General category.,Festool USA Festool Dust Extractor - CT 36 (577874) in Industrial.,Festool USA Festool Dust Extractor - CT 36 (577874) in Industrial.,,,,,,,,,,,,,,,,,,,,,,,,,,,,,,,,,,,,,,,,,,,,,,,,,,,,,,,,,,,,,,,,,,,,,,,,,,,,,,,,,,,,,,,,,,,,,,,,,,,,,,,,,,,,,,,,,,,,,,,,,,,,,,,,,,,,,,,,,,,,,,,,,,,,,,,,,,,,,,,,,,,,,,,,,,,,,,,,,,,,,,,,,,,,,,,,,,,,,,,,,,,,,,,,,,,,,,,,,,,,,,,No
,,,,,,,Tools,Industrial,General,,577876,577876 Festool Dust Extractor - CT 48,-- Unbranded --,-- No Unilog Brand --,-- No DIB Brand --,Festool USA (FESTO),Festool USA (FESTO),Festool,,577876,577876,Tools > Industrial > General,Festool USA 577876 Festool Dust Extractor - CT 48,FESTOOL USA 577876 FESTOOL DUST EXTRACTOR - CT 48,Festool USA 577876 Festool Dust Extractor - CT 48,Festool USA Festool Dust Extractor - CT 48 (MPN: 577876) in the Tools > Industrial > General category.,Festool USA Festool Dust Extractor - CT 48 (577876) in Industrial.,Festool USA Festool Dust Extractor - CT 48 (577876) in Industrial.,,,,,,,,,,,,,,,,,,,,,,,,,,,,,,,,,,,,,,,,,,,,,,,,,,,,,,,,,,,,,,,,,,,,,,,,,,,,,,,,,,,,,,,,,,,,,,,,,,,,,,,,,,,,,,,,,,,,,,,,,,,,,,,,,,,,,,,,,,,,,,,,,,,,,,,,,,,,,,,,,,,,,,,,,,,,,,,,,,,,,,,,,,,,,,,,,,,,,,,,,,,,,,,,,,,,,,,,,,,,,,,No
,,,,,,,Tools,Industrial,General,,578441,578441 Festool Dust Extractor-CT 15 HEPA,-- Unbranded --,-- No Unilog Brand --,-- No DIB Brand --,Festool USA (FESTO),Festool USA (FESTO),Festool,,578441,578441,Tools > Industrial > General,Festool USA 578441 Festool Dust Extractor-CT 15 HEPA,FESTOOL USA 578441 FESTOOL DUST EXTRACTOR-CT 15 HEPA,Festool USA 578441 Festool Dust Extractor-CT 15 HEPA,Festool USA Festool Dust Extractor-CT 15 HEPA (MPN: 578441) in the Tools > Industrial > General category.,Festool USA Festool Dust Extractor-CT 15 HEPA (578441) in Industrial.,Festool USA Festool Dust Extractor-CT 15 HEPA (578441) in Industrial.,,,,,,,,,,,,,,,,,,,,,,,,,,,,,,,,,,,,,,,,,,,,,,,,,,,,,,,,,,,,,,,,,,,,,,,,,,,,,,,,,,,,,,,,,,,,,,,,,,,,,,,,,,,,,,,,,,,,,,,,,,,,,,,,,,,,,,,,,,,,,,,,,,,,,,,,,,,,,,,,,,,,,,,,,,,,,,,,,,,,,,,,,,,,,,,,,,,,,,,,,,,,,,,,,,,,,,,,,,,,,,,No
,,,,,,,Tools,Industrial,General,,DCK225D2,DCK225D2 Dewalt Impact/Drill - Kit,-- Unbranded --,-- No Unilog Brand --,DEWALT,Black & Decker/dewlt (2585),Black & Decker/dewlt,DeWalt,,DCK225D2,DCK225D2,Tools > Industrial > General,Black & Decker/dewlt DCK225D2 Dewalt Impact/Drill - Kit,BLACK & DECKER/DEWLT DCK225D2 DEWALT IMPACT/DRILL - KIT,Black & Decker/dewlt DCK225D2 Dewalt Impact/Drill - Kit,Black & Decker/dewlt Dewalt Impact/Drill - Kit (MPN: DCK225D2) in the Tools > Industrial > General category.,Black & Decker/dewlt Dewalt Impact/Drill - Kit (DCK225D2) in Industrial.,Black & Decker/dewlt Dewalt Impact/Drill - Kit (DCK225D2) in Industrial.,,,,,,,,,,,,,,,,,,,,,,,,,,,,,,,,,,,,,,,,,,,,,,,,,,,,,,,,,,,,,,,,,,,,,,,,,,,,,,,,,,,,,,,,,,,,,,,,,,,,,,,,,,,,,,,,,,,,,,,,,,,,,,,,,,,,,,,,,,,,,,,,,,,,,,,,,,,,,,,,,,,,,,,,,,,,,,,,,,,,,,,,,,,,,,,,,,,,,,,,,,,,,,,,,,,,,,,,,,,,,,,No
,,,,,,,Tools,Industrial,General,,DCK2101QQ2,Dewalt DCK2101QQ2 20V 2Pc Kit,-- Unbranded --,-- No Unilog Brand --,-- No DIB Brand --,Black & Decker/dewlt (2585),Black & Decker/dewlt,DeWalt,,DCK2101QQ2,DCK2101QQ2,Tools > Industrial > General,Black & Decker/dewlt DCK2101QQ2 Dewalt DCK2101QQ2 20V 2Pc Kit,BLACK & DECKER/DEWLT DCK2101QQ2 DEWALT DCK2101QQ2 20V 2PC KI,Black & Decker/dewlt DCK2101QQ2 Dewalt DCK2101QQ2 20V 2Pc Kit,Black & Decker/dewlt Dewalt DCK2101QQ2 20V 2Pc Kit (MPN: DCK2101QQ2) in the Tools > Industrial > General category.,Black & Decker/dewlt Dewalt DCK2101QQ2 20V 2Pc Kit (DCK2101QQ2) in Industrial.,Black & Decker/dewlt Dewalt DCK2101QQ2 20V 2Pc Kit (DCK2101QQ2) in Industrial.,,,,,,,,,,,,,,,,,,,,,,,,,,,,,,,,,,,,,,,,,,,,,,,,,,,,,,,,,,,,,,,,,,,,,,,,,,,,,,,,,,,,,,,,,,,,,,,,,,,,,,,,,,,,,,,,,,,,,,,,,,,,,,,,,,,,,,,,,,,,,,,,,,,,,,,,,,,,,,,,,,,,,,,,,,,,,,,,,,,,,,,,,,,,,,,,,,,,,,,,,,,,,,,,,,,,,,,,,,,,,,,No
,,,,,,,Tools,Industrial,General,,4000-2/32,4000-2/32 DREMEL ROTARY TOOL,-- Unbranded --,-- No Unilog Brand --,Dremel,Robt Bosch Tool Corp (6564),Robt Bosch Tool Corp,,,4000-2/32,4000-2/32,Tools > Industrial > General,Robt Bosch Tool Corp 4000-2/32 DREMEL ROTARY TOOL,ROBT BOSCH TOOL CORP 4000-2/32 DREMEL ROTARY TOOL,Robt Bosch Tool Corp 4000-2/32 DREMEL ROTARY TOOL,Robt Bosch Tool Corp DREMEL ROTARY TOOL (MPN: 4000-2/32) in the Tools > Industrial > General category.,Robt Bosch Tool Corp DREMEL ROTARY TOOL (4000-2/32) in Industrial.,Robt Bosch Tool Corp DREMEL ROTARY TOOL (4000-2/32) in Industrial.,,,,,,,,,,,,,,,,,,,,,,,,,,,,,,,,,,,,,,,,,,,,,,,,,,,,,,,,,,,,,,,,,,,,,,,,,,,,,,,,,,,,,,,,,,,,,,,,,,,,,,,,,,,,,,,,,,,,,,,,,,,,,,,,,,,,,,,,,,,,,,,,,,,,,,,,,,,,,,,,,,,,,,,,,,,,,,,,,,,,,,,,,,,,,,,,,,,,,,,,,,,,,,,,,,,,,,,,,,,,,,,No
,,,,,,,Tools,Industrial,General,,3100-1/15,3100-1/15 Dremel Rotary Tool - Kit 15pc,-- Unbranded --,-- No Unilog Brand --,Dremel,Robt Bosch Tool Corp (6564),Robt Bosch Tool Corp,,,3100-1/15,3100-1/15,Tools > Industrial > General,Robt Bosch Tool Corp 3100-1/15 Dremel Rotary Tool - Kit 15pc,ROBT BOSCH TOOL CORP 3100-1/15 DREMEL ROTARY TOOL - KIT 15PC,Robt Bosch Tool Corp 3100-1/15 Dremel Rotary Tool - Kit 15pc,Robt Bosch Tool Corp Dremel Rotary Tool - Kit 15pc (MPN: 3100-1/15) in the Tools > Industrial > General category.,Robt Bosch Tool Corp Dremel Rotary Tool - Kit 15pc (3100-1/15) in Industrial.,Robt Bosch Tool Corp Dremel Rotary Tool - Kit 15pc (3100-1/15) in Industrial.,,,,,,,,,,,,,,,,,,,,,,,,,,,,,,,,,,,,,,,,,,,,,,,,,,,,,,,,,,,,,,,,,,,,,,,,,,,,,,,,,,,,,,,,,,,,,,,,,,,,,,,,,,,,,,,,,,,,,,,,,,,,,,,,,,,,,,,,,,,,,,,,,,,,,,,,,,,,,,,,,,,,,,,,,,,,,,,,,,,,,,,,,,,,,,,,,,,,,,,,,,,,,,,,,,,,,,,,,,,,,,,No
,,,,,,,Tools,Industrial,General,,T-90043,T-90043 Deep Medium Organizer,-- Unbranded --,-- No Unilog Brand --,-- No DIB Brand --,Makita Usa Inc (5142),Makita Usa Inc,,,T-90043,T-90043,Tools > Industrial > General,Makita Usa Inc T-90043 Deep Medium Organizer,MAKITA USA INC T-90043 DEEP MEDIUM ORGANIZER,Makita Usa Inc T-90043 Deep Medium Organizer,Makita Usa Inc Deep Medium Organizer (MPN: T-90043) in the Tools > Industrial > General category.,Makita Usa Inc Deep Medium Organizer (T-90043) in Industrial.,Makita Usa Inc Deep Medium Organizer (T-90043) in Industrial.,,,,,,,,,,,,,,,,,,,,,,,,,,,,,,,,,,,,,,,,,,,,,,,,,,,,,,,,,,,,,,,,,,,,,,,,,,,,,,,,,,,,,,,,,,,,,,,,,,,,,,,,,,,,,,,,,,,,,,,,,,,,,,,,,,,,,,,,,,,,,,,,,,,,,,,,,,,,,,,,,,,,,,,,,,,,,,,,,,,,,,,,,,,,,,,,,,,,,,,,,,,,,,,,,,,,,,,,,,,,,,,No
,,,,,,,Tools,Industrial,General,,T-90059,T-90059 Low Profile Medium - Organizer,-- Unbranded --,-- No Unilog Brand --,-- No DIB Brand --,Makita Usa Inc (5142),Makita Usa Inc,,,T-90059,T-90059,Tools > Industrial > General,Makita Usa Inc T-90059 Low Profile Medium - Organizer,MAKITA USA INC T-90059 LOW PROFILE MEDIUM - ORGANIZER,Makita Usa Inc T-90059 Low Profile Medium - Organizer,Makita Usa Inc Low Profile Medium - Organizer (MPN: T-90059) in the Tools > Industrial > General category.,Makita Usa Inc Low Profile Medium - Organizer (T-90059) in Industrial.,Makita Usa Inc Low Profile Medium - Organizer (T-90059) in Industrial.,,,,,,,,,,,,,,,,,,,,,,,,,,,,,,,,,,,,,,,,,,,,,,,,,,,,,,,,,,,,,,,,,,,,,,,,,,,,,,,,,,,,,,,,,,,,,,,,,,,,,,,,,,,,,,,,,,,,,,,,,,,,,,,,,,,,,,,,,,,,,,,,,,,,,,,,,,,,,,,,,,,,,,,,,,,,,,,,,,,,,,,,,,,,,,,,,,,,,,,,,,,,,,,,,,,,,,,,,,,,,,,No
,,,,,,,Tools,Industrial,General,,T-90065,T-90065 Deep Compact Organizer,-- Unbranded --,-- No Unilog Brand --,-- No DIB Brand --,Makita Usa Inc (5142),Makita Usa Inc,,,T-90065,T-90065,Tools > Industrial > General,Makita Usa Inc T-90065 Deep Compact Organizer,MAKITA USA INC T-90065 DEEP COMPACT ORGANIZER,Makita Usa Inc T-90065 Deep Compact Organizer,Makita Usa Inc Deep Compact Organizer (MPN: T-90065) in the Tools > Industrial > General category.,Makita Usa Inc Deep Compact Organizer (T-90065) in Industrial.,Makita Usa Inc Deep Compact Organizer (T-90065) in Industrial.,,,,,,,,,,,,,,,,,,,,,,,,,,,,,,,,,,,,,,,,,,,,,,,,,,,,,,,,,,,,,,,,,,,,,,,,,,,,,,,,,,,,,,,,,,,,,,,,,,,,,,,,,,,,,,,,,,,,,,,,,,,,,,,,,,,,,,,,,,,,,,,,,,,,,,,,,,,,,,,,,,,,,,,,,,,,,,,,,,,,,,,,,,,,,,,,,,,,,,,,,,,,,,,,,,,,,,,,,,,,,,,No
,,,,,,,Tools,Industrial,General,,10047VS,10047VS Oliver 3HP 230V 1PH Shaper 1-1/4 Spindle,-- Unbranded --,-- No Unilog Brand --,-- No DIB Brand --,Oliver Machinery Company (OLIMA),Oliver Machinery Company (OLIMA),,,10047VS,10047VS,Tools > Industrial > General,Oliver Machinery Company 10047VS Oliver 3HP 230V 1PH Shaper 1-1/4 Spindle,OLIVER MACHINERY COMPANY 10047VS OLIVER 3HP 230V 1PH SHAPER,Oliver Machinery Company 10047VS Oliver 3HP 230V 1PH Shaper 1-1/4 Spindle,Oliver Machinery Company Oliver 3HP 230V 1PH Shaper 1-1/4 Spindle (MPN: 10047VS) in the Tools > Industrial > General category.,Oliver Machinery Company Oliver 3HP 230V 1PH Shaper 1-1/4 Spindle (10047VS) in Industrial.,Oliver Machinery Company Oliver 3HP 230V 1PH Shaper 1-1/4 Spindle (10047VS) in Industrial.,,,,,,,,,,,,,,,,,,,,,,,,,,,,,,,,,,,,,,,,,,,,,,,,,,,,,,,,,,,,,,,,,,,,,,,,,,,,,,,,,,,,,,,,,,,,,,,,,,,,,,,,,,,,,,,,,,,,,,,,,,,,,,,,,,,,,,,,,,,,,,,,,,,,,,,,,,,,,,,,,,,,,,,,,,,,,,,,,,,,,,,,,,,,,,,,,,,,,,,,,,,,,,,,,,,,,,,,,,,,,,,No
,,,,,,,Tools,Industrial,General,,MAG:2044-230-1,2044-230-1 Stock Feeder 4-Roll - Steff,-- Unbranded --,-- No Unilog Brand --,-- No DIB Brand --,J&G Machinery (JGMAC),J&G Machinery (JGMAC),,,MAG:2044-230-1,MAG:2044-230-1,Tools > Industrial > General,J&G Machinery MAG:2044-230-1 2044-230-1 Stock Feeder 4-Roll - Steff,J&G MACHINERY MAG:2044-230-1 2044-230-1 STOCK FEEDER 4-ROLL,J&G Machinery MAG:2044-230-1 2044-230-1 Stock Feeder 4-Roll - Steff,J&G Machinery 2044-230-1 Stock Feeder 4-Roll - Steff (MPN: MAG:2044-230-1) in the Tools > Industrial > General category.,J&G Machinery 2044-230-1 Stock Feeder 4-Roll - Steff (MAG:2044-230-1) in Industrial.,J&G Machinery 2044-230-1 Stock Feeder 4-Roll - Steff (MAG:2044-230-1) in Industrial.,,,,,,,,,,,,,,,,,,,,,,,,,,,,,,,,,,,,,,,,,,,,,,,,,,,,,,,,,,,,,,,,,,,,,,,,,,,,,,,,,,,,,,,,,,,,,,,,,,,,,,,,,,,,,,,,,,,,,,,,,,,,,,,,,,,,,,,,,,,,,,,,,,,,,,,,,,,,,,,,,,,,,,,,,,,,,,,,,,,,,,,,,,,,,,,,,,,,,,,,,,,,,,,,,,,,,,,,,,,,,,,No
,,,,,,,Tools,Industrial,General,,XTP242,"42"" XTP XTENDER PRO Fence - XTP242",-- Unbranded --,-- No Unilog Brand --,-- No DIB Brand --,Bow Products (BOWPR),Bow Products (BOWPR),,,XTP242,XTP242,Tools > Industrial > General,"Bow Products XTP242 42"" XTP XTENDER PRO Fence - XTP242","BOW PRODUCTS XTP242 42"" XTP XTENDER PRO FENCE - XTP242","Bow Products XTP242 42"" XTP XTENDER PRO Fence - XTP242","Bow Products 42"" XTP XTENDER PRO Fence - XTP242 (MPN: XTP242) in the Tools > Industrial > General category.","Bow Products 42"" XTP XTENDER PRO Fence - XTP242 (XTP242) in Industrial.","Bow Products 42"" XTP XTENDER PRO Fence - XTP242 (XTP242) in Industrial.",,,,,,,,,,,,,,,,,,,,,,,,,,,,,,,,,,,,,,,,,,,,,,,,,,,,,,,,,,,,,,,,,,,,,,,,,,,,,,,,,,,,,,,,,,,,,,,,,,,,,,,,,,,,,,,,,,,,,,,,,,,,,,,,,,,,,,,,,,,,,,,,,,,,,,,,,,,,,,,,,,,,,,,,,,,,,,,,,,,,,,,,,,,,,,,,,,,,,,,,,,,,,,,,,,,,,,,,,,,,,,,No
,,,,,,,Tools,Industrial,General,,AAS-P,AAS-P Align-A-Saw Plate Only,-- Unbranded --,-- No Unilog Brand --,-- No DIB Brand --,Woodpeckers Inc (WOODP),Woodpeckers Inc (WOODP),,,AAS-P,AAS-P,Tools > Industrial > General,Woodpeckers Inc AAS-P Align-A-Saw Plate Only,WOODPECKERS INC AAS-P ALIGN-A-SAW PLATE ONLY,Woodpeckers Inc AAS-P Align-A-Saw Plate Only,Woodpeckers Inc Align-A-Saw Plate Only (MPN: AAS-P) in the Tools > Industrial > General category.,Woodpeckers Inc Align-A-Saw Plate Only (AAS-P) in Industrial.,Woodpeckers Inc Align-A-Saw Plate Only (AAS-P) in Industrial.,,,,,,,,,,,,,,,,,,,,,,,,,,,,,,,,,,,,,,,,,,,,,,,,,,,,,,,,,,,,,,,,,,,,,,,,,,,,,,,,,,,,,,,,,,,,,,,,,,,,,,,,,,,,,,,,,,,,,,,,,,,,,,,,,,,,,,,,,,,,,,,,,,,,,,,,,,,,,,,,,,,,,,,,,,,,,,,,,,,,,,,,,,,,,,,,,,,,,,,,,,,,,,,,,,,,,,,,,,,,,,,No
,,,,,,,Tools,Industrial,General,,SSCMS,SSCMS Stealthstop Miter Sled,-- Unbranded --,-- No Unilog Brand --,-- No DIB Brand --,Woodpeckers Inc (WOODP),Woodpeckers Inc (WOODP),,,SSCMS,SSCMS,Tools > Industrial > General,Woodpeckers Inc SSCMS Stealthstop Miter Sled,WOODPECKERS INC SSCMS STEALTHSTOP MITER SLED,Woodpeckers Inc SSCMS Stealthstop Miter Sled,Woodpeckers Inc Stealthstop Miter Sled (MPN: SSCMS) in the Tools > Industrial > General category.,Woodpeckers Inc Stealthstop Miter Sled (SSCMS) in Industrial.,Woodpeckers Inc Stealthstop Miter Sled (SSCMS) in Industrial.,,,,,,,,,,,,,,,,,,,,,,,,,,,,,,,,,,,,,,,,,,,,,,,,,,,,,,,,,,,,,,,,,,,,,,,,,,,,,,,,,,,,,,,,,,,,,,,,,,,,,,,,,,,,,,,,,,,,,,,,,,,,,,,,,,,,,,,,,,,,,,,,,,,,,,,,,,,,,,,,,,,,,,,,,,,,,,,,,,,,,,,,,,,,,,,,,,,,,,,,,,,,,,,,,,,,,,,,,,,,,,,No
,,,,,,,Tools,Industrial,General,,4225.201,"4225.201 Oliver 6"" HH Jointer Paralleogram",-- Unbranded --,-- No Unilog Brand --,-- No DIB Brand --,Oliver Machinery Company (OLIMA),Oliver Machinery Company (OLIMA),,,4225.201,4225.201,Tools > Industrial > General,"Oliver Machinery Company 4225.201 Oliver 6"" HH Jointer Paralleogram","OLIVER MACHINERY COMPANY 4225.201 OLIVER 6"" HH JOINTER PARAL","Oliver Machinery Company 4225.201 Oliver 6"" HH Jointer Paralleogram","Oliver Machinery Company Oliver 6"" HH Jointer Paralleogram (MPN: 4225.201) in the Tools > Industrial > General category.","Oliver Machinery Company Oliver 6"" HH Jointer Paralleogram (4225.201) in Industrial.","Oliver Machinery Company Oliver 6"" HH Jointer Paralleogram (4225.201) in Industrial.",,,,,,,,,,,,,,,,,,,,,,,,,,,,,,,,,,,,,,,,,,,,,,,,,,,,,,,,,,,,,,,,,,,,,,,,,,,,,,,,,,,,,,,,,,,,,,,,,,,,,,,,,,,,,,,,,,,,,,,,,,,,,,,,,,,,,,,,,,,,,,,,,,,,,,,,,,,,,,,,,,,,,,,,,,,,,,,,,,,,,,,,,,,,,,,,,,,,,,,,,,,,,,,,,,,,,,,,,,,,,,,No
,,,,,,,Tools,Industrial,General,,KC-426C,"KC-426C 12"" Portable Planer",-- Unbranded --,-- No Unilog Brand --,-- No DIB Brand --,King Canada Inc (KINCA),King Canada Inc (KINCA),,,KC-426C,KC-426C,Tools > Industrial > General,"King Canada Inc KC-426C 12"" Portable Planer","KING CANADA INC KC-426C 12"" PORTABLE PLANER","King Canada Inc KC-426C 12"" Portable Planer","King Canada Inc 12"" Portable Planer (MPN: KC-426C) in the Tools > Industrial > General category.","King Canada Inc 12"" Portable Planer (KC-426C) in Industrial.","King Canada Inc 12"" Portable Planer (KC-426C) in Industrial.",,,,,,,,,,,,,,,,,,,,,,,,,,,,,,,,,,,,,,,,,,,,,,,,,,,,,,,,,,,,,,,,,,,,,,,,,,,,,,,,,,,,,,,,,,,,,,,,,,,,,,,,,,,,,,,,,,,,,,,,,,,,,,,,,,,,,,,,,,,,,,,,,,,,,,,,,,,,,,,,,,,,,,,,,,,,,,,,,,,,,,,,,,,,,,,,,,,,,,,,,,,,,,,,,,,,,,,,,,,,,,,No
,,,,,,,Tools,Industrial,General,,10045.201,"10045.201 Oliver 13"" Benchtop Planer 2HP,115V 1Ph",-- Unbranded --,-- No Unilog Brand --,-- No DIB Brand --,Oliver Machinery Company (OLIMA),Oliver Machinery Company (OLIMA),,,10045.201,10045.201,Tools > Industrial > General,"Oliver Machinery Company 10045.201 Oliver 13"" Benchtop Planer 2HP,115V 1Ph","OLIVER MACHINERY COMPANY 10045.201 OLIVER 13"" BENCHTOP PLANE","Oliver Machinery Company 10045.201 Oliver 13"" Benchtop Planer 2HP,115V 1Ph","Oliver Machinery Company Oliver 13"" Benchtop Planer 2HP,115V 1Ph (MPN: 10045.201) in the Tools > Industrial > General category.","Oliver Machinery Company Oliver 13"" Benchtop Planer 2HP,115V 1Ph (10045.201) in Industrial.","Oliver Machinery Company Oliver 13"" Benchtop Planer 2HP,115V 1Ph (10045.201) in Industrial.",,,,,,,,,,,,,,,,,,,,,,,,,,,,,,,,,,,,,,,,,,,,,,,,,,,,,,,,,,,,,,,,,,,,,,,,,,,,,,,,,,,,,,,,,,,,,,,,,,,,,,,,,,,,,,,,,,,,,,,,,,,,,,,,,,,,,,,,,,,,,,,,,,,,,,,,,,,,,,,,,,,,,,,,,,,,,,,,,,,,,,,,,,,,,,,,,,,,,,,,,,,,,,,,,,,,,,,,,,,,,,,No
,,,,,,,Tools,Industrial,General,,10014.201,"10014.201 Oliver 15"" Planer 3HP 1Ph 220V",-- Unbranded --,-- No Unilog Brand --,-- No DIB Brand --,Oliver Machinery Company (OLIMA),Oliver Machinery Company (OLIMA),,,10014.201,10014.201,Tools > Industrial > General,"Oliver Machinery Company 10014.201 Oliver 15"" Planer 3HP 1Ph 220V","OLIVER MACHINERY COMPANY 10014.201 OLIVER 15"" PLANER 3HP 1PH","Oliver Machinery Company 10014.201 Oliver 15"" Planer 3HP 1Ph 220V","Oliver Machinery Company Oliver 15"" Planer 3HP 1Ph 220V (MPN: 10014.201) in the Tools > Industrial > General category.","Oliver Machinery Company Oliver 15"" Planer 3HP 1Ph 220V (10014.201) in Industrial.","Oliver Machinery Company Oliver 15"" Planer 3HP 1Ph 220V (10014.201) in Industrial.",,,,,,,,,,,,,,,,,,,,,,,,,,,,,,,,,,,,,,,,,,,,,,,,,,,,,,,,,,,,,,,,,,,,,,,,,,,,,,,,,,,,,,,,,,,,,,,,,,,,,,,,,,,,,,,,,,,,,,,,,,,,,,,,,,,,,,,,,,,,,,,,,,,,,,,,,,,,,,,,,,,,,,,,,,,,,,,,,,,,,,,,,,,,,,,,,,,,,,,,,,,,,,,,,,,,,,,,,,,,,,,No
,,,,,,,Tools,Industrial,General,,4430.201,"4430.201 Oliver 20"" Planer 5HP 1Ph 230V",-- Unbranded --,-- No Unilog Brand --,-- No DIB Brand --,Oliver Machinery Company (OLIMA),Oliver Machinery Company (OLIMA),,,4430.201,4430.201,Tools > Industrial > General,"Oliver Machinery Company 4430.201 Oliver 20"" Planer 5HP 1Ph 230V","OLIVER MACHINERY COMPANY 4430.201 OLIVER 20"" PLANER 5HP 1PH","Oliver Machinery Company 4430.201 Oliver 20"" Planer 5HP 1Ph 230V","Oliver Machinery Company Oliver 20"" Planer 5HP 1Ph 230V (MPN: 4430.201) in the Tools > Industrial > General category.","Oliver Machinery Company Oliver 20"" Planer 5HP 1Ph 230V (4430.201) in Industrial.","Oliver Machinery Company Oliver 20"" Planer 5HP 1Ph 230V (4430.201) in Industrial.",,,,,,,,,,,,,,,,,,,,,,,,,,,,,,,,,,,,,,,,,,,,,,,,,,,,,,,,,,,,,,,,,,,,,,,,,,,,,,,,,,,,,,,,,,,,,,,,,,,,,,,,,,,,,,,,,,,,,,,,,,,,,,,,,,,,,,,,,,,,,,,,,,,,,,,,,,,,,,,,,,,,,,,,,,,,,,,,,,,,,,,,,,,,,,,,,,,,,,,,,,,,,,,,,,,,,,,,,,,,,,,No
,,,,,,,Tools,Industrial,General,,10055.201,"10055.201 Oliver 15"" Benchtop Planer 2.5HP 1Ph 230V",-- Unbranded --,-- No Unilog Brand --,-- No DIB Brand --,Oliver Machinery Company (OLIMA),Oliver Machinery Company (OLIMA),,,10055.201,10055.201,Tools > Industrial > General,"Oliver Machinery Company 10055.201 Oliver 15"" Benchtop Planer 2.5HP 1Ph 230V","OLIVER MACHINERY COMPANY 10055.201 OLIVER 15"" BENCHTOP PLANE","Oliver Machinery Company 10055.201 Oliver 15"" Benchtop Planer 2.5HP 1Ph 230V","Oliver Machinery Company Oliver 15"" Benchtop Planer 2.5HP 1Ph 230V (MPN: 10055.201) in the Tools > Industrial > General category.","Oliver Machinery Company Oliver 15"" Benchtop Planer 2.5HP 1Ph 230V (10055.201) in Industrial.","Oliver Machinery Company Oliver 15"" Benchtop Planer 2.5HP 1Ph 230V (10055.201) in Industrial.",,,,,,,,,,,,,,,,,,,,,,,,,,,,,,,,,,,,,,,,,,,,,,,,,,,,,,,,,,,,,,,,,,,,,,,,,,,,,,,,,,,,,,,,,,,,,,,,,,,,,,,,,,,,,,,,,,,,,,,,,,,,,,,,,,,,,,,,,,,,,,,,,,,,,,,,,,,,,,,,,,,,,,,,,,,,,,,,,,,,,,,,,,,,,,,,,,,,,,,,,,,,,,,,,,,,,,,,,,,,,,,No
,,,,,,,Tools,Industrial,General,,T27417,T27417 Grizzly OscillatingEdge - Belt and Spindle Sander,-- Unbranded --,-- No Unilog Brand --,-- No DIB Brand --,Woodstock Intl (3658),Woodstock Intl,,,T27417,T27417,Tools > Industrial > General,Woodstock Intl T27417 Grizzly OscillatingEdge - Belt and Spindle Sander,WOODSTOCK INTL T27417 GRIZZLY OSCILLATINGEDGE - BELT AND SPI,Woodstock Intl T27417 Grizzly OscillatingEdge - Belt and Spindle Sander,Woodstock Intl Grizzly OscillatingEdge - Belt and Spindle Sander (MPN: T27417) in the Tools > Industrial > General category.,Woodstock Intl Grizzly OscillatingEdge - Belt and Spindle Sander (T27417) in Industrial.,Woodstock Intl Grizzly OscillatingEdge - Belt and Spindle Sander (T27417) in Industrial.,,,,,,,,,,,,,,,,,,,,,,,,,,,,,,,,,,,,,,,,,,,,,,,,,,,,,,,,,,,,,,,,,,,,,,,,,,,,,,,,,,,,,,,,,,,,,,,,,,,,,,,,,,,,,,,,,,,,,,,,,,,,,,,,,,,,,,,,,,,,,,,,,,,,,,,,,,,,,,,,,,,,,,,,,,,,,,,,,,,,,,,,,,,,,,,,,,,,,,,,,,,,,,,,,,,,,,,,,,,,,,,No
